episode,local_start,model_step,low_level_time,is_context,transition_category,ground_truth_contact,ground_truth_block_displacement_px,ground_truth_block_angle_displacement_deg,latent_mse,conv_ceiling_psnr_db,conv_prediction_psnr_db,conv_ceiling_ssim,conv_prediction_ssim,conv_ceiling_foreground_iou,conv_prediction_foreground_iou,agent_ceiling_error_px,agent_prediction_error_px,block_ceiling_error_px,block_prediction_error_px,block_ceiling_angle_error_deg,block_prediction_angle_error_deg,block_excess_error_px,block_excess_angle_error_deg
453,28,0,0,True,initial,True,0.0,0.0,2.6552333465615363e-13,29.20166778564453,29.201553344726562,0.9382394552230835,0.9382397532463074,0.8231455087661743,0.8231455087661743,4.854285717010498,4.854316234588623,3.212599515914917,3.2126412391662598,0.001618754817172885,0.001618754817172885,4.172325134277344e-05,0.0
453,28,1,5,True,effective_push,True,16.711441040039062,9.640442848205566,1.0219451153370418e-13,29.530031204223633,29.530139923095703,0.941125214099884,0.9411260485649109,0.8269838690757751,0.8269838690757751,1.0844422578811646,1.0844422578811646,2.9788804054260254,2.9788804054260254,0.17879045009613037,0.17878703773021698,0.0,-3.4123659133911133e-06
453,28,2,10,True,effective_push,True,22.87349510192871,11.773210525512695,1.0441562843304872e-13,29.206279754638672,29.206195831298828,0.9401294589042664,0.9401291608810425,0.8097578883171082,0.8097578883171082,3.3369555473327637,3.3369555473327637,1.5190761089324951,1.5191212892532349,1.5535367727279663,1.5535367727279663,4.5180320739746094e-05,0.0
453,28,3,15,False,effective_push,True,11.119545936584473,4.428831100463867,0.0038041132502257824,29.327045440673828,29.122314453125,0.9406176805496216,0.9393170475959778,0.8064278960227966,0.8029637932777405,3.860830307006836,4.045209884643555,3.5558245182037354,2.1502439975738525,0.2684127688407898,0.5192856192588806,-1.4055805206298828,0.2508728504180908
453,28,4,20,False,free_motion,False,0.0,0.0,0.012074711732566357,27.567459106445312,26.622751235961914,0.934529185295105,0.9298995733261108,0.7793360352516174,0.765570342540741,14.284547805786133,15.945460319519043,6.5082011222839355,3.2752461433410645,0.2503640055656433,0.10760962963104248,-3.232954978942871,-0.14275437593460083
453,28,5,25,False,free_motion,False,0.0,0.0,0.013168692588806152,28.217453002929688,26.902328491210938,0.9362425208091736,0.9307315349578857,0.7890681028366089,0.7730007171630859,10.257889747619629,3.0894689559936523,4.350358009338379,1.4240621328353882,0.39639344811439514,0.17860262095928192,-2.926295757293701,-0.21779082715511322
453,28,6,30,False,free_motion,False,0.0,0.0,0.014900056645274162,29.07042694091797,27.63290023803711,0.9391457438468933,0.9330247044563293,0.8004366159439087,0.7824681401252747,3.831413984298706,9.092175483703613,1.2150670289993286,4.273742198944092,0.5849545001983643,0.7810423970222473,3.0586752891540527,0.19608789682388306
453,28,7,35,False,free_motion,False,0.0,0.0,0.017741596326231956,29.06120491027832,27.577468872070312,0.9395824670791626,0.9333917498588562,0.7988735437393188,0.7826712131500244,4.400451183319092,10.963669776916504,1.3379956483840942,6.492010116577148,0.5742549896240234,0.6957708597183228,5.154014587402344,0.12151587009429932
721,14,0,0,True,initial,False,0.0,0.0,1.5758129122325076e-13,26.95354461669922,26.95354461669922,0.9262271523475647,0.9262275695800781,0.7905713319778442,0.7905713319778442,5.424118518829346,5.424053192138672,1.829893946647644,1.829893946647644,0.19273428618907928,0.19273428618907928,0.0,0.0
721,14,1,5,True,free_motion,False,0.0,0.0,2.1894316329547359e-13,26.9905948638916,26.990589141845703,0.9264897704124451,0.9264891743659973,0.7914698719978333,0.7914698719978333,2.606926441192627,2.606823444366455,3.142709255218506,3.14261794090271,0.5576439499855042,0.5576303005218506,-9.131431579589844e-05,-1.3649463653564453e-05
721,14,2,10,True,free_motion,False,0.0,0.0,1.5038468246294373e-13,27.41924285888672,27.41914939880371,0.9260860085487366,0.9260845184326172,0.8009238839149475,0.8009238839149475,4.443111896514893,4.443129062652588,4.793694019317627,4.793721675872803,0.7770842909812927,0.7770842909812927,2.765655517578125e-05,0.0
721,14,3,15,False,effective_push,True,18.861431121826172,13.34045124053955,0.0033166338689625263,27.742229461669922,27.35874366760254,0.9280607104301453,0.9233359098434448,0.8045942783355713,0.8022943735122681,8.751352310180664,7.136574745178223,8.83813190460205,5.4696784019470215,4.2201828956604,3.9653756618499756,-3.3684535026550293,-0.2548072338104248
721,14,4,20,False,effective_push,True,24.95077133178711,19.1458797454834,0.00531550869345665,27.815465927124023,28.129865646362305,0.927095353603363,0.9290655255317688,0.806734561920166,0.810385525226593,8.153688430786133,12.09934139251709,6.794919013977051,8.169795989990234,0.9000823497772217,0.17880752682685852,1.3748769760131836,-0.7212748527526855
721,14,5,25,False,effective_push,True,21.085275650024414,15.622130393981934,0.007155734114348888,28.26124382019043,28.09508514404297,0.9315844774246216,0.9306756854057312,0.8035264611244202,0.8013838529586792,2.63783860206604,1.8798601627349854,4.1944146156311035,8.292202949523926,2.5214600563049316,1.4636480808258057,4.097788333892822,-1.057811975479126
721,14,6,30,False,effective_push,True,2.803936719894409,1.8460360765457153,0.00991881638765335,27.29471206665039,26.872325897216797,0.926933228969574,0.9253178834915161,0.799136757850647,0.7951511144638062,6.504767417907715,5.774129390716553,5.145139694213867,8.833085060119629,0.26245686411857605,2.5016660690307617,3.6879453659057617,2.2392091751098633
721,14,7,35,False,free_motion,False,0.0,0.0,0.01706952601671219,26.623430252075195,25.7454891204834,0.9248843789100647,0.9200712442398071,0.7849349975585938,0.7757189273834229,3.0089001655578613,5.178802967071533,4.041635036468506,5.016839504241943,2.1189773082733154,4.372154235839844,0.9752044677734375,2.2531769275665283
1161,11,0,0,True,initial,False,0.0,0.0,1.373041627226665e-13,24.335773468017578,24.335601806640625,0.9083379507064819,0.9083376526832581,0.7492256164550781,0.7492256164550781,4.676912307739258,4.676871299743652,3.686065196990967,3.6860878467559814,0.7039466500282288,0.7039568424224854,2.2649765014648438e-05,1.0192394256591797e-05
1161,11,1,5,True,free_motion,False,0.0,0.0,1.9004517740322385e-13,25.646045684814453,25.646305084228516,0.9117999076843262,0.9118009805679321,0.7736346125602722,0.7736346125602722,5.039974689483643,5.0399556159973145,3.093451499938965,3.093468427658081,0.25938326120376587,0.25937986373901367,1.6927719116210938e-05,-3.3974647521972656e-06
1161,11,2,10,True,free_motion,False,0.0,0.0,1.284197357828698e-13,25.670703887939453,25.670730590820312,0.9157615303993225,0.915761411190033,0.7740951180458069,0.7740951180458069,15.369690895080566,15.369690895080566,0.7693238258361816,0.7692835330963135,1.163416862487793,1.1633963584899902,-4.029273986816406e-05,-2.0503997802734375e-05
1161,11,3,15,False,free_motion,False,0.0,0.0,0.002735726535320282,26.41802978515625,26.595020294189453,0.9185693264007568,0.9198076725006104,0.7891021966934204,0.7895777225494385,9.654353141784668,3.311551570892334,4.947147846221924,5.28729248046875,0.6222780346870422,1.596864104270935,0.34014463424682617,0.9745860695838928
1161,11,4,20,False,contact_no_motion,True,0.0,0.0,0.009360672906041145,26.33283233642578,26.243515014648438,0.9159637093544006,0.9156002998352051,0.7997126579284668,0.791827380657196,6.62271785736084,4.804294109344482,12.444914817810059,10.127949714660645,0.3204485774040222,0.8164091110229492,-2.316965103149414,0.495960533618927
1161,11,5,25,False,effective_push,True,22.600200653076172,2.238485097885132,0.011235484853386879,27.669946670532227,26.939096450805664,0.9277995228767395,0.9191588163375854,0.8137397766113281,0.806994616985321,2.460336685180664,3.7723145484924316,6.021955490112305,5.926255702972412,0.6454699635505676,0.02529219165444374,-0.09569978713989258,-0.6201777458190918
1161,11,6,30,False,effective_push,True,25.729019165039062,3.626201868057251,0.023658379912376404,28.490230560302734,27.16710090637207,0.9337323904037476,0.9190824031829834,0.8181002140045166,0.8100625276565552,2.9519474506378174,0.4754791557788849,8.586562156677246,6.493459701538086,0.2688430845737457,1.0893605947494507,-2.09310245513916,0.8205175399780273
1161,11,7,35,False,effective_push,True,26.766733169555664,6.866525173187256,0.04636954516172409,28.756759643554688,28.126052856445312,0.9363616108894348,0.9283075332641602,0.8184610605239868,0.8167024850845337,1.3872764110565186,4.931096076965332,2.0864126682281494,3.708635091781616,0.24909016489982605,0.4054878354072571,1.6222224235534668,0.15639767050743103
1251,32,0,0,True,initial,True,0.0,0.0,1.0477670163780428e-13,26.674991607666016,26.675003051757812,0.9182718396186829,0.9182729721069336,0.7932023406028748,0.7932023406028748,9.158428192138672,9.158416748046875,2.8293657302856445,2.829357147216797,2.1412506103515625,2.1412506103515625,-8.58306884765625e-06,0.0
1251,32,1,5,True,effective_push,True,20.33188247680664,34.555850982666016,1.0851298429693373e-13,26.701459884643555,26.701452255249023,0.9193511605262756,0.9193522930145264,0.7897406816482544,0.7897406816482544,13.997237205505371,13.997231483459473,5.276153087615967,5.276147842407227,1.1434146165847778,1.143401026725769,-5.245208740234375e-06,-1.3589859008789062e-05
1251,32,2,10,True,effective_push,True,2.955514669418335,24.099050521850586,9.282998631940376e-14,26.671329498291016,26.671184539794922,0.919735312461853,0.9197340607643127,0.7915259003639221,0.7915259003639221,2.6883747577667236,2.6883480548858643,3.907198905944824,3.9071907997131348,0.6298322677612305,0.6298254132270813,-8.106231689453125e-06,-6.854534149169922e-06
1251,32,3,15,False,effective_push,True,1.302107572555542,20.48478889465332,0.004151569213718176,27.731807708740234,27.008949279785156,0.9284418821334839,0.9215306639671326,0.8093858361244202,0.805322527885437,1.5227876901626587,2.7258124351501465,2.663501501083374,2.5863044261932373,0.7101826071739197,1.61370050907135,-0.07719707489013672,0.9035179018974304
1251,32,4,20,False,effective_push,True,3.913463830947876,18.764413833618164,0.013921402394771576,28.28678321838379,27.62598419189453,0.9320054650306702,0.9255988597869873,0.818304181098938,0.817294716835022,1.569057822227478,3.0251407623291016,5.596661567687988,3.6929922103881836,0.9732199907302856,1.7078137397766113,-1.9036693572998047,0.7345937490463257
1251,32,5,25,False,effective_push,True,3.3253703117370605,9.222790718078613,0.024027206003665924,27.892045974731445,26.99518394470215,0.9288302659988403,0.9214722514152527,0.8170768618583679,0.8054757118225098,1.0096819400787354,3.830850124359131,2.926818370819092,2.5313873291015625,0.13318869471549988,3.337486505508423,-0.3954310417175293,3.2042977809906006
1251,32,6,30,False,free_motion,False,0.0,0.0,0.029783423990011215,28.201215744018555,26.086620330810547,0.9303480982780457,0.915237307548523,0.8130756616592407,0.7895287871360779,2.7493536472320557,6.117959022521973,1.5840818881988525,1.267831563949585,0.1463436335325241,2.9827094078063965,-0.3162503242492676,2.8363656997680664
1251,32,7,35,False,effective_push,True,3.785618543624878,1.4767004251480103,0.03202056139707565,28.598960876464844,25.950958251953125,0.9338005185127258,0.9129514098167419,0.8188228011131287,0.7860045433044434,8.569978713989258,10.171090126037598,6.704679489135742,4.834475517272949,0.31665781140327454,3.2225754261016846,-1.870203971862793,2.9059176445007324
1625,73,0,0,True,initial,False,0.0,0.0,1.3744176153088206e-13,28.137075424194336,28.137256622314453,0.9311745166778564,0.931175172328949,0.8137839436531067,0.8137839436531067,2.10276198387146,2.1027615070343018,9.910836219787598,9.910826683044434,0.7295768857002258,0.7295905947685242,-9.5367431640625e-06,1.3709068298339844e-05
1625,73,1,5,True,free_motion,False,0.0,0.0,1.18406071622848e-13,28.208568572998047,28.208667755126953,0.9319179654121399,0.9319183826446533,0.8141768574714661,0.8141768574714661,1.6442410945892334,1.6441802978515625,3.649171829223633,3.6491682529449463,0.26048633456230164,0.26048293709754944,-3.5762786865234375e-06,-3.3974647521972656e-06
1625,73,2,10,True,free_motion,False,0.0,0.0,1.0265563627018942e-13,28.568042755126953,28.567991256713867,0.9341467618942261,0.9341461658477783,0.8172327876091003,0.8172327876091003,4.879580497741699,4.879629135131836,3.2976837158203125,3.2976837158203125,0.7082393765449524,0.7082462310791016,0.0,6.854534149169922e-06
1625,73,3,15,False,free_motion,False,0.0,0.0,0.004366772249341011,29.01482582092285,28.765949249267578,0.9381458163261414,0.9371016025543213,0.8188153505325317,0.819301187992096,4.544267177581787,9.854990005493164,4.532893657684326,5.618375778198242,0.4722563624382019,0.23514293134212494,1.085482120513916,-0.23711343109607697
1625,73,4,20,False,effective_push,True,4.438474178314209,0.5877787470817566,0.0181480310857296,29.396570205688477,29.35081672668457,0.9384778141975403,0.9364100694656372,0.8228580951690674,0.8293521404266357,0.3708001375198364,5.755064964294434,3.606076240539551,3.3246445655822754,0.98539137840271,0.11915265023708344,-0.2814316749572754,-0.8662387132644653
1625,73,5,25,False,effective_push,True,9.482770919799805,2.720245599746704,0.01573275774717331,29.240249633789062,29.579668045043945,0.9378790855407715,0.9400568008422852,0.8169682025909424,0.8212517499923706,4.034358024597168,8.25135326385498,0.9622048139572144,2.0331838130950928,0.29693907499313354,0.5430102944374084,1.0709789991378784,0.2460712194442749
1625,73,6,30,False,effective_push,True,18.161161422729492,5.593979358673096,0.013418945483863354,29.474254608154297,29.178133010864258,0.9403740167617798,0.9388304948806763,0.8096214532852173,0.8036343455314636,2.6503796577453613,4.256268501281738,5.0820794105529785,2.914689064025879,0.2980455458164215,0.7119277119636536,-2.1673903465270996,0.41388216614723206
1625,73,7,35,False,effective_push,True,3.488665819168091,1.1220906972885132,0.017950279638171196,29.10605239868164,28.586475372314453,0.939572274684906,0.9362236261367798,0.8007676601409912,0.795016348361969,7.63686990737915,8.619438171386719,2.6697826385498047,1.5743372440338135,0.08594085276126862,0.4713001251220703,-1.0954453945159912,0.3853592872619629
1688,85,0,0,True,initial,False,0.0,0.0,5.751188371025395e-14,23.721099853515625,23.721240997314453,0.9002348780632019,0.9002359509468079,0.7267994284629822,0.7267994284629822,7.713561058044434,7.713536739349365,11.137371063232422,11.137371063232422,3.3028883934020996,3.302860975265503,0.0,-2.7418136596679688e-05
1688,85,1,5,True,free_motion,False,0.0,0.0,1.714054652336358e-13,23.345138549804688,23.345272064208984,0.8973085284233093,0.8973087668418884,0.7215222716331482,0.7215222716331482,3.808137893676758,3.80810809135437,9.539363861083984,9.539385795593262,2.7724695205688477,2.7724831104278564,2.193450927734375e-05,1.3589859008789062e-05
1688,85,2,10,True,free_motion,False,0.0,0.0,1.3333325871341117e-13,23.31719207763672,23.317333221435547,0.8980133533477783,0.8980146050453186,0.7199897170066833,0.7199897170066833,6.851875305175781,6.851869106292725,9.942477226257324,9.942477226257324,3.3098278045654297,3.3098278045654297,0.0,0.0
1688,85,3,15,False,free_motion,False,0.0,0.0,0.003885956248268485,22.96611976623535,23.01871109008789,0.8948091268539429,0.8960066437721252,0.7090839743614197,0.7128322720527649,9.696115493774414,14.105252265930176,11.044073104858398,10.604491233825684,4.551180362701416,3.2672619819641113,-0.43958187103271484,-1.2839183807373047
1688,85,4,20,False,free_motion,False,0.0,0.0,0.010115204378962517,22.876108169555664,23.0184268951416,0.8937824964523315,0.8969417810440063,0.7064034342765808,0.7127618789672852,12.238568305969238,17.97907829284668,10.787022590637207,10.621431350708008,4.365201473236084,2.566908121109009,-0.16559123992919922,-1.7982933521270752
1688,85,5,25,False,effective_push,True,2.8396077156066895,1.2027826309204102,0.02004382014274597,23.92324447631836,23.701868057250977,0.9004092812538147,0.9005587697029114,0.7290794849395752,0.7287892699241638,6.3102898597717285,6.007216453552246,10.87571907043457,17.66701316833496,3.236239194869995,4.471574783325195,6.791294097900391,1.2353355884552002
1688,85,6,30,False,effective_push,True,111.53793334960938,6.3917317390441895,0.012784475460648537,22.07555389404297,21.979236602783203,0.8878612518310547,0.8879984021186829,0.6775438785552979,0.6704447269439697,19.08442497253418,28.075437545776367,19.885818481445312,15.00644302368164,59.713497161865234,39.02626037597656,-4.879375457763672,-20.687236785888672
1688,85,7,35,False,effective_push,True,58.50632095336914,33.939849853515625,0.06127498671412468,21.919021606445312,21.777780532836914,0.8862010836601257,0.8884503245353699,0.6615800857543945,0.6511512398719788,30.12421989440918,14.165399551391602,31.86711883544922,57.24940872192383,68.27163696289062,74.7008056640625,25.38228988647461,6.429168701171875
1766,2,0,0,True,initial,False,0.0,0.0,1.155201964902347e-13,26.2417049407959,26.241905212402344,0.9186450839042664,0.9186450242996216,0.7845896482467651,0.7845896482467651,13.057124137878418,13.056991577148438,3.0498528480529785,3.0498528480529785,1.3140738010406494,1.314060091972351,0.0,-1.3709068298339844e-05
1766,2,1,5,True,free_motion,False,0.7192713618278503,0.5725610852241516,1.4728489424169905e-13,24.713041305541992,24.713199615478516,0.9139720797538757,0.9139723777770996,0.7545271515846252,0.7545271515846252,3.7175049781799316,3.7175533771514893,4.35480260848999,4.354758262634277,0.44147610664367676,0.44147610664367676,-4.4345855712890625e-05,0.0
1766,2,2,10,True,free_motion,False,0.03044700063765049,0.024315472692251205,1.6628765150874386e-13,26.286407470703125,26.28622055053711,0.9193834662437439,0.9193823933601379,0.7863140106201172,0.7863140106201172,7.900793552398682,7.900792598724365,3.768125295639038,3.768106698989868,1.6760600805282593,1.6760464906692505,-1.8596649169921875e-05,-1.3589859008789062e-05
1766,2,3,15,False,free_motion,False,0.0012789195170626044,0.0010381886968389153,0.0021066907793283463,25.521533966064453,25.556528091430664,0.9170415997505188,0.9174017906188965,0.7713736891746521,0.7732710242271423,14.299649238586426,11.964016914367676,3.924661874771118,4.024565696716309,1.7064818143844604,1.4802522659301758,0.09990382194519043,-0.22622954845428467
1766,2,4,20,False,effective_push,True,10.682099342346191,4.162248611450195,0.007183711044490337,26.696266174316406,26.991771697998047,0.9227093458175659,0.9233852028846741,0.7924448251724243,0.7971819043159485,18.182050704956055,11.737431526184082,2.390646457672119,4.398555278778076,0.5404592156410217,1.7651804685592651,2.007908821105957,1.2247211933135986
1766,2,5,25,False,effective_push,True,21.069204330444336,7.174594402313232,0.008840874768793583,26.39028549194336,26.690441131591797,0.9185166954994202,0.9201705455780029,0.7886155843734741,0.7959415316581726,15.992697715759277,11.487411499023438,0.578811526298523,1.404282808303833,2.251927137374878,2.209866762161255,0.8254712820053101,-0.04206037521362305
1766,2,6,30,False,effective_push,True,31.66077995300293,9.813437461853027,0.016833819448947906,26.532882690429688,26.267824172973633,0.9194638729095459,0.9153260588645935,0.788325309753418,0.7878530025482178,3.0976004600524902,6.206180095672607,3.4412147998809814,2.2607736587524414,4.013091564178467,4.987376689910889,-1.18044114112854,0.9742851257324219
1766,2,7,35,False,effective_push,True,38.65304946899414,13.46921443939209,0.023215776309370995,26.755542755126953,25.608657836914062,0.9201379418373108,0.909784197807312,0.7946377396583557,0.7802119851112366,2.311155319213867,6.145125865936279,0.49003100395202637,6.326676845550537,1.4234797954559326,4.77570915222168,5.83664608001709,3.352229356765747
1768,31,0,0,True,initial,True,0.0,0.0,1.2882934736363483e-13,26.694622039794922,26.694538116455078,0.9204020500183105,0.9204005002975464,0.7903707027435303,0.7903707027435303,3.138975143432617,3.1389994621276855,4.622158527374268,4.622142314910889,4.620882511138916,4.620868682861328,-1.621246337890625e-05,-1.3828277587890625e-05
1768,31,1,5,True,effective_push,True,39.61573028564453,14.296882629394531,1.0473863258902288e-13,26.922216415405273,26.922191619873047,0.9217768907546997,0.9217760562896729,0.7958601117134094,0.7958601117134094,1.8697494268417358,1.8697494268417358,0.1123364046216011,0.11237909644842148,0.46013617515563965,0.4601225256919861,4.2691826820373535e-05,-1.3649463653564453e-05
1768,31,2,10,True,effective_push,True,37.32606506347656,14.3754301071167,1.3198783157999244e-13,26.800973892211914,26.80116844177246,0.9201408624649048,0.9201416969299316,0.8014205098152161,0.8014205098152161,2.3285880088806152,2.3285880088806152,3.54429292678833,3.54429292678833,1.177353858947754,1.1773470640182495,0.0,-6.794929504394531e-06
1768,31,3,15,False,effective_push,True,32.59757995605469,11.784616470336914,0.006645604036748409,28.013545989990234,27.529006958007812,0.9307510256767273,0.9265105128288269,0.8130613565444946,0.8132069706916809,3.7910103797912598,6.0088701248168945,0.8662535548210144,3.9310104846954346,1.4670699834823608,3.761767625808716,3.0647568702697754,2.2946977615356445
1768,31,4,20,False,effective_push,True,39.08622741699219,16.1807861328125,0.010061388835310936,28.709821701049805,28.223421096801758,0.9353496432304382,0.9316619634628296,0.8152577877044678,0.8135017156600952,2.96968150138855,8.702591896057129,2.873727321624756,6.7914886474609375,0.8347584009170532,3.7200353145599365,3.9177613258361816,2.8852767944335938
1768,31,5,25,False,effective_push,True,34.58167266845703,13.488079071044922,0.018607616424560547,28.924367904663086,28.245426177978516,0.9370107650756836,0.9337652921676636,0.8131470084190369,0.8090877532958984,3.168508768081665,15.509495735168457,2.810244083404541,8.053566932678223,0.23807990550994873,3.453371047973633,5.243322849273682,3.2152910232543945
1768,31,6,30,False,effective_push,True,33.69702911376953,14.473306655883789,0.036922842264175415,29.41519546508789,28.099464416503906,0.9415062665939331,0.9332537055015564,0.8106839656829834,0.7990292906761169,3.51991868019104,15.362396240234375,1.7838029861450195,6.411656856536865,0.2851160168647766,1.0917237997055054,4.627853870391846,0.8066077828407288
1768,31,7,35,False,contact_no_motion,True,0.329146146774292,0.14758671820163727,0.03976503014564514,28.637989044189453,27.468074798583984,0.9386609196662903,0.9302700161933899,0.8027065396308899,0.7926872372627258,8.806343078613281,19.995418548583984,2.0500190258026123,5.08511209487915,0.614990234375,1.4896984100341797,3.035093069076538,0.8747081756591797
1775,24,0,0,True,initial,True,0.0,0.0,1.389032118492839e-13,26.732715606689453,26.73293113708496,0.9223265051841736,0.9223275780677795,0.7929112315177917,0.7929112315177917,9.60219955444336,9.60218334197998,4.63778829574585,4.637734413146973,0.07122521102428436,0.07125253230333328,-5.3882598876953125e-05,2.7321279048919678e-05
1775,24,1,5,True,effective_push,True,25.07491111755371,9.779860496520996,1.5296078748235076e-13,26.349895477294922,26.34979248046875,0.9203887581825256,0.9203869104385376,0.7890868186950684,0.7890868186950684,13.773542404174805,13.7735013961792,4.442792892456055,4.442838191986084,1.9134502410888672,1.913463830947876,4.5299530029296875e-05,1.3589859008789062e-05
1775,24,2,10,True,effective_push,True,29.959157943725586,11.75700855255127,1.3105602757537693e-13,26.444297790527344,26.4442138671875,0.9182029366493225,0.9182018637657166,0.7871703505516052,0.7871703505516052,2.2684988975524902,2.2684988975524902,2.97721791267395,2.97721791267395,0.9326213598251343,0.9326077103614807,0.0,-1.3649463653564453e-05
1775,24,3,15,False,effective_push,True,37.08864212036133,15.417375564575195,0.006672400049865246,27.154027938842773,26.609188079833984,0.9239079356193542,0.9193540811538696,0.7986577153205872,0.7940340638160706,4.859711170196533,4.755739212036133,2.886392831802368,2.2025766372680664,0.7527141571044922,2.198542356491089,-0.6838161945343018,1.4458281993865967
1775,24,4,20,False,effective_push,True,39.11741638183594,15.570767402648926,0.016733312979340553,27.440383911132812,26.399341583251953,0.9235719442367554,0.9131914973258972,0.8132962584495544,0.8046749234199524,3.747164249420166,2.1815295219421387,4.838181495666504,4.589292049407959,0.024117399007081985,1.124337911605835,-0.24888944625854492,1.1002205610275269
1775,24,5,25,False,effective_push,True,28.19556427001953,13.68401050567627,0.05441739410161972,28.667186737060547,26.012001037597656,0.9338198304176331,0.9067234992980957,0.8209362030029297,0.8042753338813782,4.047094345092773,4.622711181640625,2.000246047973633,3.898747682571411,0.20813634991645813,0.1967162787914276,1.8985016345977783,-0.011420071125030518
1775,24,6,30,False,effective_push,True,34.19327163696289,16.159584045410156,0.09192061424255371,28.518884658813477,26.541500091552734,0.9335306286811829,0.9078319072723389,0.8219878673553467,0.8107280731201172,5.43467378616333,9.556375503540039,4.397463798522949,6.403906345367432,0.20065046846866608,0.22327205538749695,2.0064425468444824,0.02262158691883087
1775,24,7,35,False,effective_push,True,36.82732391357422,17.605194091796875,0.28284716606140137,29.39415168762207,25.544645309448242,0.9401116371154785,0.9039651155471802,0.8186625838279724,0.7764365673065186,5.6771392822265625,17.010597229003906,0.5952054262161255,16.155614852905273,0.028997568413615227,1.064905047416687,15.560409545898438,1.035907506942749
2011,16,0,0,True,initial,False,0.0,0.0,1.3225596832977526e-13,26.381418228149414,26.381366729736328,0.9203547835350037,0.9203532338142395,0.7944507598876953,0.7944507598876953,5.897809028625488,5.8978471755981445,10.975088119506836,10.975170135498047,2.3468804359436035,2.346853017807007,8.20159912109375e-05,-2.7418136596679688e-05
2011,16,1,5,True,effective_push,True,6.286602020263672,21.06946563720703,1.2314780271915904e-13,23.634124755859375,23.63424301147461,0.8964616060256958,0.8964623212814331,0.7296381592750549,0.7296381592750549,18.6756649017334,18.675615310668945,15.074959754943848,15.074957847595215,1.4851837158203125,1.4851837158203125,-1.9073486328125e-06,0.0
2011,16,2,10,True,effective_push,True,2.287316083908081,1.6170881986618042,1.3806006847732338e-13,24.42867660522461,24.428504943847656,0.9007425904273987,0.9007406234741211,0.7456973791122437,0.7456973791122437,10.16014289855957,10.160144805908203,15.190799713134766,15.190793991088867,3.6314477920532227,3.631420373916626,-5.7220458984375e-06,-2.7418136596679688e-05
2011,16,3,15,False,effective_push,True,50.825008392333984,26.98910903930664,0.015805145725607872,24.36638069152832,24.441682815551758,0.9020964503288269,0.9007420539855957,0.7542060017585754,0.7536251544952393,11.295982360839844,3.4991488456726074,7.040026664733887,4.583837032318115,11.759509086608887,4.065765857696533,-2.4561896324157715,-7.6937432289123535
2011,16,4,20,False,effective_push,True,28.327747344970703,22.544458389282227,0.013306464068591595,24.91120147705078,24.45655059814453,0.9078684449195862,0.9051349759101868,0.7637662887573242,0.7505859732627869,8.811119079589844,3.573108434677124,8.58853816986084,5.790746212005615,10.188467979431152,1.810124397277832,-2.7977919578552246,-8.37834358215332
2011,16,5,25,False,effective_push,True,28.1357479095459,22.287466049194336,0.02996905706822872,24.462430953979492,23.979145050048828,0.9009534120559692,0.8982998132705688,0.7573580145835876,0.7350796461105347,6.727141857147217,11.7117338180542,6.2094831466674805,5.310700416564941,0.048851221799850464,5.5394134521484375,-0.8987827301025391,5.490562438964844
2011,16,6,30,False,effective_push,True,2.611569404602051,2.2039105892181396,0.0658249780535698,24.470867156982422,22.138580322265625,0.9054352641105652,0.8883525729179382,0.7572591304779053,0.674537718296051,13.14159107208252,10.96668815612793,7.490907192230225,21.015844345092773,0.022609634324908257,2.7591726779937744,13.52493667602539,2.736562967300415
2011,16,7,35,False,effective_push,True,10.708985328674316,6.040181636810303,0.07977238297462463,24.638999938964844,21.616260528564453,0.9049966931343079,0.8846704363822937,0.7584987878799438,0.6534860730171204,3.9101293087005615,11.364924430847168,8.605891227722168,18.210786819458008,1.9783130884170532,6.7856974601745605,9.60489559173584,4.807384490966797
2012,11,0,0,True,initial,False,0.0,0.0,1.337931230648709e-13,26.158527374267578,26.158531188964844,0.9203841686248779,0.9203845262527466,0.7908561825752258,0.7908561825752258,7.356324195861816,7.35634708404541,9.855879783630371,9.855879783630371,2.8416593074798584,2.8416593074798584,0.0,0.0
2012,11,1,5,True,free_motion,False,0.0,0.0,1.430836785859535e-13,26.190584182739258,26.190719604492188,0.9217923283576965,0.9217952489852905,0.7896380424499512,0.7896380424499512,11.51044750213623,11.510429382324219,11.472883224487305,11.472787857055664,2.7093448638916016,2.709372043609619,-9.5367431640625e-05,2.7179718017578125e-05
2012,11,2,10,True,free_motion,False,0.0,0.0,2.0154488971843576e-13,26.609081268310547,26.608993530273438,0.9199540615081787,0.9199528098106384,0.7943832874298096,0.7943832874298096,4.665857791900635,4.665799140930176,9.60616683959961,9.606179237365723,1.65875244140625,1.65875244140625,1.239776611328125e-05,0.0
2012,11,3,15,False,effective_push,True,22.993499755859375,3.208686113357544,0.03928673267364502,27.01158332824707,25.712249755859375,0.9211705923080444,0.9102454781532288,0.7996006011962891,0.7810826301574707,10.782745361328125,13.525993347167969,10.214798927307129,19.902050018310547,1.5500158071517944,3.4169251918792725,9.687251091003418,1.866909384727478
2012,11,4,20,False,effective_push,True,68.37776947021484,5.2350664138793945,0.7232438921928406,26.114830017089844,21.353336334228516,0.9124529361724854,0.8854284882545471,0.7906078100204468,0.6137689352035522,13.189390182495117,20.111083984375,7.002799034118652,46.13121795654297,1.6024444103240967,11.261425018310547,39.12841796875,9.658980369567871
2012,11,5,25,False,effective_push,True,51.67507553100586,4.766023635864258,1.5426067113876343,26.597667694091797,21.20306396484375,0.9186614751815796,0.8837911486625671,0.7817605137825012,0.5963290333747864,9.800263404846191,26.42099952697754,4.163463115692139,72.21452331542969,1.2573012113571167,4.561063766479492,68.05106353759766,3.303762435913086
2012,11,6,30,False,effective_push,True,25.919824600219727,1.8788756132125854,1.7938063144683838,26.246843338012695,20.6560115814209,0.9157044887542725,0.8810051083564758,0.7741318941116333,0.5599235892295837,8.410849571228027,31.76250457763672,6.98273229598999,95.4056396484375,0.2601209282875061,15.774513244628906,88.42290496826172,15.514391899108887
2012,11,7,35,False,contact_no_motion,True,1.7701061964035034,0.32634642720222473,1.83111572265625,25.701143264770508,20.52862548828125,0.9118766188621521,0.8766500353813171,0.7589118480682373,0.5514320135116577,14.697426795959473,26.577272415161133,7.16729736328125,88.60094451904297,2.7614455223083496,12.362724304199219,81.43364715576172,9.601278305053711
2520,8,0,0,True,initial,False,0.0,0.0,9.04435218124916e-14,25.009384155273438,25.009374618530273,0.9087541103363037,0.9087532758712769,0.7588959336280823,0.7588959336280823,18.495176315307617,18.495126724243164,25.415714263916016,25.41569709777832,2.3314168453216553,2.33142352104187,-1.71661376953125e-05,6.67572021484375e-06
2520,8,1,5,True,free_motion,False,0.0,0.0,1.5303082694269332e-13,24.52634048461914,24.52631950378418,0.9075817465782166,0.9075814485549927,0.7473811507225037,0.7473811507225037,11.391544342041016,11.391544342041016,22.059886932373047,22.0599422454834,0.19582152366638184,0.1958283632993698,5.53131103515625e-05,6.839632987976074e-06
2520,8,2,10,True,free_motion,False,0.0,0.0,1.3245696586002692e-13,25.000568389892578,25.000608444213867,0.9095012545585632,0.9095022678375244,0.760899007320404,0.760899007320404,15.257972717285156,15.257963180541992,15.654412269592285,15.654406547546387,0.11097691208124161,0.11098374426364899,-5.7220458984375e-06,6.83218240737915e-06
2520,8,3,15,False,free_motion,False,0.0,0.0,0.011504891328513622,25.086475372314453,24.880964279174805,0.9084028005599976,0.9073342680931091,0.7604758143424988,0.7581276297569275,13.589412689208984,7.703035354614258,17.993261337280273,14.302536964416504,0.538041353225708,0.3688575327396393,-3.6907243728637695,-0.16918382048606873
2520,8,4,20,False,effective_push,True,4.874281406402588,1.289566993713379,0.01805995963513851,24.47403907775879,23.588279724121094,0.902114748954773,0.8962360620498657,0.750234842300415,0.7268421053886414,6.033751487731934,10.076107025146484,15.907086372375488,14.68014907836914,5.758293628692627,1.9560842514038086,-1.2269372940063477,-3.8022093772888184
2520,8,5,25,False,effective_push,True,15.426417350769043,6.127758502960205,0.03050018846988678,23.88282585144043,23.744308471679688,0.899761974811554,0.9001777172088623,0.7395557761192322,0.7320624589920044,1.303470492362976,5.19747257232666,7.5055131912231445,5.654257297515869,8.395094871520996,4.943076133728027,-1.8512558937072754,-3.4520187377929688
2520,8,6,30,False,effective_push,True,10.478616714477539,11.144149780273438,0.04299452155828476,23.304014205932617,23.002012252807617,0.8939364552497864,0.8950038552284241,0.7263826131820679,0.712532639503479,5.188520908355713,3.888615608215332,9.350260734558105,8.085673332214355,14.33852767944336,9.9912691116333,-1.26458740234375,-4.347258567810059
2520,8,7,35,False,effective_push,True,3.087448835372925,19.455711364746094,0.054886624217033386,21.12510871887207,21.310453414916992,0.8833989500999451,0.8851892948150635,0.618514895439148,0.629770040512085,11.38820743560791,18.018310546875,18.142683029174805,25.565689086914062,12.894973754882812,22.660219192504883,7.423006057739258,9.76524543762207
2540,28,0,0,True,initial,True,0.0,0.0,9.195583476531016e-14,26.83929443359375,26.83910369873047,0.9213011860847473,0.9213002324104309,0.799362063407898,0.799362063407898,13.108299255371094,13.108323097229004,14.92251968383789,14.922506332397461,1.5394426584243774,1.5394426584243774,-1.33514404296875e-05,0.0
2540,28,1,5,True,effective_push,True,31.541383743286133,16.57700538635254,9.187254093340896e-14,27.813825607299805,27.813827514648438,0.9261175394058228,0.926116943359375,0.8080999851226807,0.8079417943954468,16.45365333557129,16.453638076782227,11.377056121826172,11.377056121826172,3.128281354904175,3.1283085346221924,0.0,2.7179718017578125e-05
2540,28,2,10,True,effective_push,True,27.751705169677734,17.580604553222656,9.9805526256741e-14,28.160491943359375,28.16042709350586,0.9303858280181885,0.9303846955299377,0.8075858950614929,0.8075858950614929,8.268916130065918,8.268893241882324,2.1451711654663086,2.1451711654663086,0.20940080285072327,0.20939908921718597,0.0,-1.7136335372924805e-06
2540,28,3,15,False,effective_push,True,18.311477661132812,13.015430450439453,0.0035584173165261745,28.811981201171875,29.05452537536621,0.9369955062866211,0.9371912479400635,0.809179961681366,0.8130825161933899,5.560255527496338,4.075128078460693,6.202535629272461,5.439468860626221,0.31531909108161926,0.9491453170776367,-0.7630667686462402,0.6338262557983398
2540,28,4,20,False,effective_push,True,18.87936019897461,15.243246078491211,0.006825899705290794,29.062541961669922,28.951709747314453,0.9389377236366272,0.9369354844093323,0.8020660281181335,0.8009207844734192,11.424657821655273,17.66185188293457,6.0840983390808105,4.949364185333252,0.052216798067092896,0.26647982001304626,-1.1347341537475586,0.21426302194595337
2540,28,5,25,False,effective_push,True,2.2426414489746094,1.7898236513137817,0.016049858182668686,28.610431671142578,27.957056045532227,0.9382177591323853,0.9334517121315002,0.795608401298523,0.7892059087753296,20.60995864868164,29.426231384277344,6.415844440460205,3.548189640045166,0.4766891598701477,0.7052887678146362,-2.867654800415039,0.22859960794448853
2540,28,6,30,False,free_motion,False,0.0,0.0,0.02283308655023575,27.962135314941406,27.582611083984375,0.9359034895896912,0.9315338730812073,0.784609854221344,0.7807409763336182,19.623703002929688,19.465456008911133,2.1674952507019043,4.063971996307373,1.3069260120391846,0.261527955532074,1.8964767456054688,-1.0453979969024658
2540,28,7,35,False,free_motion,False,0.0,0.0,0.033390410244464874,29.19450569152832,27.561599731445312,0.9399608969688416,0.9317824244499207,0.8021734952926636,0.7847020626068115,6.4989237785339355,7.1788411140441895,3.293600082397461,6.7399797439575195,1.8646962642669678,0.26381605863571167,3.4463796615600586,-1.6008801460266113
2579,28,0,0,True,initial,True,0.0,0.0,9.614599155889636e-14,26.860069274902344,26.860137939453125,0.9216300845146179,0.9216312766075134,0.7998784184455872,0.7998784184455872,12.761189460754395,12.761175155639648,14.78226089477539,14.78226089477539,1.6426877975463867,1.6426877975463867,0.0,0.0
2579,28,1,5,True,effective_push,True,33.06720733642578,17.767343521118164,8.220341589501232e-14,27.951974868774414,27.951955795288086,0.9274272918701172,0.9274269938468933,0.809757649898529,0.809757649898529,15.531119346618652,15.531119346618652,10.80561351776123,10.80561351776123,3.3260562419891357,3.3260562419891357,0.0,0.0
2579,28,2,10,True,effective_push,True,26.86398696899414,17.788516998291016,1.4878492860491421e-13,28.096473693847656,28.09653091430664,0.9302912950515747,0.9302924275398254,0.8052202463150024,0.8052202463150024,7.741452217102051,7.741466522216797,2.35391902923584,2.35391902923584,0.22868669033050537,0.2286892533302307,0.0,2.562999725341797e-06
2579,28,3,15,False,effective_push,True,18.642925262451172,13.591256141662598,0.004206007346510887,28.837066650390625,29.003467559814453,0.9369571208953857,0.9371679425239563,0.8090452551841736,0.8115765452384949,7.117654323577881,6.170260906219482,4.1783857345581055,4.059444427490234,0.22020018100738525,1.0419350862503052,-0.1189413070678711,0.8217349052429199
2579,28,4,20,False,effective_push,True,18.71755027770996,15.48513126373291,0.007955847308039665,29.00525665283203,28.89830780029297,0.9386918544769287,0.9369035363197327,0.8014407157897949,0.7982343435287476,9.018319129943848,15.56216812133789,5.5015387535095215,4.911870956420898,0.3556172251701355,1.327286720275879,-0.589667797088623,0.9716694951057434
2579,28,5,25,False,contact_no_motion,True,1.0324407815933228,0.8434326648712158,0.018052104860544205,28.758319854736328,28.20407485961914,0.9381983280181885,0.9336653351783752,0.7945531010627747,0.7888908982276917,17.578413009643555,23.45111846923828,4.997565269470215,1.8210006952285767,1.2619799375534058,0.13835914433002472,-3.1765646934509277,-1.1236207485198975
2579,28,6,30,False,free_motion,False,0.0,0.0,0.025340870022773743,28.04601287841797,27.63434600830078,0.935624897480011,0.9308224320411682,0.783171534538269,0.7797278165817261,17.643217086791992,16.106983184814453,3.988105058670044,6.506355285644531,0.30000239610671997,0.43824201822280884,2.5182502269744873,0.13823962211608887
2579,28,7,35,False,free_motion,False,0.0,0.0,0.03587203472852707,29.044437408447266,27.55950927734375,0.9388303160667419,0.9309461712837219,0.7975403666496277,0.782553493976593,5.678457260131836,9.6782865524292,1.186930775642395,8.386552810668945,0.41098272800445557,0.7499684691429138,7.19962215423584,0.33898574113845825
2828,43,0,0,True,initial,True,0.0,0.0,7.561067386346182e-14,26.342140197753906,26.342451095581055,0.9173845648765564,0.9173871278762817,0.7818965315818787,0.7818965315818787,3.0122132301330566,3.012213706970215,5.770012378692627,5.77007532119751,0.4266955852508545,0.4266955852508545,6.29425048828125e-05,0.0
2828,43,1,5,True,effective_push,True,25.516616821289062,8.730756759643555,5.62558964798017e-14,26.500341415405273,26.500337600708008,0.9179133176803589,0.9179126024246216,0.7862329483032227,0.7862329483032227,3.2777204513549805,3.277714252471924,1.287426471710205,1.2873964309692383,0.8572160601615906,0.8572160601615906,-3.0040740966796875e-05,0.0
2828,43,2,10,True,effective_push,True,25.55023956298828,8.375423431396484,1.1690067045887903e-13,27.251806259155273,27.251815795898438,0.9246184229850769,0.9246203303337097,0.8009979724884033,0.8009979724884033,3.4042599201202393,3.40423321723938,3.279165744781494,3.2791454792022705,0.32708409428596497,0.32708409428596497,-2.0265579223632812e-05,0.0
2828,43,3,15,False,effective_push,True,22.527118682861328,8.721659660339355,0.0029408466070890427,27.373544692993164,27.221351623535156,0.9253015518188477,0.9238253831863403,0.8045454621315002,0.8024890422821045,6.596226692199707,7.032557964324951,3.6053664684295654,6.546219825744629,1.4998276233673096,2.1499249935150146,2.9408533573150635,0.6500973701477051
2828,43,4,20,False,effective_push,True,35.057701110839844,13.858590126037598,0.005949833430349827,27.459842681884766,27.009613037109375,0.926441490650177,0.9221842288970947,0.8090681433677673,0.8026584982872009,3.714481830596924,1.9570504426956177,7.740607261657715,9.442726135253906,1.6912914514541626,3.9034805297851562,1.7021188735961914,2.212189197540283
2828,43,5,25,False,effective_push,True,27.583589553833008,11.861852645874023,0.013985289260745049,27.11159896850586,26.44900894165039,0.9229186177253723,0.9192637801170349,0.8028479218482971,0.7942632436752319,12.966633796691895,20.849708557128906,6.145786285400391,9.97710132598877,0.19072620570659637,4.643299102783203,3.831315040588379,4.452572822570801
2828,43,6,30,False,effective_push,True,30.576045989990234,13.793020248413086,0.013567686080932617,27.082828521728516,26.2203369140625,0.9240963459014893,0.9191466569900513,0.7983070611953735,0.7873263955116272,19.92997932434082,26.741336822509766,4.479771137237549,5.205606460571289,0.5308423042297363,3.835151195526123,0.7258353233337402,3.3043088912963867
2828,43,7,35,False,effective_push,True,23.809375762939453,11.75560188293457,0.013609007000923157,27.686996459960938,26.556316375732422,0.9272220730781555,0.919337272644043,0.8144268989562988,0.8042265772819519,9.976805686950684,14.945558547973633,3.231306791305542,3.4280707836151123,2.376359462738037,0.8235569000244141,0.1967639923095703,-1.552802562713623
3306,40,0,0,True,initial,True,0.0,0.0,7.019343737984726e-14,26.10617446899414,26.10618782043457,0.9183677434921265,0.9183683395385742,0.7912024855613708,0.7912024855613708,23.68867301940918,23.688678741455078,10.934261322021484,10.934261322021484,0.11075834929943085,0.11075834929943085,0.0,0.0
3306,40,1,5,True,effective_push,True,33.18334197998047,0.46426159143447876,1.6099495597343e-13,27.118854522705078,27.11880111694336,0.9204828143119812,0.9204832315444946,0.8117396831512451,0.8117396831512451,11.696361541748047,11.696318626403809,9.59364128112793,9.59372329711914,0.05606219172477722,0.0560348741710186,8.20159912109375e-05,-2.7317553758621216e-05
3306,40,2,10,True,effective_push,True,7.0365705490112305,0.4622398614883423,1.3423607386243985e-13,26.266277313232422,26.266265869140625,0.9204198122024536,0.9204202890396118,0.7949459552764893,0.7949459552764893,5.492897987365723,5.492896556854248,7.615749359130859,7.615767955780029,1.8477847576141357,1.8477847576141357,1.8596649169921875e-05,0.0
3306,40,3,15,False,free_motion,False,0.0,0.0,0.007639609277248383,27.4029541015625,27.5078125,0.9267821907997131,0.924628496170044,0.8075448274612427,0.8121827244758606,4.169182300567627,14.032590866088867,8.335267066955566,8.147825241088867,3.647949457168579,3.922304391860962,-0.18744182586669922,0.2743549346923828
3306,40,4,20,False,free_motion,False,0.0,0.0,0.014173736795783043,27.58624267578125,27.07813262939453,0.926643431186676,0.9195483922958374,0.8117864727973938,0.8111898899078369,2.061323881149292,10.718504905700684,7.313994884490967,7.821099281311035,2.023266077041626,1.0069611072540283,0.5071043968200684,-1.0163049697875977
3306,40,5,25,False,effective_push,True,0.3639739453792572,9.291515350341797,0.023762349039316177,27.923145294189453,26.651878356933594,0.9285867810249329,0.9150145649909973,0.8128169775009155,0.8041347861289978,0.8594372868537903,3.339998722076416,6.900944232940674,6.499239444732666,1.4561893939971924,0.5925618410110474,-0.4017047882080078,-0.863627552986145
3306,40,6,30,False,effective_push,True,1.170377492904663,11.650908470153809,0.03627476096153259,27.805835723876953,26.549894332885742,0.9267319440841675,0.9144613146781921,0.8121672868728638,0.8025400638580322,8.035573959350586,10.051596641540527,1.897415041923523,6.151125431060791,0.7494621276855469,4.237766265869141,4.2537102699279785,3.4883041381835938
3306,40,7,35,False,effective_push,True,1.2254329919815063,7.457295894622803,0.05464854836463928,27.935501098632812,26.388797760009766,0.9288274049758911,0.9133495688438416,0.8111464381217957,0.8003621697425842,12.142641067504883,16.645488739013672,4.1185688972473145,9.246943473815918,1.0139962434768677,7.194859981536865,5.1283745765686035,6.180863857269287
3472,4,0,0,True,initial,False,0.0,0.0,1.523941021118469e-13,26.821044921875,26.821088790893555,0.9226452112197876,0.922645092010498,0.7957115769386292,0.7957115769386292,12.165691375732422,12.165666580200195,3.823244333267212,3.823216199874878,1.3674858808517456,1.3674858808517456,-2.8133392333984375e-05,0.0
3472,4,1,5,True,free_motion,False,0.0,0.0,1.457922595583111e-13,26.567062377929688,26.567054748535156,0.9230300784111023,0.9230300784111023,0.790747344493866,0.790747344493866,5.6575236320495605,5.657583236694336,0.8311510682106018,0.8311235308647156,1.131134033203125,1.131134033203125,-2.753734588623047e-05,0.0
3472,4,2,10,True,free_motion,False,0.0,0.0,1.436735794354757e-13,25.82729721069336,25.827123641967773,0.9205683469772339,0.9205662608146667,0.7764114141464233,0.7764114141464233,6.7861199378967285,6.786097526550293,3.7499120235443115,3.7499120235443115,2.1537771224975586,2.153749942779541,0.0,-2.7179718017578125e-05
3472,4,3,15,False,free_motion,False,0.0,0.0,0.0021183572243899107,26.264019012451172,26.105182647705078,0.921320915222168,0.920865535736084,0.7876431345939636,0.7861679792404175,1.7767760753631592,5.841955661773682,3.5901215076446533,4.167144298553467,1.157908320426941,1.4889812469482422,0.5770227909088135,0.33107292652130127
3472,4,4,20,False,free_motion,False,0.0,0.0,0.0032987589947879314,26.474323272705078,26.270999908447266,0.9204432368278503,0.9204167723655701,0.7891907095909119,0.786632776260376,5.208825588226318,9.764376640319824,3.212247133255005,3.5322985649108887,0.7887775897979736,0.5073464512825012,0.3200514316558838,-0.2814311385154724
3472,4,5,25,False,effective_push,True,2.4208502769470215,19.110267639160156,0.006596611812710762,27.496225357055664,26.969575881958008,0.9261865615844727,0.9199377298355103,0.8069974184036255,0.808810830116272,9.536087989807129,15.141951560974121,3.3061234951019287,5.252413749694824,0.08360151946544647,1.7832257747650146,1.9462902545928955,1.6996243000030518
3472,4,6,30,False,effective_push,True,13.640557289123535,28.910850524902344,0.00918849278241396,27.66034698486328,27.272472381591797,0.9271286725997925,0.9228108525276184,0.8079804182052612,0.807974636554718,0.790256142616272,9.525391578674316,3.8825151920318604,2.1710398197174072,1.7484464645385742,4.865170955657959,-1.7114753723144531,3.1167244911193848
3472,4,7,35,False,effective_push,True,8.589340209960938,15.766124725341797,0.010211383923888206,28.039031982421875,27.053863525390625,0.9277089238166809,0.9195167422294617,0.8178173899650574,0.8147433996200562,4.908909797668457,8.046887397766113,5.879128932952881,7.140867710113525,0.3125511705875397,2.89959716796875,1.2617387771606445,2.587045907974243
3495,42,0,0,True,initial,True,0.0,0.0,9.930686779629702e-14,28.617555618286133,28.61737823486328,0.9334571361541748,0.933455765247345,0.8249396681785583,0.8249396681785583,1.7860795259475708,1.7860560417175293,6.873723030090332,6.873752117156982,1.3249269723892212,1.3249269723892212,2.9087066650390625e-05,0.0
3495,42,1,5,True,effective_push,True,2.0702342987060547,15.974814414978027,1.355508587319587e-13,28.726924896240234,28.726947784423828,0.9343591332435608,0.9343584179878235,0.8224027156829834,0.8224027156829834,5.649517059326172,5.649517059326172,1.3528239727020264,1.3528239727020264,1.970820426940918,1.9708237648010254,0.0,3.337860107421875e-06
3495,42,2,10,True,effective_push,True,4.5379862785339355,15.644370079040527,1.2303591305495853e-13,28.68178939819336,28.68195343017578,0.9348325729370117,0.9348331093788147,0.8255470991134644,0.8255470991134644,6.3796820640563965,6.379677772521973,2.706303834915161,2.706282615661621,1.6017954349517822,1.6017818450927734,-2.1219253540039062e-05,-1.3589859008789062e-05
3495,42,3,15,False,effective_push,True,1.4618215560913086,2.4957098960876465,0.006692858412861824,28.502513885498047,28.644832611083984,0.9330863356590271,0.9333053827285767,0.823400616645813,0.8238698840141296,5.057600975036621,3.6637425422668457,4.211565017700195,2.2175302505493164,0.9839161038398743,0.0410289466381073,-1.994034767150879,-0.9428871870040894
3495,42,4,20,False,free_motion,False,0.0,0.0,0.007719344925135374,27.7669620513916,27.687788009643555,0.9265437722206116,0.9262825846672058,0.8127312064170837,0.8123940229415894,7.595767021179199,10.633258819580078,5.171197891235352,5.2812418937683105,0.023830531165003777,0.736553966999054,0.11004400253295898,0.712723433971405
3495,42,5,25,False,free_motion,False,0.0,0.0,0.01140106376260519,28.60283851623535,28.15857696533203,0.9337977766990662,0.9313196539878845,0.8242546916007996,0.8208722472190857,8.071300506591797,15.14220905303955,3.2434377670288086,6.399623870849609,0.18868397176265717,0.23912492394447327,3.156186103820801,0.0504409521818161
3495,42,6,30,False,effective_push,True,24.341480255126953,7.3099684715271,0.03828224912285805,28.98001480102539,28.032127380371094,0.9371045231819153,0.9318934679031372,0.8229012489318848,0.814881443977356,8.727339744567871,18.536251068115234,0.8667826652526855,2.6335971355438232,0.6129343509674072,0.15353582799434662,1.7668144702911377,-0.4593985080718994
3495,42,7,35,False,effective_push,True,12.301217079162598,3.990346670150757,0.046276919543743134,29.25389862060547,27.611530303955078,0.9392883777618408,0.9258173704147339,0.8201584219932556,0.8066399693489075,6.371647834777832,14.540945053100586,1.7277870178222656,5.5124335289001465,0.6139281392097473,0.4912169575691223,3.784646511077881,-0.122711181640625
3668,68,0,0,True,initial,True,0.0,0.0,1.3119114627112294e-13,27.528879165649414,27.528684616088867,0.9272104501724243,0.9272093176841736,0.8064053058624268,0.8064053058624268,4.585619926452637,4.585619926452637,1.0604324340820312,1.060415506362915,0.7287811636924744,0.7287880182266235,-1.6927719116210938e-05,6.854534149169922e-06
3668,68,1,5,True,effective_push,True,26.01532554626465,18.239145278930664,1.0515421405800016e-13,27.739269256591797,27.739261627197266,0.9297016263008118,0.9297016263008118,0.8145502209663391,0.8145502209663391,2.1781773567199707,2.1781773567199707,4.018798351287842,4.01876974105835,1.3687903881072998,1.3687903881072998,-2.86102294921875e-05,0.0
3668,68,2,10,True,effective_push,True,10.82941722869873,8.658944129943848,1.2485485193468315e-13,27.741607666015625,27.741531372070312,0.9295830726623535,0.9295830726623535,0.8099926710128784,0.8099926710128784,4.9913740158081055,4.9913506507873535,2.2525665760040283,2.2525856494903564,0.07724261283874512,0.07724261283874512,1.9073486328125e-05,0.0
3668,68,3,15,False,contact_no_motion,True,0.8445413708686829,0.6319427490234375,0.003338344395160675,28.177120208740234,27.783918380737305,0.9311509728431702,0.927955687046051,0.8135919570922852,0.8118987679481506,2.5006115436553955,5.177326202392578,4.233150959014893,6.170249938964844,0.25041523575782776,0.7679898738861084,1.9370989799499512,0.517574667930603
3668,68,4,20,False,effective_push,True,9.179108619689941,3.694927215576172,0.006900770124047995,28.2032470703125,28.212154388427734,0.9304814338684082,0.9305629134178162,0.8163627982139587,0.8171293139457703,1.5437268018722534,2.4954516887664795,5.837835788726807,7.2488484382629395,0.9023123979568481,1.3701496124267578,1.4110126495361328,0.46783721446990967
3668,68,5,25,False,contact_no_motion,True,0.0561399981379509,0.02315434068441391,0.01216564979404211,27.751384735107422,27.369754791259766,0.9282101988792419,0.9244806170463562,0.8084420561790466,0.8090628981590271,10.336200714111328,6.197760581970215,3.637122869491577,4.273196697235107,0.2451184093952179,0.8337407112121582,0.6360738277435303,0.5886223316192627
3668,68,6,30,False,free_motion,False,0.0,0.0,0.017015907913446426,27.588491439819336,27.495681762695312,0.9286175966262817,0.9247106313705444,0.8093768358230591,0.813596785068512,10.519798278808594,6.993840217590332,3.1757924556732178,3.1696414947509766,0.0905136689543724,0.8852096199989319,-0.006150960922241211,0.7946959733963013
3668,68,7,35,False,free_motion,False,0.0,0.0,0.01191850658506155,28.18087387084961,27.688831329345703,0.9308562874794006,0.9257014989852905,0.8150826692581177,0.8172265887260437,3.8018672466278076,0.9505162835121155,2.44380521774292,2.1635005474090576,0.12083287537097931,0.8418139815330505,-0.2803046703338623,0.7209811210632324
3682,58,0,0,True,initial,False,0.0,0.0,8.460680073207882e-14,26.506397247314453,26.506359100341797,0.9267277717590332,0.9267274737358093,0.7860894203186035,0.7860894203186035,17.9587459564209,17.9587459564209,1.4049792289733887,1.4049526453018188,0.19005684554576874,0.19005684554576874,-2.658367156982422e-05,0.0
3682,58,1,5,True,free_motion,False,0.0,0.0,1.3772069964480826e-13,27.071727752685547,27.071609497070312,0.9271692633628845,0.9271695613861084,0.7946075797080994,0.7944954037666321,6.963730335235596,6.963730335235596,0.29129475355148315,0.29124730825424194,0.2902761995792389,0.29028987884521484,-4.744529724121094e-05,1.3679265975952148e-05
3682,58,2,10,True,effective_push,True,8.982253074645996,6.211305618286133,1.256408171945722e-13,27.881969451904297,27.88191032409668,0.9295759797096252,0.9295750856399536,0.8087557554244995,0.8087557554244995,5.494081974029541,5.4940972328186035,0.9665843844413757,0.9665843844413757,0.2576620578765869,0.2576620578765869,0.0,0.0
3682,58,3,15,False,effective_push,True,22.383087158203125,17.68889045715332,0.0371636301279068,27.022905349731445,25.217124938964844,0.9248532652854919,0.9075742959976196,0.8021692037582397,0.7752248048782349,5.701839447021484,0.25418320298194885,2.432657480239868,6.21290922164917,1.3146543502807617,3.049314022064209,3.7802517414093018,1.7346596717834473
3682,58,4,20,False,effective_push,True,13.131369590759277,9.01008415222168,0.0410759262740612,28.20880889892578,25.37485122680664,0.9325100183486938,0.909266471862793,0.8159481883049011,0.7815694808959961,5.400376796722412,3.102588176727295,1.201622486114502,9.388343811035156,0.26903432607650757,1.5932133197784424,8.186721801757812,1.32417893409729
3682,58,5,25,False,effective_push,True,6.2610650062561035,1.2597600221633911,0.02781558409333229,28.74935531616211,26.430627822875977,0.9348800182342529,0.9154577851295471,0.8199999928474426,0.7987733483314514,1.6180689334869385,2.7802791595458984,4.848944187164307,10.624544143676758,0.18575382232666016,0.9162288904190063,5.775599956512451,0.7304750680923462
3682,58,6,30,False,effective_push,True,10.709105491638184,3.423276901245117,0.025536149740219116,28.44331932067871,27.03033447265625,0.9329663515090942,0.919830322265625,0.8164172172546387,0.8063426613807678,0.23134878277778625,3.36508846282959,3.2644948959350586,7.386197090148926,0.2573990821838379,1.5650660991668701,4.121702194213867,1.3076670169830322
3682,58,7,35,False,contact_no_motion,True,0.17498567700386047,0.05220996215939522,0.03302433341741562,27.73297119140625,26.3460693359375,0.9289699792861938,0.9144379496574402,0.8075289130210876,0.7911484241485596,10.984845161437988,4.530439376831055,5.848029613494873,5.176838397979736,0.3732800781726837,1.0330866575241089,-0.6711912155151367,0.6598066091537476
3762,4,0,0,True,initial,False,0.0,0.0,1.4123488348890406e-13,25.406599044799805,25.40662956237793,0.9048783779144287,0.9048798084259033,0.774207353591919,0.774207353591919,5.167027950286865,5.167027950286865,2.6933653354644775,2.693394422531128,0.9513633847236633,0.9513633847236633,2.9087066650390625e-05,0.0
3762,4,1,5,True,free_motion,False,0.0,0.0,8.791892994880479e-14,25.953786849975586,25.953792572021484,0.9130859971046448,0.9130849838256836,0.7825083136558533,0.7825083136558533,5.586076259613037,5.586082458496094,1.7071352005004883,1.7071352005004883,0.9263648986816406,0.9263648986816406,0.0,0.0
3762,4,2,10,True,effective_push,True,12.195195198059082,5.1910529136657715,1.3884957094680017e-13,26.35986328125,26.359758377075195,0.9156618714332581,0.9156607985496521,0.7895960211753845,0.7895960211753845,3.7779335975646973,3.777963876724243,4.266791820526123,4.266809940338135,1.7462608814239502,1.7462881803512573,1.811981201171875e-05,2.7298927307128906e-05
3762,4,3,15,False,effective_push,True,43.47868347167969,14.33544635772705,0.0027796225622296333,26.50484848022461,26.321735382080078,0.9185421466827393,0.9164667129516602,0.7921275496482849,0.7908177971839905,7.126633167266846,8.567427635192871,4.6041693687438965,3.997166395187378,3.1305489540100098,0.8009353280067444,-0.6070029735565186,-2.32961368560791
3762,4,4,20,False,effective_push,True,48.32279586791992,15.461334228515625,0.007031422108411789,26.696006774902344,25.989627838134766,0.9170764684677124,0.9110164046287537,0.7902757525444031,0.7806071043014526,4.680586338043213,7.331026554107666,2.240260124206543,3.0384645462036133,2.596100330352783,4.201959609985352,0.7982044219970703,1.6058592796325684
3762,4,5,25,False,effective_push,True,51.62082290649414,20.061767578125,0.014861132018268108,27.195194244384766,25.745880126953125,0.9235281348228455,0.9106355905532837,0.7977377772331238,0.7780882120132446,4.364354610443115,4.576461315155029,3.8013079166412354,1.5035111904144287,0.5209795236587524,6.296478271484375,-2.2977967262268066,5.775498867034912
3762,4,6,30,False,effective_push,True,60.04912567138672,19.99794578552246,0.02050960063934326,26.495468139648438,25.74163818359375,0.9181159138679504,0.910348653793335,0.7877539396286011,0.7839506268501282,4.656610012054443,1.868386149406433,4.910850524902344,7.2964653968811035,6.826528072357178,0.322767436504364,2.3856148719787598,-6.503760814666748
3762,4,7,35,False,effective_push,True,47.15062713623047,16.677627563476562,0.02445877343416214,25.312835693359375,24.822494506835938,0.9102221727371216,0.9011516571044922,0.7722268104553223,0.7682064175605774,14.405975341796875,3.9090943336486816,1.4871019124984741,5.539731979370117,3.3259196281433105,2.3538198471069336,4.0526299476623535,-0.972099781036377
3876,16,0,0,True,initial,False,0.0,0.0,1.447626605177374e-13,25.933008193969727,25.933048248291016,0.9190011620521545,0.9190013408660889,0.7802883386611938,0.7802883386611938,5.735024452209473,5.735024452209473,5.888142108917236,5.888108253479004,0.610004186630249,0.6099905371665955,-3.3855438232421875e-05,-1.3649463653564453e-05
3876,16,1,5,True,free_motion,False,0.0,0.0,1.4855431880282655e-13,26.402774810791016,26.402645111083984,0.9212052822113037,0.9212029576301575,0.7883405685424805,0.7883405685424805,8.546592712402344,8.546554565429688,4.922994136810303,4.922934055328369,1.4965218305587769,1.4965354204177856,-6.008148193359375e-05,1.3589859008789062e-05
3876,16,2,10,True,free_motion,False,0.0,0.0,1.41960052111971e-13,26.85011100769043,26.850177764892578,0.9224141240119934,0.9224151372909546,0.7952045202255249,0.7953166961669922,6.786322116851807,6.786332130432129,2.7680904865264893,2.7680752277374268,2.902256727218628,2.902256727218628,-1.52587890625e-05,0.0
3876,16,3,15,False,effective_push,True,5.051261901855469,1.0785551071166992,0.0023080985993146896,27.349672317504883,27.37811851501465,0.9251156449317932,0.9256300926208496,0.8020253777503967,0.8006265759468079,7.097796440124512,8.923370361328125,3.224273920059204,5.118648052215576,2.6833081245422363,2.809898853302002,1.894374132156372,0.12659072875976562
3876,16,4,20,False,effective_push,True,11.590485572814941,1.2359362840652466,0.008238457143306732,27.159744262695312,26.48248291015625,0.924331545829773,0.9186121821403503,0.8013952374458313,0.7995162010192871,12.070802688598633,11.958230018615723,4.693364143371582,11.430418014526367,1.4059535264968872,2.3435471057891846,6.737053871154785,0.9375935792922974
3876,16,5,25,False,free_motion,False,0.31410694122314453,0.28330257534980774,0.011267304420471191,27.376243591308594,26.99539566040039,0.9247080087661743,0.9225116968154907,0.8011128306388855,0.7999714612960815,12.794204711914062,18.1413516998291,3.9224088191986084,9.270581245422363,2.0076658725738525,0.5143952369689941,5.348172187805176,-1.4932706356048584
3876,16,6,30,False,free_motion,False,0.0,0.0,0.009976236149668694,27.039955139160156,26.74656105041504,0.9220754504203796,0.9209592342376709,0.793552041053772,0.7909501194953918,15.491531372070312,19.26607322692871,2.943748950958252,7.738605976104736,1.3174206018447876,1.0313996076583862,4.794857025146484,-0.28602099418640137
3876,16,7,35,False,effective_push,True,7.706880569458008,6.052148342132568,0.005808275192975998,27.07135009765625,26.916486740112305,0.9226648211479187,0.9212767481803894,0.7971798777580261,0.7958487272262573,12.19343090057373,13.203386306762695,3.9748663902282715,8.073318481445312,0.18650515377521515,2.4167532920837402,4.098452091217041,2.230248212814331
3919,69,0,0,True,initial,False,0.0,0.0,1.1934003047928132e-13,22.523691177368164,22.52364730834961,0.8868827223777771,0.8868831396102905,0.6941445469856262,0.6941445469856262,7.589086055755615,7.589070796966553,29.673490524291992,29.673490524291992,38.132904052734375,38.13291931152344,0.0,1.52587890625e-05
3919,69,1,5,True,free_motion,False,0.0,0.0,1.3624930177147387e-13,22.614362716674805,22.61425018310547,0.887620747089386,0.8876187801361084,0.6991308927536011,0.6991308927536011,9.34160041809082,9.341601371765137,28.58848762512207,28.588481903076172,37.89918899536133,37.89918899536133,-5.7220458984375e-06,0.0
3919,69,2,10,True,free_motion,False,0.0,0.0,1.0449571709227751e-13,22.441871643066406,22.44182586669922,0.8855475187301636,0.8855466246604919,0.6861640810966492,0.6861640810966492,12.49443531036377,12.49439525604248,28.61063003540039,28.61060333251953,42.10090255737305,42.10089111328125,-2.6702880859375e-05,-1.1444091796875e-05
3919,69,3,15,False,free_motion,False,0.0,0.0,0.0038560964167118073,22.21729278564453,22.198917388916016,0.8853145241737366,0.8844033479690552,0.6843164563179016,0.6809391975402832,4.0985798835754395,2.3235628604888916,30.44589614868164,29.93853759765625,40.01090621948242,39.842979431152344,-0.5073585510253906,-0.16792678833007812
3919,69,4,20,False,free_motion,False,0.0,0.0,0.00791036244481802,21.724071502685547,21.263437271118164,0.881852924823761,0.872265636920929,0.6605425477027893,0.6118970513343811,6.208920955657959,25.948345184326172,30.89277458190918,32.507144927978516,34.231693267822266,33.99174880981445,1.614370346069336,-0.2399444580078125
3919,69,5,25,False,free_motion,False,0.0,0.0,0.009023398160934448,21.343608856201172,21.293994903564453,0.876776933670044,0.8733978867530823,0.6352328062057495,0.6211995482444763,6.0973944664001465,38.22399139404297,32.60129165649414,33.51681900024414,33.32047653198242,29.72174644470215,0.91552734375,-3.5987300872802734
3919,69,6,30,False,free_motion,False,0.0,0.0,0.01050393097102642,21.5565185546875,21.362516403198242,0.8812754154205322,0.8784003257751465,0.6522598266601562,0.6392722129821777,10.808353424072266,53.054039001464844,34.803009033203125,34.583309173583984,32.49650955200195,24.79082679748535,-0.21969985961914062,-7.705682754516602
3919,69,7,35,False,free_motion,False,0.0,0.0,0.013001689687371254,21.557605743408203,21.302127838134766,0.8811941146850586,0.8786097764968872,0.6539415121078491,0.6403089165687561,16.439842224121094,60.47793197631836,36.01527404785156,35.12516403198242,30.96044158935547,20.022235870361328,-0.8901100158691406,-10.93820571899414
4331,30,0,0,True,initial,True,0.0,0.0,9.087293363543164e-14,27.819307327270508,27.81935691833496,0.9270127415657043,0.927014172077179,0.8184610605239868,0.8183074593544006,2.380885601043701,2.380885601043701,7.246417045593262,7.246456623077393,3.1373517513275146,3.1373517513275146,3.9577484130859375e-05,0.0
4331,30,1,5,True,effective_push,True,3.853480815887451,17.944190979003906,1.0693170253341794e-13,27.54533576965332,27.545223236083984,0.9266852140426636,0.9266844987869263,0.805450439453125,0.805450439453125,4.780900955200195,4.780921459197998,7.660029888153076,7.660029888153076,1.4433727264404297,1.4433692693710327,0.0,-3.4570693969726562e-06
4331,30,2,10,True,effective_push,True,9.745382308959961,1.1129792928695679,9.10381457177277e-14,27.74916648864746,27.749187469482422,0.9275919198989868,0.9275917410850525,0.8054194450378418,0.8054194450378418,12.895193099975586,12.895198822021484,12.727178573608398,12.727169036865234,0.5766131281852722,0.5766156911849976,-9.5367431640625e-06,2.562999725341797e-06
4331,30,3,15,False,effective_push,True,8.336899757385254,1.6185225248336792,0.01833341270685196,28.023235321044922,26.85045051574707,0.9300876259803772,0.9214490056037903,0.8120638728141785,0.8038550615310669,4.631249904632568,11.507871627807617,11.288599967956543,12.008674621582031,0.313610702753067,2.315263509750366,0.7200746536254883,2.001652717590332
4331,30,4,20,False,free_motion,False,0.0,0.0,0.012910264544188976,27.83078384399414,26.431896209716797,0.9305161237716675,0.9205105304718018,0.8094131946563721,0.7971770763397217,8.994768142700195,9.690266609191895,10.517637252807617,12.470297813415527,0.5299108624458313,2.4358272552490234,1.9526605606079102,1.905916452407837
4331,30,5,25,False,free_motion,False,0.0,0.0,0.013511581346392632,28.30425262451172,27.01655387878418,0.9316665530204773,0.9227074384689331,0.8140438199043274,0.8064066767692566,10.414292335510254,14.62656307220459,10.946024894714355,11.568618774414062,0.2141827791929245,2.8016438484191895,0.622593879699707,2.587460994720459
4331,30,6,30,False,free_motion,False,0.0,0.0,0.01468944363296032,27.632984161376953,26.731245040893555,0.9296538233757019,0.9229102730751038,0.8068795204162598,0.8007363080978394,6.458633899688721,4.957668781280518,10.571531295776367,10.995294570922852,0.3619334399700165,2.032426118850708,0.4237632751464844,1.6704926490783691
4331,30,7,35,False,free_motion,False,0.0,0.0,0.015365783125162125,26.763717651367188,26.771404266357422,0.9237472414970398,0.9216405153274536,0.7906660437583923,0.7878970503807068,12.964824676513672,17.40859603881836,13.620071411132812,9.785078048706055,1.8049321174621582,3.27630352973938,-3.834993362426758,1.4713714122772217
4333,39,0,0,True,initial,False,0.0,0.0,1.1392389852662999e-13,24.134449005126953,24.13448143005371,0.9035623669624329,0.9035627841949463,0.7358841896057129,0.7358841896057129,13.82651138305664,13.826518058776855,19.17862892150879,19.1785888671875,4.477107048034668,4.477107048034668,-4.00543212890625e-05,0.0
4333,39,1,5,True,effective_push,True,27.54151725769043,13.195596694946289,8.836104048969007e-14,24.96282958984375,24.96291160583496,0.9063788056373596,0.9063796401023865,0.7639760375022888,0.7639760375022888,10.057173728942871,10.057199478149414,3.40616774559021,3.406174421310425,0.12835291028022766,0.12835291028022766,6.67572021484375e-06,0.0
4333,39,2,10,True,effective_push,True,4.011165142059326,1.8154915571212769,1.1299096288599694e-13,24.718402862548828,24.718372344970703,0.904766857624054,0.9047666788101196,0.7623094916343689,0.7624560594558716,19.25628089904785,19.25629234313965,1.2545653581619263,1.2545653581619263,3.504406213760376,3.504406213760376,0.0,0.0
4333,39,3,15,False,effective_push,True,3.191706895828247,0.012676830403506756,0.009380750358104706,24.68519401550293,24.906606674194336,0.9051852822303772,0.9054567217826843,0.7583621740341187,0.7641756534576416,9.719731330871582,17.03447914123535,2.4947922229766846,2.5004141330718994,0.6539496183395386,1.9392000436782837,0.005621910095214844,1.2852504253387451
4333,39,4,20,False,effective_push,True,12.720023155212402,5.344048976898193,0.03014955297112465,24.196727752685547,24.065458297729492,0.9008835554122925,0.8996735215187073,0.7468767762184143,0.7448207139968872,6.83683967590332,12.736857414245605,8.94944953918457,5.913691997528076,5.865138053894043,4.679143905639648,-3.035757541656494,-1.1859941482543945
4333,39,5,25,False,free_motion,False,0.0,0.0,0.03338594734668732,23.7261962890625,22.886913299560547,0.8964447975158691,0.8885030746459961,0.7279911041259766,0.6986207962036133,11.828447341918945,8.112597465515137,1.9009822607040405,6.124389171600342,3.125849723815918,4.699552536010742,4.223406791687012,1.5737028121948242
4333,39,6,30,False,free_motion,False,0.0,0.0,0.03741632401943207,23.824377059936523,22.887908935546875,0.8943825960159302,0.8859096169471741,0.7288488149642944,0.6912814974784851,7.8363471031188965,10.361132621765137,4.5056281089782715,8.566398620605469,3.16125750541687,5.471117973327637,4.060770511627197,2.3098604679107666
4333,39,7,35,False,free_motion,False,0.0,0.0,0.04050832986831665,23.989831924438477,22.98455238342285,0.8970358371734619,0.8885719776153564,0.736871600151062,0.701938807964325,12.935677528381348,7.779307842254639,2.6712756156921387,8.480053901672363,3.6780295372009277,4.665675163269043,5.808778285980225,0.9876456260681152
4348,4,0,0,True,initial,False,0.0,0.0,1.515166843987087e-13,26.971508026123047,26.97176170349121,0.9276279807090759,0.9276286959648132,0.7915902137756348,0.7915902137756348,13.469388008117676,13.469359397888184,4.406418800354004,4.406452655792236,1.8397037982940674,1.839693546295166,3.3855438232421875e-05,-1.0251998901367188e-05
4348,4,1,5,True,free_motion,False,0.0,0.0,1.3527094483607727e-13,25.396678924560547,25.39668083190918,0.9212260246276855,0.921225905418396,0.7652991414070129,0.7652991414070129,11.761280059814453,11.761228561401367,2.256732702255249,2.256737470626831,1.056800127029419,1.0567857027053833,4.76837158203125e-06,-1.4424324035644531e-05
4348,4,2,10,True,free_motion,False,0.0,0.0,8.419653863001031e-14,26.668710708618164,26.66870880126953,0.9257814288139343,0.9257818460464478,0.7930547595024109,0.7930547595024109,3.628495454788208,3.62849760055542,3.429791212081909,3.429791212081909,0.701340913772583,0.7013349533081055,0.0,-5.9604644775390625e-06
4348,4,3,15,False,free_motion,False,0.0,0.0,0.003979576285928488,26.394607543945312,25.97902488708496,0.9246582984924316,0.9234524369239807,0.7846326231956482,0.778118908405304,6.245288372039795,2.3316574096679688,8.464380264282227,5.3541083335876465,0.029549960047006607,0.9263930916786194,-3.11027193069458,0.8968431353569031
4348,4,4,20,False,free_motion,False,0.0,0.0,0.005786088760942221,25.96495819091797,25.847322463989258,0.9229142665863037,0.9217022657394409,0.7787328362464905,0.7778085470199585,16.821537017822266,14.090296745300293,5.4801554679870605,2.316147565841675,0.64509516954422,0.29614418745040894,-3.1640079021453857,-0.34895098209381104
4348,4,5,25,False,free_motion,False,0.0,0.0,0.007815396413207054,27.303077697753906,27.190147399902344,0.9267870783805847,0.9249628782272339,0.8012546300888062,0.799914538860321,9.087236404418945,14.08220100402832,5.341888427734375,2.4134035110473633,1.2121716737747192,1.710114598274231,-2.9284849166870117,0.4979429244995117
4348,4,6,30,False,effective_push,True,31.4706974029541,12.60595989227295,0.015241834335029125,27.228057861328125,27.209335327148438,0.9234857559204102,0.922929584980011,0.8079584836959839,0.8061356544494629,6.002545356750488,6.021911144256592,2.1489031314849854,4.552787780761719,0.881371021270752,0.45013168454170227,2.4038846492767334,-0.4312393367290497
4348,4,7,35,False,effective_push,True,41.28152084350586,11.777362823486328,0.036736324429512024,28.165409088134766,27.014217376708984,0.9295274019241333,0.9201157689094543,0.8132995963096619,0.8034605383872986,5.589512825012207,1.4341943264007568,1.8004244565963745,8.281492233276367,0.8575780987739563,3.471020221710205,6.481067657470703,2.6134421825408936
4394,24,0,0,True,initial,False,0.0,0.0,1.4572086484525293e-13,25.650197982788086,25.65007972717285,0.9238154292106628,0.923814594745636,0.7761256098747253,0.7761256098747253,10.093454360961914,10.09348201751709,4.154513359069824,4.154514789581299,0.4428088665008545,0.4428173899650574,1.430511474609375e-06,8.52346420288086e-06
4394,24,1,5,True,effective_push,True,4.352043628692627,2.036994457244873,1.1757818839646522e-13,27.43309211730957,27.433021545410156,0.9278707504272461,0.9278709292411804,0.8065071105957031,0.8065071105957031,8.519840240478516,8.519824028015137,5.138616561889648,5.138609886169434,0.26463738083839417,0.26464420557022095,-6.67572021484375e-06,6.8247318267822266e-06
4394,24,2,10,True,effective_push,True,38.51422882080078,14.297784805297852,9.377947637195794e-14,27.429553985595703,27.42969512939453,0.9240389466285706,0.9240391254425049,0.8094615936279297,0.8094615936279297,3.7138118743896484,3.713784694671631,0.8810036778450012,0.8810047507286072,1.447426438331604,1.447422981262207,1.0728836059570312e-06,-3.4570693969726562e-06
4394,24,3,15,False,effective_push,True,40.56298828125,10.890108108520508,0.005760022904723883,28.341796875,27.97037124633789,0.9314326047897339,0.9279257655143738,0.813551664352417,0.8118811845779419,2.323857545852661,0.9223169684410095,1.7071739435195923,2.110543727874756,0.17149239778518677,2.105187177658081,0.4033697843551636,1.933694839477539
4394,24,4,20,False,effective_push,True,34.334556579589844,9.51995849609375,0.014329741708934307,28.19881248474121,27.18437957763672,0.9295375943183899,0.9197918772697449,0.8183348774909973,0.8065787553787231,7.515371799468994,6.641105651855469,1.8524612188339233,1.2796523571014404,0.9326760172843933,1.6519564390182495,-0.5728088617324829,0.7192804217338562
4394,24,5,25,False,effective_push,True,38.68183517456055,12.124404907226562,0.009306192398071289,28.369253158569336,28.494171142578125,0.9324091672897339,0.9338124394416809,0.8169230818748474,0.8189668655395508,8.710099220275879,12.2466402053833,3.8588762283325195,5.153289318084717,0.6130231618881226,2.02476167678833,1.2944130897521973,1.4117385149002075
4394,24,6,30,False,contact_no_motion,True,0.9255182147026062,0.28562483191490173,0.009173464961349964,28.017148971557617,28.24312973022461,0.9282590746879578,0.9313520193099976,0.8107943534851074,0.8129870295524597,5.492809772491455,7.711130142211914,2.4926624298095703,4.53394889831543,0.5916241407394409,0.6821992993354797,2.0412864685058594,0.09057515859603882
4394,24,7,35,False,free_motion,False,0.0,0.0,0.010014090687036514,28.29465103149414,29.09242820739746,0.9292783737182617,0.9366890788078308,0.8146111369132996,0.8166771531105042,1.788695216178894,5.529956817626953,3.9580955505371094,8.128410339355469,1.465505838394165,1.4658405780792236,4.170314788818359,0.00033473968505859375
4475,14,0,0,True,initial,True,0.0,0.0,1.7740816411412896e-13,26.29949188232422,26.299556732177734,0.9178187251091003,0.9178188443183899,0.7865612506866455,0.7865612506866455,2.0321462154388428,2.0321226119995117,8.023809432983398,8.023809432983398,1.406882405281067,1.406882405281067,0.0,0.0
4475,14,1,5,True,effective_push,True,48.43202209472656,17.091127395629883,1.127867534068093e-13,25.461320877075195,25.461288452148438,0.9096611738204956,0.9096612930297852,0.7842201590538025,0.7842201590538025,8.63344669342041,8.633489608764648,11.664939880371094,11.664928436279297,1.835080623626709,1.8351079225540161,-1.1444091796875e-05,2.7298927307128906e-05
4475,14,2,10,True,effective_push,True,25.383392333984375,13.13415241241455,7.761595999158238e-14,26.64422607421875,26.644155502319336,0.9195372462272644,0.9195364713668823,0.7968337535858154,0.7968337535858154,16.33747673034668,16.337509155273438,2.499703884124756,2.499703884124756,1.7446762323379517,1.7446762323379517,0.0,0.0
4475,14,3,15,False,effective_push,True,7.667360782623291,4.466588497161865,0.003912043292075396,26.50930404663086,26.606943130493164,0.9225864410400391,0.9222092032432556,0.7865102887153625,0.7868660092353821,15.226619720458984,15.394607543945312,4.419196128845215,4.941520690917969,3.170940637588501,3.8485443592071533,0.5223245620727539,0.6776037216186523
4475,14,4,20,False,free_motion,False,0.0,0.0,0.00894306879490614,27.269479751586914,26.779804229736328,0.9244514107704163,0.9221556782722473,0.8000890612602234,0.7940915822982788,11.612020492553711,9.034729957580566,1.9277094602584839,1.4809578657150269,1.9792824983596802,2.152564764022827,-0.44675159454345703,0.17328226566314697
4475,14,5,25,False,free_motion,False,0.0,0.0,0.011878348886966705,26.768402099609375,26.978418350219727,0.922358512878418,0.9226716756820679,0.7909854054450989,0.7928749918937683,10.343463897705078,10.69450569152832,5.0095648765563965,5.928913116455078,2.749302387237549,2.584970474243164,0.9193482398986816,-0.16433191299438477
4475,14,6,30,False,free_motion,False,0.0,0.0,0.016612909734249115,27.49223518371582,26.96674156188965,0.9263114333152771,0.9226135015487671,0.7994953989982605,0.7968587875366211,3.3595130443573,7.69827938079834,6.077552318572998,6.711346626281738,0.9783219695091248,1.1671890020370483,0.6337943077087402,0.18886703252792358
4475,14,7,35,False,effective_push,True,22.60612678527832,9.180989265441895,0.011480271816253662,27.622100830078125,26.822938919067383,0.9275190830230713,0.9225462675094604,0.8039423823356628,0.7977375388145447,5.929083824157715,15.904962539672852,4.997298717498779,6.314501762390137,1.358482837677002,0.0742655023932457,1.3172030448913574,-1.284217357635498
4501,13,0,0,True,initial,True,0.0,0.0,1.1694440446401166e-13,26.32023048400879,26.319997787475586,0.9168978929519653,0.916895866394043,0.7869082689285278,0.7867977619171143,3.3692378997802734,3.369253158569336,6.135256767272949,6.135246753692627,0.7717840671539307,0.7717840671539307,-1.0013580322265625e-05,0.0
4501,13,1,5,True,effective_push,True,49.70049285888672,18.022764205932617,7.775193249653922e-14,26.046781539916992,26.046688079833984,0.9153897762298584,0.9153896570205688,0.7896367311477661,0.7896367311477661,2.3811604976654053,2.3811657428741455,15.26723575592041,15.267232894897461,1.3698900938034058,1.3698627948760986,-2.86102294921875e-06,-2.7298927307128906e-05
4501,13,2,10,True,effective_push,True,31.671375274658203,14.14824390411377,1.0444063962191524e-13,25.966527938842773,25.96676254272461,0.9123896360397339,0.9123914837837219,0.7922796607017517,0.7922796607017517,14.987282752990723,14.987275123596191,2.452129364013672,2.452150344848633,0.9367741346359253,0.9367741346359253,2.09808349609375e-05,0.0
4501,13,3,15,False,effective_push,True,12.647903442382812,7.121646404266357,0.0070068552158772945,25.920948028564453,26.265268325805664,0.917499840259552,0.9195504784584045,0.7824053764343262,0.7826341390609741,17.020666122436523,13.585780143737793,4.96867561340332,5.556889533996582,4.02888298034668,2.8766281604766846,0.5882139205932617,-1.1522548198699951
4501,13,4,20,False,free_motion,False,0.0,0.0,0.0073689054697752,26.935503005981445,26.4932861328125,0.9231110215187073,0.9194103479385376,0.793563723564148,0.7926738858222961,12.094334602355957,8.116873741149902,4.278476238250732,2.3276941776275635,2.273232936859131,1.9949928522109985,-1.950782060623169,-0.2782400846481323
4501,13,5,25,False,free_motion,False,0.0,0.0,0.008716477081179619,26.523303985595703,26.67563247680664,0.9207128286361694,0.920384407043457,0.7876601219177246,0.7901799082756042,13.966821670532227,10.43563461303711,7.923923015594482,4.132352352142334,3.271000862121582,3.0623092651367188,-3.7915706634521484,-0.20869159698486328
4501,13,6,30,False,free_motion,False,0.0,0.0,0.010170573368668556,27.263595581054688,26.9903564453125,0.9234462976455688,0.9222976565361023,0.7975624203681946,0.7964365482330322,1.888628602027893,4.2163190841674805,8.602015495300293,4.066643238067627,2.1103692054748535,2.2381653785705566,-4.535372257232666,0.12779617309570312
4501,13,7,35,False,effective_push,True,9.56977653503418,4.312499046325684,0.01579248532652855,27.496776580810547,26.768186569213867,0.9262463450431824,0.9217750430107117,0.8024114370346069,0.7972426414489746,8.850461959838867,16.969640731811523,6.684452056884766,7.1840901374816895,0.14922939240932465,0.03419363498687744,0.49963808059692383,-0.1150357574224472
4547,19,0,0,True,initial,True,0.0,0.0,1.527334438393077e-13,28.113170623779297,28.113162994384766,0.9279998540878296,0.9280003905296326,0.8193538784980774,0.8193538784980774,2.2976818084716797,2.297649621963501,3.4452195167541504,3.445190191268921,0.0063862269744277,0.006389642134308815,-2.9325485229492188e-05,3.4151598811149597e-06
4547,19,1,5,True,effective_push,True,23.46674156188965,10.64062786102295,1.0246263473095985e-13,28.86041831970215,28.860387802124023,0.9346896409988403,0.9346904158592224,0.8244499564170837,0.8243222236633301,6.056554317474365,6.056571006774902,3.926381826400757,3.926412343978882,0.688052773475647,0.6880459189414978,3.0517578125e-05,-6.854534149169922e-06
4547,19,2,10,True,effective_push,True,6.160700798034668,2.434128999710083,1.1742298485547392e-13,28.570728302001953,28.5709285736084,0.9324500560760498,0.9324513077735901,0.8148090243339539,0.8148090243339539,5.0218353271484375,5.021899700164795,4.872769355773926,4.872769355773926,0.04059181362390518,0.04059181362390518,0.0,0.0
4547,19,3,15,False,contact_no_motion,True,0.021359361708164215,0.008127924986183643,0.0028574520256370306,27.47408676147461,27.3587589263916,0.9276789426803589,0.9276722073554993,0.7970417737960815,0.7959805130958557,8.668861389160156,9.53569221496582,4.932642459869385,6.219124794006348,0.4443311393260956,0.29424795508384705,1.286482334136963,-0.15008318424224854
4547,19,4,20,False,free_motion,False,0.0,0.0,0.005002159159630537,27.2226619720459,27.14491844177246,0.927359402179718,0.9275633096694946,0.7956204414367676,0.7958035469055176,8.132871627807617,3.834987163543701,1.5568621158599854,5.060666084289551,0.6098573803901672,0.6878342032432556,3.5038039684295654,0.07797682285308838
4547,19,5,25,False,free_motion,False,0.0,0.0,0.005867806728929281,27.900238037109375,27.869815826416016,0.9302921295166016,0.9298319816589355,0.8058207631111145,0.8059747219085693,7.347644805908203,5.6987175941467285,0.7593472003936768,4.793422222137451,0.3450167775154114,0.3712037205696106,4.034074783325195,0.02618694305419922
4547,19,6,30,False,free_motion,False,0.0,0.0,0.008440323173999786,28.721874237060547,28.727924346923828,0.9347849488258362,0.9350486993789673,0.8108989000320435,0.8109282851219177,1.9267899990081787,3.0831234455108643,2.030250310897827,6.577805995941162,0.026733361184597015,0.026651399210095406,4.547555923461914,-8.19619745016098e-05
4547,19,7,35,False,effective_push,True,7.809132099151611,0.04962815344333649,0.00843687355518341,29.08646583557129,28.722536087036133,0.9361127614974976,0.9327483773231506,0.8190023899078369,0.8184844851493835,1.6381714344024658,8.109097480773926,1.7821589708328247,8.557228088378906,1.3868836164474487,1.601354956626892,6.775069236755371,0.21447134017944336
4616,6,0,0,True,initial,False,0.0,0.0,9.911883325827014e-14,28.17181396484375,28.171903610229492,0.9325559139251709,0.9325571656227112,0.8155632615089417,0.8155632615089417,1.7767930030822754,1.776818037033081,4.252857208251953,4.252871990203857,0.9711197018623352,0.9711231589317322,1.4781951904296875e-05,3.4570693969726562e-06
4616,6,1,5,True,free_motion,False,0.0,0.0,1.253538288795153e-13,27.855514526367188,27.855621337890625,0.9305424690246582,0.9305430054664612,0.8101284503936768,0.8101284503936768,0.8542865514755249,0.8542677164077759,3.9848334789276123,3.9848334789276123,0.06485605984926224,0.06484923511743546,0.0,-6.8247318267822266e-06
4616,6,2,10,True,free_motion,False,0.0,0.0,1.534568912914258e-13,28.691484451293945,28.691617965698242,0.9337635636329651,0.9337641596794128,0.8206990361213684,0.8206990361213684,6.476119041442871,6.476119041442871,3.9091572761535645,3.9091522693634033,0.10995921492576599,0.10996604710817337,-5.0067901611328125e-06,6.83218240737915e-06
4616,6,3,15,False,effective_push,True,6.606624126434326,3.318788766860962,0.004438858013600111,28.876209259033203,28.315086364746094,0.934994637966156,0.932244598865509,0.8228928446769714,0.821842610836029,7.000014781951904,0.9228147268295288,2.836437702178955,1.1926549673080444,0.5096619129180908,0.9583609104156494,-1.6437827348709106,0.4486989974975586
4616,6,4,20,False,effective_push,True,20.110380172729492,9.30997085571289,0.017424650490283966,28.603370666503906,28.4897403717041,0.9328372478485107,0.9320666193962097,0.8169843554496765,0.8195828199386597,4.446262836456299,0.7535021305084229,4.08471155166626,2.8011844158172607,0.0035141324624419212,2.3190507888793945,-1.283527135848999,2.3155367374420166
4616,6,5,25,False,effective_push,True,2.377793550491333,1.1060124635696411,0.021653596311807632,28.486845016479492,28.306398391723633,0.9328436851501465,0.9321174621582031,0.8141579031944275,0.8178300857543945,7.325106620788574,2.8892574310302734,4.94450044631958,2.989755153656006,0.5325635075569153,2.591110944747925,-1.9547452926635742,2.0585474967956543
4616,6,6,30,False,free_motion,False,0.0,0.0,0.03540179878473282,26.929214477539062,27.04463005065918,0.9295492172241211,0.9273278713226318,0.7957427501678467,0.7993331551551819,3.37434983253479,3.901374340057373,3.560724973678589,3.245591402053833,0.07132766395807266,1.8749758005142212,-0.31513357162475586,1.8036481142044067
4616,6,7,35,False,free_motion,False,0.0,0.0,0.031665824353694916,27.692310333251953,27.430009841918945,0.9318105578422546,0.928809642791748,0.802589476108551,0.8063035607337952,1.8280344009399414,3.516029119491577,1.6167246103286743,4.88677453994751,0.2664012908935547,1.9335378408432007,3.270050048828125,1.667136549949646
4835,105,0,0,True,initial,False,0.0,0.0,1.4187360054124243e-13,22.66742515563965,22.6674861907959,0.8861328959465027,0.88613361120224,0.684007465839386,0.684007465839386,21.504369735717773,21.504348754882812,35.12642288208008,35.126461029052734,1.133920669555664,1.1339479684829712,3.814697265625e-05,2.7298927307128906e-05
4835,105,1,5,True,free_motion,False,0.0,0.0,1.2391974111344156e-13,22.632213592529297,22.632219314575195,0.8859908580780029,0.8859902620315552,0.6812724471092224,0.6813961863517761,17.041290283203125,17.04128646850586,33.92736053466797,33.927337646484375,1.3286904096603394,1.3286904096603394,-2.288818359375e-05,0.0
4835,105,2,10,True,free_motion,False,0.0,0.0,1.7807489424009892e-13,22.5230712890625,22.522960662841797,0.8831847906112671,0.8831843733787537,0.678469717502594,0.678469717502594,19.899614334106445,19.899723052978516,36.07012939453125,36.07017135620117,2.329832077026367,2.329832077026367,4.1961669921875e-05,0.0
4835,105,3,15,False,free_motion,False,0.0,0.0,0.003463544650003314,22.672624588012695,22.528764724731445,0.8832957744598389,0.881833016872406,0.6806282997131348,0.6742461919784546,9.065447807312012,14.529449462890625,37.94886016845703,39.504859924316406,2.7732481956481934,3.371955156326294,1.555999755859375,0.5987069606781006
4835,105,4,20,False,free_motion,False,0.0,0.0,0.006869712378829718,22.730052947998047,22.61661720275879,0.8843638896942139,0.8824692964553833,0.6845595836639404,0.6751450896263123,8.72920036315918,12.33195972442627,37.024871826171875,38.194332122802734,3.0698695182800293,6.247464656829834,1.1694602966308594,3.1775951385498047
4835,105,5,25,False,free_motion,False,0.0,0.0,0.01016994658857584,22.69466781616211,22.91775894165039,0.884581983089447,0.8882954716682434,0.6816876530647278,0.691230297088623,11.479202270507812,10.331219673156738,36.69073486328125,35.93433380126953,3.9034531116485596,8.93112850189209,-0.7564010620117188,5.027675628662109
4835,105,6,30,False,free_motion,False,0.0,0.0,0.011687343940138817,22.535804748535156,22.383975982666016,0.8827390074729919,0.8828612565994263,0.6754925847053528,0.6696843504905701,20.243593215942383,12.771240234375,36.55098342895508,41.477752685546875,2.1661808490753174,10.901884078979492,4.926769256591797,8.735703468322754
4835,105,7,35,False,free_motion,False,0.0,0.0,0.017664512619376183,22.490882873535156,22.6656494140625,0.8856852650642395,0.8882606029510498,0.6822081208229065,0.6915876269340515,16.40771484375,18.1740665435791,34.23672103881836,38.0908317565918,1.2221940755844116,12.697021484375,3.8541107177734375,11.474827766418457
4981,40,0,0,True,initial,True,0.0,0.0,9.879496174055799e-14,24.95322036743164,24.95328140258789,0.9059582948684692,0.9059595465660095,0.7623152732849121,0.7623152732849121,8.407057762145996,8.407052040100098,11.332174301147461,11.332183837890625,4.868258476257324,4.868258476257324,9.5367431640625e-06,0.0
4981,40,1,5,True,effective_push,True,19.020517349243164,13.9583101272583,1.0654595695297475e-13,24.19677734375,24.196773529052734,0.899879515171051,0.8998784422874451,0.744429349899292,0.744429349899292,6.152284622192383,6.152259826660156,9.960445404052734,9.960445404052734,0.12149540334939957,0.12149540334939957,0.0,0.0
4981,40,2,10,True,contact_no_motion,True,0.8978259563446045,0.6818714141845703,1.1727129141901604e-13,23.98392677307129,23.98383331298828,0.8949156999588013,0.8949142694473267,0.7381783723831177,0.7381783723831177,12.457868576049805,12.457923889160156,4.958804607391357,4.958780765533447,4.360720634460449,4.360747814178467,-2.384185791015625e-05,2.7179718017578125e-05
4981,40,3,15,False,free_motion,False,0.0,0.0,0.0034371609799563885,24.291290283203125,23.720497131347656,0.8971871137619019,0.8948860168457031,0.7481461763381958,0.7335201501846313,24.980928421020508,20.081817626953125,5.056641578674316,6.54163122177124,2.4845495223999023,3.0590505599975586,1.4849896430969238,0.5745010375976562
4981,40,4,20,False,free_motion,False,0.0,0.0,0.004768685437738895,23.526466369628906,23.342449188232422,0.9002834558486938,0.8980597257614136,0.733795702457428,0.7282304167747498,25.939697265625,22.568479537963867,2.2624011039733887,5.851234436035156,2.0492208003997803,2.7026238441467285,3.5888333320617676,0.6534030437469482
4981,40,5,25,False,free_motion,False,0.0,0.0,0.005447590723633766,24.65340805053711,24.403268814086914,0.9072993993759155,0.9041468501091003,0.7573519349098206,0.7547144293785095,20.753528594970703,18.131502151489258,3.1289455890655518,3.655546188354492,2.673527240753174,2.1246259212493896,0.5266005992889404,-0.5489013195037842
4981,40,6,30,False,effective_push,True,4.745848655700684,3.9534225463867188,0.014943699352443218,25.984764099121094,25.592239379882812,0.9144243597984314,0.9106851816177368,0.7787721753120422,0.7748953700065613,9.833412170410156,9.054976463317871,6.523627758026123,6.445647716522217,0.735037624835968,1.8119672536849976,-0.07798004150390625,1.0769295692443848
4981,40,7,35,False,effective_push,True,19.89801025390625,16.234102249145508,0.01162724755704403,26.615140914916992,25.734813690185547,0.9190487861633301,0.9108002185821533,0.7882921099662781,0.7793347239494324,6.3809285163879395,6.636258125305176,2.721578359603882,4.784180164337158,1.9776129722595215,1.4405415058135986,2.0626018047332764,-0.5370714664459229
5172,24,0,0,True,initial,False,0.0,0.0,1.2610781017531603e-13,24.870500564575195,24.87056541442871,0.916305422782898,0.9163064360618591,0.7556481957435608,0.7556481957435608,8.95275592803955,8.952725410461426,3.0693283081054688,3.0693459510803223,1.44663405418396,1.44663405418396,1.7642974853515625e-05,0.0
5172,24,1,5,True,free_motion,False,0.0,0.0,9.923522236148646e-14,25.724037170410156,25.72401237487793,0.9192596077919006,0.919259786605835,0.7754313349723816,0.7754313349723816,4.489777565002441,4.489712715148926,5.643033027648926,5.643076419830322,1.441497802734375,1.441497802734375,4.3392181396484375e-05,0.0
5172,24,2,10,True,free_motion,False,0.0,0.0,1.3577878513366948e-13,26.802461624145508,26.802499771118164,0.9214404821395874,0.921441912651062,0.7960423827171326,0.7959299087524414,7.592605113983154,7.592543601989746,3.2476096153259277,3.247570514678955,0.6800682544708252,0.6800682544708252,-3.910064697265625e-05,0.0
5172,24,3,15,False,effective_push,True,2.7121949195861816,17.753463745117188,0.005549615249037743,25.9707088470459,25.980091094970703,0.9141064882278442,0.9125286340713501,0.7799749374389648,0.7778394818305969,10.763978958129883,9.680490493774414,3.319638967514038,3.762249231338501,4.425334453582764,2.075667142868042,0.4426102638244629,-2.3496673107147217
5172,24,4,20,False,effective_push,True,3.9928953647613525,21.353191375732422,0.008406848646700382,26.17905044555664,25.8870849609375,0.91446852684021,0.9119138121604919,0.7818282842636108,0.7815243005752563,7.1719489097595215,8.556896209716797,4.497859954833984,5.012246131896973,0.3270021378993988,1.0092287063598633,0.5143861770629883,0.6822265386581421
5172,24,5,25,False,effective_push,True,3.8544812202453613,20.908327102661133,0.009052256122231483,27.666799545288086,26.504791259765625,0.9267683625221252,0.9165792465209961,0.8047277927398682,0.7990000247955322,1.4405287504196167,2.7513322830200195,1.7276569604873657,1.6011327505111694,0.9508989453315735,0.5205970406532288,-0.1265242099761963,-0.4303019046783447
5172,24,6,30,False,effective_push,True,4.544703006744385,18.564836502075195,0.01099688746035099,28.04623031616211,27.779951095581055,0.9291555285453796,0.9272719025611877,0.8115289807319641,0.8134926557540894,7.102100372314453,8.146206855773926,5.165490627288818,4.859358787536621,0.6361928582191467,2.542099952697754,-0.30613183975219727,1.905907154083252
5172,24,7,35,False,effective_push,True,1.951812982559204,8.862866401672363,0.010469968430697918,27.968080520629883,27.95570182800293,0.9293586611747742,0.9284688830375671,0.8111209273338318,0.8146507143974304,3.4732582569122314,6.763580322265625,4.582402229309082,3.901674270629883,0.7119593024253845,1.7558358907699585,-0.6807279586791992,1.0438766479492188
5223,39,0,0,True,initial,True,0.0,0.0,7.03263876712483e-14,25.813539505004883,25.813663482666016,0.9141681790351868,0.914169192314148,0.7865939140319824,0.7865939140319824,8.334868431091309,8.3348970413208,1.7962355613708496,1.7961993217468262,2.9634552001953125,2.963427782058716,-3.62396240234375e-05,-2.7418136596679688e-05
5223,39,1,5,True,effective_push,True,3.614065408706665,21.885536193847656,9.14667037314569e-14,25.818885803222656,25.81908416748047,0.9108598828315735,0.9108622670173645,0.7742470502853394,0.7742470502853394,5.756896018981934,5.756830215454102,2.7241318225860596,2.7241318225860596,0.3718901574611664,0.3718901574611664,0.0,0.0
5223,39,2,10,True,effective_push,True,5.589285373687744,22.82080841064453,1.0763703703299196e-13,27.07180404663086,27.071598052978516,0.9216725826263428,0.9216709136962891,0.8003131151199341,0.8001707792282104,2.7724809646606445,2.772470235824585,1.194510579109192,1.194510579109192,0.09693404287099838,0.09693404287099838,0.0,0.0
5223,39,3,15,False,effective_push,True,9.33889389038086,18.62751007080078,0.006122909486293793,27.272531509399414,26.97972869873047,0.9224753379821777,0.9198694229125977,0.8086767792701721,0.8065915107727051,9.085403442382812,9.670745849609375,6.917397499084473,4.47807502746582,0.6534525156021118,2.0685009956359863,-2.4393224716186523,1.4150484800338745
5223,39,4,20,False,effective_push,True,3.6703460216522217,7.390510082244873,0.009071048349142075,27.639328002929688,26.99235725402832,0.9260922074317932,0.9185273051261902,0.8066695928573608,0.8020222783088684,10.288603782653809,8.873579025268555,4.754303932189941,3.240063428878784,0.45381656289100647,2.456355571746826,-1.5142405033111572,2.0025389194488525
5223,39,5,25,False,contact_no_motion,True,0.33337122201919556,0.7760187387466431,0.013701125048100948,27.686071395874023,26.877910614013672,0.9283576607704163,0.9176010489463806,0.8054582476615906,0.8022780418395996,6.654881954193115,4.494308948516846,1.5126521587371826,0.9961428046226501,1.0088001489639282,2.67923641204834,-0.5165093541145325,1.6704362630844116
5223,39,6,30,False,free_motion,False,0.0,0.0,0.018082156777381897,26.907358169555664,25.594985961914062,0.9225162863731384,0.9110003709793091,0.7964537739753723,0.7820330262184143,8.908621788024902,16.62943458557129,2.5585687160491943,3.2411181926727295,2.0781970024108887,4.3287434577941895,0.6825494766235352,2.250546455383301
5223,39,7,35,False,free_motion,False,0.0,0.0,0.02460343763232231,26.136293411254883,25.54149627685547,0.9203730821609497,0.9110313653945923,0.7820059657096863,0.7783132791519165,8.040193557739258,13.024503707885742,8.413989067077637,6.271761894226074,1.6973661184310913,4.611351013183594,-2.1422271728515625,2.913984775543213
5274,29,0,0,True,initial,True,0.0,0.0,9.892814920118426e-14,27.168779373168945,27.16883659362793,0.9244614839553833,0.9244619011878967,0.8030909895896912,0.8030909895896912,6.466031074523926,6.466000556945801,4.283688545227051,4.283688545227051,0.06087064743041992,0.06087064743041992,0.0,0.0
5274,29,1,5,True,effective_push,True,31.677284240722656,19.378366470336914,7.004119506603956e-14,27.086456298828125,27.086734771728516,0.9235694408416748,0.9235712885856628,0.799345850944519,0.7994880676269531,3.3112587928771973,3.3112587928771973,5.4875617027282715,5.487574100494385,2.230302572250366,2.230302572250366,1.239776611328125e-05,0.0
5274,29,2,10,True,effective_push,True,53.00465393066406,19.16316032409668,1.2382639130639056e-13,26.97349739074707,26.973480224609375,0.9233051538467407,0.9233055710792542,0.8024746179580688,0.8024746179580688,2.1224920749664307,2.1224606037139893,1.5801379680633545,1.5801379680633545,0.40146806836128235,0.4014652967453003,0.0,-2.771615982055664e-06
5274,29,3,15,False,effective_push,True,54.57712936401367,17.38239288330078,0.009001977741718292,27.74906349182129,27.6622314453125,0.926787257194519,0.9268972873687744,0.813345193862915,0.8143962025642395,1.2753596305847168,6.241264820098877,2.4977376461029053,2.7632646560668945,0.9086559414863586,0.8573902249336243,0.26552700996398926,-0.051265716552734375
5274,29,4,20,False,effective_push,True,6.806953430175781,3.8548083305358887,0.01003771461546421,27.901277542114258,27.417261123657227,0.930079460144043,0.9256808757781982,0.8087859153747559,0.8100331425666809,3.3331642150878906,0.9417972564697266,0.35013347864151,3.8121933937072754,1.9751882553100586,1.2222537994384766,3.46205997467041,-0.752934455871582
5274,29,5,25,False,free_motion,False,0.0,0.0,0.018894458189606667,27.46044158935547,26.949108123779297,0.9274552464485168,0.9248047471046448,0.8062072992324829,0.8040992021560669,2.7261223793029785,7.554504871368408,5.290042877197266,5.215434551239014,0.17850187420845032,0.5872750282287598,-0.07460832595825195,0.40877315402030945
5274,29,6,30,False,free_motion,False,0.0,0.0,0.021718300879001617,27.962139129638672,27.3837947845459,0.9291207194328308,0.9247244596481323,0.8133771419525146,0.8119403123855591,5.332501411437988,2.0641441345214844,2.7892956733703613,2.2688567638397217,0.6400826573371887,1.7347689867019653,-0.5204389095306396,1.0946862697601318
5274,29,7,35,False,free_motion,False,0.0,0.0,0.027582034468650818,28.385631561279297,27.434307098388672,0.9312897324562073,0.9225685596466064,0.8170621991157532,0.8159555196762085,6.840997695922852,7.915272235870361,1.02315092086792,2.7836668491363525,0.6591627597808838,1.9926462173461914,1.7605159282684326,1.3334834575653076
5379,29,0,0,True,initial,False,0.0,0.0,1.1835503280557824e-13,24.131013870239258,24.13109016418457,0.9021497368812561,0.9021496176719666,0.7411811947822571,0.7411811947822571,7.182315826416016,7.182338237762451,6.1386613845825195,6.138617515563965,3.0761260986328125,3.0761260986328125,-4.38690185546875e-05,0.0
5379,29,1,5,True,effective_push,True,39.93064498901367,16.349641799926758,1.296086718852174e-13,25.32513427734375,25.325164794921875,0.9089763164520264,0.9089758992195129,0.7677595615386963,0.767864465713501,10.455839157104492,10.45584487915039,6.8858418464660645,6.88582706451416,3.364305257797241,3.364305257797241,-1.4781951904296875e-05,0.0
5379,29,2,10,True,effective_push,True,44.87388229370117,30.387428283691406,8.637880721026198e-14,25.88150978088379,25.881441116333008,0.9125328660011292,0.9125301837921143,0.7839245200157166,0.7839245200157166,9.715391159057617,9.715399742126465,7.935957908630371,7.935973167419434,2.861111640930176,2.8611390590667725,1.52587890625e-05,2.7418136596679688e-05
5379,29,3,15,False,effective_push,True,16.139684677124023,12.50943660736084,0.0052341278642416,26.674957275390625,26.589378356933594,0.9196830987930298,0.9196136593818665,0.7950114607810974,0.7954675555229187,10.051755905151367,7.929734230041504,5.891968727111816,8.80725383758545,0.28230538964271545,3.4802820682525635,2.915285110473633,3.197976589202881
5379,29,4,20,False,free_motion,False,0.0,0.0,0.010823878459632397,26.772871017456055,26.479291915893555,0.9199789762496948,0.9190592765808105,0.7945459485054016,0.7924932241439819,7.310456275939941,1.244920253753662,1.510799527168274,3.3776559829711914,0.8145956993103027,2.9777987003326416,1.8668564558029175,2.163203001022339
5379,29,5,25,False,free_motion,False,0.0,0.0,0.009007377550005913,25.43988800048828,25.092947006225586,0.9169313311576843,0.91631019115448,0.7791272401809692,0.773213267326355,0.506790041923523,4.341765403747559,3.304180145263672,6.173457145690918,1.5152637958526611,3.4197938442230225,2.869277000427246,1.9045300483703613
5379,29,6,30,False,free_motion,False,0.0,0.0,0.007645115256309509,25.8182373046875,25.897598266601562,0.9189573526382446,0.9198518991470337,0.7793599367141724,0.7812632322311401,5.872535228729248,4.050789833068848,3.517303943634033,6.54763126373291,0.5047783255577087,3.3117401599884033,3.030327320098877,2.80696177482605
5379,29,7,35,False,effective_push,True,3.7204296588897705,2.8874759674072266,0.011044500395655632,27.1274356842041,27.190534591674805,0.9222761988639832,0.9236335754394531,0.8003469705581665,0.8032786846160889,10.164939880371094,9.36994457244873,3.2374820709228516,10.62882137298584,1.6233447790145874,5.13785982131958,7.391339302062988,3.514514923095703
5689,59,0,0,True,initial,False,0.0,0.0,1.1309271525988471e-13,28.001476287841797,28.001644134521484,0.9321842193603516,0.9321860074996948,0.8108437657356262,0.8108437657356262,7.477602958679199,7.477652072906494,1.768423080444336,1.768423080444336,0.36887460947036743,0.36887460947036743,0.0,0.0
5689,59,1,5,True,free_motion,False,0.0,0.0,1.145490901568666e-13,28.30767059326172,28.307554244995117,0.9330506324768066,0.9330500364303589,0.8159509301185608,0.8159509301185608,3.5599801540374756,3.5599868297576904,3.1593289375305176,3.1593472957611084,0.5095492005348206,0.5095525979995728,1.8358230590820312e-05,3.3974647521972656e-06
5689,59,2,10,True,free_motion,False,0.0,0.0,1.1462591943331435e-13,28.663875579833984,28.664121627807617,0.9354245662689209,0.9354269504547119,0.8167868852615356,0.8167868852615356,0.41800886392593384,0.41803205013275146,2.176978588104248,2.176978588104248,0.3252297043800354,0.32523313164711,0.0,3.427267074584961e-06
5689,59,3,15,False,effective_push,True,7.393110275268555,2.622833490371704,0.01604933850467205,28.950918197631836,27.95559310913086,0.937835156917572,0.931083619594574,0.8209580183029175,0.8154155015945435,5.148454189300537,1.150925874710083,1.2372034788131714,1.7004504203796387,0.0284613985568285,2.782414197921753,0.4632469415664673,2.753952741622925
5689,59,4,20,False,effective_push,True,11.649797439575195,3.3953278064727783,0.0253293476998806,28.419435501098633,27.236452102661133,0.9344081282615662,0.9276124835014343,0.8113178014755249,0.8050441145896912,7.935573101043701,0.8184651136398315,2.5220773220062256,3.767214775085449,0.5075650215148926,2.8636934757232666,1.2451374530792236,2.356128454208374
5689,59,5,25,False,free_motion,False,0.0,0.0,0.03195914626121521,28.01083755493164,27.25736427307129,0.9309971332550049,0.9267138838768005,0.8061884045600891,0.8027346730232239,2.532853841781616,10.380980491638184,3.810199022293091,4.928755283355713,0.4105182886123657,2.915428638458252,1.118556261062622,2.504910469055176
5689,59,6,30,False,free_motion,False,0.0,0.0,0.04710432142019272,27.630178451538086,27.551532745361328,0.9288358688354492,0.9271191358566284,0.8012232184410095,0.8024483323097229,2.9623053073883057,12.954975128173828,5.891519069671631,4.029196262359619,0.3477078676223755,3.637359142303467,-1.8623228073120117,3.289651393890381
5689,59,7,35,False,free_motion,False,0.0,0.0,0.045985471457242966,28.113182067871094,28.014846801757812,0.9304003119468689,0.9290151596069336,0.8085041046142578,0.8085925579071045,4.363193988800049,10.335332870483398,5.540245532989502,2.191941976547241,0.4710269272327423,3.264031410217285,-3.3483035564422607,2.7930045127868652
5690,12,0,0,True,initial,False,0.0,0.0,1.6632496161600452e-13,26.425168991088867,26.425058364868164,0.9212635159492493,0.9212633967399597,0.7790787220001221,0.7790787220001221,6.115299701690674,6.115354061126709,6.010628700256348,6.010628700256348,1.8675103187561035,1.8675103187561035,0.0,0.0
5690,12,1,5,True,free_motion,False,0.0,0.0,1.3978550847219828e-13,27.317398071289062,27.31757354736328,0.92491614818573,0.9249182343482971,0.7957480549812317,0.7957480549812317,8.44931411743164,8.44937515258789,6.164578437805176,6.164571762084961,0.6923626065254211,0.6923626065254211,-6.67572021484375e-06,0.0
5690,12,2,10,True,free_motion,False,0.0,0.0,1.3642637909129507e-13,27.120014190673828,27.11988639831543,0.921139121055603,0.9211379885673523,0.7947019934654236,0.7947019934654236,8.187737464904785,8.187703132629395,6.205085277557373,6.205053329467773,0.6742216348648071,0.6742216348648071,-3.1948089599609375e-05,0.0
5690,12,3,15,False,effective_push,True,1.8605564832687378,10.914314270019531,0.00596060324460268,26.978139877319336,27.339130401611328,0.9197667837142944,0.9247297048568726,0.7968047261238098,0.8015279173851013,3.9789021015167236,2.694413185119629,7.798153400421143,7.893265724182129,1.5383498668670654,0.33487051725387573,0.09511232376098633,-1.203479290008545
5690,12,4,20,False,effective_push,True,2.8306491374969482,17.617460250854492,0.014441721141338348,27.523136138916016,27.50645637512207,0.9267314076423645,0.9261646866798401,0.8014129996299744,0.8034780025482178,4.29691219329834,3.710908889770508,7.397695064544678,8.86640739440918,2.3805034160614014,1.6808781623840332,1.468712329864502,-0.6996252536773682
5690,12,5,25,False,effective_push,True,1.2496297359466553,15.430038452148438,0.017269853502511978,28.358348846435547,27.69378662109375,0.9325000643730164,0.9259564280509949,0.8136245012283325,0.81087726354599,7.030253887176514,6.534137725830078,5.487422943115234,11.01375675201416,0.9856389760971069,1.4808447360992432,5.526333808898926,0.49520576000213623
5690,12,6,30,False,effective_push,True,2.488062858581543,15.504678726196289,0.02565661445260048,28.623878479003906,27.072124481201172,0.9347087740898132,0.9187861680984497,0.8194829225540161,0.8085237145423889,4.548666954040527,3.1058504581451416,5.406021595001221,8.306770324707031,0.21430060267448425,1.711843490600586,2.9007487297058105,1.4975428581237793
5690,12,7,35,False,effective_push,True,0.5663160085678101,2.940232276916504,0.04497823119163513,28.73565673828125,27.090662002563477,0.9358891844749451,0.9185754656791687,0.8206822276115417,0.8071058392524719,2.003321886062622,5.300312519073486,2.916886806488037,4.919269561767578,0.7156296372413635,1.4283428192138672,2.002382755279541,0.7127131819725037
6165,13,0,0,True,initial,True,0.0,0.0,1.2069999947433852e-13,26.114273071289062,26.11422348022461,0.918418824672699,0.9184189438819885,0.7829349637031555,0.7829349637031555,8.853900909423828,8.853891372680664,4.86903715133667,4.868983745574951,1.3485525846481323,1.3485525846481323,-5.340576171875e-05,0.0
6165,13,1,5,True,effective_push,True,0.38531631231307983,14.070380210876465,1.3129372534916722e-13,26.762950897216797,26.763010025024414,0.9199358820915222,0.9199360013008118,0.7919661998748779,0.7919661998748779,6.00965690612793,6.0096282958984375,5.02177095413208,5.021785259246826,0.9856236577033997,0.9856236577033997,1.430511474609375e-05,0.0
6165,13,2,10,True,effective_push,True,0.06484515964984894,10.59046745300293,1.7291646359132024e-13,27.098270416259766,27.098190307617188,0.9223761558532715,0.9223762154579163,0.7979568839073181,0.7979568839073181,8.329370498657227,8.32939624786377,6.353956699371338,6.353968620300293,2.0885488986968994,2.0885353088378906,1.1920928955078125e-05,-1.3589859008789062e-05
6165,13,3,15,False,effective_push,True,0.23500165343284607,18.34676170349121,0.0056846789084374905,26.770347595214844,26.448347091674805,0.9190579056739807,0.9167126417160034,0.7925434112548828,0.7903339266777039,8.490499496459961,8.413629531860352,7.235335826873779,6.936792373657227,1.4579721689224243,0.20662689208984375,-0.29854345321655273,-1.2513452768325806
6165,13,4,20,False,effective_push,True,0.29785603284835815,14.319531440734863,0.015043070539832115,27.22370147705078,26.25528335571289,0.9232588410377502,0.9172115921974182,0.7972781658172607,0.7917019724845886,7.504786491394043,10.401143074035645,5.0580902099609375,5.828326225280762,0.2708306610584259,1.0855834484100342,0.7702360153198242,0.8147528171539307
6165,13,5,25,False,effective_push,True,1.7500637769699097,10.10453987121582,0.01607939600944519,26.87763023376465,26.188030242919922,0.9209046363830566,0.9161074757575989,0.7922151684761047,0.7888497114181519,6.0346574783325195,9.31474494934082,5.361296653747559,7.193717956542969,0.08719419687986374,2.4796249866485596,1.8324213027954102,2.3924307823181152
6165,13,6,30,False,effective_push,True,5.213865756988525,11.533429145812988,0.035815440118312836,27.0635986328125,25.82322883605957,0.9233611822128296,0.9124106168746948,0.7925569415092468,0.7848297357559204,4.82916259765625,11.187270164489746,3.168776273727417,9.731861114501953,0.06548785418272018,3.942446708679199,6.563084602355957,3.8769588470458984
6165,13,7,35,False,effective_push,True,9.9443941116333,13.138578414916992,0.046902161091566086,27.708280563354492,25.322465896606445,0.9278706312179565,0.9075509309768677,0.8052970767021179,0.7741528749465942,3.167896032333374,16.675203323364258,2.0438575744628906,11.779905319213867,0.7562727332115173,6.072680473327637,9.736047744750977,5.316407680511475
6191,17,0,0,True,initial,True,0.0,0.0,1.1893518938807524e-13,26.573421478271484,26.573408126831055,0.9180654883384705,0.9180646538734436,0.7865956425666809,0.7865956425666809,7.222497940063477,7.222512722015381,5.593142986297607,5.593188762664795,2.8660566806793213,2.8660566806793213,4.57763671875e-05,0.0
6191,17,1,5,True,effective_push,True,0.2171519249677658,11.914895057678223,1.2422270785801548e-13,27.07208251953125,27.072315216064453,0.9222770929336548,0.9222790002822876,0.7959357500076294,0.7959357500076294,4.532811641693115,4.532787799835205,4.881831645965576,4.881809711456299,1.6069386005401611,1.6069523096084595,-2.193450927734375e-05,1.3709068298339844e-05
6191,17,2,10,True,effective_push,True,0.04353531822562218,16.136266708374023,1.686630436009695e-13,26.721622467041016,26.721609115600586,0.9180471897125244,0.9180474877357483,0.7889582514762878,0.7889582514762878,4.739459037780762,4.739527702331543,5.357927322387695,5.357963562011719,2.6989083290100098,2.6989083290100098,3.62396240234375e-05,0.0
6191,17,3,15,False,effective_push,True,0.4868602752685547,16.437395095825195,0.004162938334047794,26.815353393554688,26.79826545715332,0.9207441806793213,0.9202383756637573,0.7936103940010071,0.7936687469482422,10.220769882202148,6.769753932952881,5.838428974151611,3.7204079627990723,1.2592887878417969,1.3560384511947632,-2.118021011352539,0.09674966335296631
6191,17,4,20,False,effective_push,True,2.0053300857543945,11.343400001525879,0.005238812416791916,26.92018699645996,26.648561477661133,0.9213269352912903,0.9192785024642944,0.7940636277198792,0.7923782467842102,6.863339900970459,5.933391571044922,4.909430980682373,4.654720783233643,0.13020390272140503,0.6017670035362244,-0.25471019744873047,0.47156310081481934
6191,17,5,25,False,effective_push,True,4.145907878875732,9.42654800415039,0.014078526757657528,27.152828216552734,26.60183334350586,0.9232198596000671,0.918436586856842,0.7943382859230042,0.7928793430328369,4.945620536804199,6.874176025390625,4.272825717926025,7.035812854766846,0.18711303174495697,1.8385776281356812,2.7629871368408203,1.651464581489563
6191,17,6,30,False,effective_push,True,11.853920936584473,13.938817024230957,0.0280486848205328,27.343530654907227,26.00958824157715,0.9249159693717957,0.9128463268280029,0.7963594794273376,0.7835820913314819,7.1556925773620605,15.724270820617676,1.558746576309204,10.46601390838623,0.47684282064437866,3.8833861351013184,8.907267570495605,3.406543254852295
6191,17,7,35,False,effective_push,True,4.890918254852295,7.846780300140381,0.037886083126068115,28.09365463256836,26.156635284423828,0.9308592081069946,0.9151756167411804,0.8125451803207397,0.7902147769927979,3.040813446044922,14.172006607055664,1.650325059890747,10.327840805053711,0.498426228761673,4.514044761657715,8.677515983581543,4.015618324279785
6250,27,0,0,True,initial,True,0.0,0.0,1.3022170689859502e-13,26.570178985595703,26.57049560546875,0.9179057478904724,0.9179083108901978,0.7896371483802795,0.7896371483802795,4.833980560302734,4.8339691162109375,2.7396976947784424,2.7396976947784424,1.2311142683029175,1.2311142683029175,0.0,0.0
6250,27,1,5,True,effective_push,True,1.5704134702682495,19.51154136657715,1.3947310916872374e-13,26.910240173339844,26.909921646118164,0.9210636615753174,0.9210611581802368,0.7952353954315186,0.7952353954315186,6.2860894203186035,6.286101818084717,3.7090306282043457,3.7090306282043457,1.30130136013031,1.3013081550598145,0.0,6.794929504394531e-06
6250,27,2,10,True,effective_push,True,0.9001160860061646,6.772213935852051,8.027816421601192e-14,27.000905990600586,27.000789642333984,0.9218148589134216,0.92181396484375,0.7948790788650513,0.7948790788650513,5.145147800445557,5.145132541656494,4.284245491027832,4.284245491027832,0.435936838388443,0.435936838388443,0.0,0.0
6250,27,3,15,False,effective_push,True,5.245298385620117,12.558545112609863,0.0061734141781926155,26.662044525146484,26.570819854736328,0.9178184270858765,0.9186053276062012,0.7935812473297119,0.7892439961433411,6.654728889465332,7.227343559265137,4.741021633148193,3.545271158218384,0.1364945024251938,0.23678216338157654,-1.1957504749298096,0.10028766095638275
6250,27,4,20,False,effective_push,True,15.885218620300293,12.88300609588623,0.01447228156030178,27.70766258239746,27.13113784790039,0.9278020262718201,0.9232572913169861,0.8048641085624695,0.8034334778785706,10.96881103515625,14.035691261291504,1.842000126838684,5.056528568267822,0.18653929233551025,0.40645089745521545,3.2145285606384277,0.2199116051197052
6250,27,5,25,False,effective_push,True,6.50331449508667,6.6711955070495605,0.019870180636644363,28.348060607910156,27.115413665771484,0.9319877028465271,0.9214831590652466,0.8180492520332336,0.8096343874931335,6.408148288726807,12.521842956542969,2.12538743019104,4.369482040405273,1.4344626665115356,1.1109371185302734,2.2440946102142334,-0.3235255479812622
6250,27,6,30,False,effective_push,True,3.540013551712036,4.3028411865234375,0.032516419887542725,28.22710418701172,27.143327713012695,0.9304736852645874,0.9229186177253723,0.8182486295700073,0.8113014101982117,8.803035736083984,13.774526596069336,2.3037357330322266,5.3003692626953125,0.472833514213562,1.7985868453979492,2.996633529663086,1.3257533311843872
6250,27,7,35,False,effective_push,True,16.33697509765625,12.808844566345215,0.11423520743846893,28.470237731933594,26.86851692199707,0.9332219362258911,0.918359637260437,0.8204112648963928,0.8078839778900146,3.0674057006835938,10.480321884155273,4.706578254699707,7.347648620605469,0.16424214839935303,3.1917576789855957,2.6410703659057617,3.027515411376953
6468,69,0,0,True,initial,True,0.0,0.0,7.433747492352136e-14,26.865123748779297,26.865249633789062,0.9211883544921875,0.9211891889572144,0.7949120998382568,0.7949120998382568,6.602880001068115,6.602855205535889,5.445638656616211,5.4456467628479,1.8456742763519287,1.845681071281433,8.106231689453125e-06,6.794929504394531e-06
6468,69,1,5,True,effective_push,True,1.5275423526763916,19.22150421142578,1.1901802243405313e-13,27.32372283935547,27.32391357421875,0.9250747561454773,0.9250763058662415,0.8011017441749573,0.8012467622756958,6.174675941467285,6.174675941467285,6.93039083480835,6.930388450622559,1.0080949068069458,1.0080949068069458,-2.384185791015625e-06,0.0
6468,69,2,10,True,effective_push,True,2.225708246231079,22.099990844726562,1.2976407871411605e-13,28.304283142089844,28.30411148071289,0.9326393008232117,0.9326384663581848,0.8148258924484253,0.8148258924484253,6.279112339019775,6.279124736785889,3.6504077911376953,3.6503944396972656,0.09010385721921921,0.09009702503681183,-1.33514404296875e-05,-6.83218240737915e-06
6468,69,3,15,False,effective_push,True,1.2307034730911255,15.366600036621094,0.00706607848405838,27.702892303466797,27.169593811035156,0.9278169870376587,0.9228025674819946,0.8071449995040894,0.8041767477989197,5.4976325035095215,3.683887481689453,3.614314556121826,4.572840690612793,0.09650716185569763,1.5339205265045166,0.9585261344909668,1.4374133348464966
6468,69,4,20,False,effective_push,True,0.5843530297279358,10.39389419555664,0.017737850546836853,28.173187255859375,27.328767776489258,0.9323218464851379,0.9251413941383362,0.8138338327407837,0.8080289959907532,8.617193222045898,6.648985385894775,2.952341079711914,2.688977003097534,0.516843855381012,1.9533350467681885,-0.2633640766143799,1.4364912509918213
6468,69,5,25,False,free_motion,False,0.0,0.0,0.022575024515390396,28.377511978149414,27.32048797607422,0.9318830966949463,0.9279531836509705,0.8157415986061096,0.8055220246315002,5.355295658111572,4.692014217376709,1.228836178779602,4.500367164611816,0.8162656426429749,1.7685580253601074,3.271531105041504,0.9522923827171326
6468,69,6,30,False,free_motion,False,0.0,0.0,0.018807046115398407,28.459463119506836,27.230491638183594,0.9328610897064209,0.9276832938194275,0.8158214688301086,0.8053163886070251,5.785064220428467,7.140562534332275,1.2969343662261963,3.791971206665039,0.6125006079673767,1.7993484735488892,2.4950368404388428,1.1868479251861572
6468,69,7,35,False,free_motion,False,0.0,0.0,0.018537349998950958,28.705720901489258,27.24725914001465,0.9354893565177917,0.9265810251235962,0.8182371854782104,0.8069299459457397,3.5825693607330322,6.739009380340576,2.67794132232666,4.164506435394287,0.6475770473480225,0.544854462146759,1.486565113067627,-0.10272258520126343
6834,42,0,0,True,initial,True,0.0,0.0,1.329578401586609e-13,27.732769012451172,27.732711791992188,0.9265703558921814,0.926569938659668,0.8104613423347473,0.8104613423347473,10.056404113769531,10.056413650512695,2.051694869995117,2.051668167114258,2.205796003341675,2.205796003341675,-2.6702880859375e-05,0.0
6834,42,1,5,True,effective_push,True,30.718786239624023,10.451090812683105,1.161863031999555e-13,27.94081687927246,27.940900802612305,0.9275389909744263,0.9275397062301636,0.8058369755744934,0.8058369755744934,5.228541851043701,5.228537082672119,2.5425875186920166,2.5426321029663086,2.853618860244751,2.853618860244751,4.458427429199219e-05,0.0
6834,42,2,10,True,effective_push,True,28.266538619995117,3.8320226669311523,9.234729951221321e-14,28.571086883544922,28.571075439453125,0.9344847798347473,0.9344846606254578,0.8167659044265747,0.8167659044265747,6.231159210205078,6.231158256530762,0.4650336503982544,0.46500417590141296,0.6370244026184082,0.637021005153656,-2.9474496841430664e-05,-3.3974647521972656e-06
6834,42,3,15,False,effective_push,True,16.214399337768555,3.8832902908325195,0.00687418645247817,28.863903045654297,28.35212516784668,0.9354743957519531,0.932037353515625,0.8228589296340942,0.8205325603485107,6.395963668823242,11.516663551330566,1.830216646194458,2.997830629348755,1.2370667457580566,2.8089563846588135,1.1676139831542969,1.5718896389007568
6834,42,4,20,False,effective_push,True,9.529541015625,3.572270631790161,0.009803999215364456,29.033681869506836,28.20918846130371,0.9367634057998657,0.9288495182991028,0.8246793746948242,0.821322500705719,7.001954555511475,12.143136978149414,2.7420477867126465,2.1367409229278564,1.3435289859771729,2.7826156616210938,-0.60530686378479,1.439086675643921
6834,42,5,25,False,effective_push,True,14.015276908874512,0.910027027130127,0.03332003578543663,28.827836990356445,27.189769744873047,0.9355758428573608,0.9202627539634705,0.8222828507423401,0.8074712753295898,2.5964579582214355,6.585141181945801,2.325373649597168,3.9382026195526123,0.5329118371009827,2.455651044845581,1.6128289699554443,1.9227392673492432
6834,42,6,30,False,effective_push,True,4.661251068115234,0.42121773958206177,0.04343568533658981,28.53926658630371,26.82668685913086,0.9348279237747192,0.9187227487564087,0.8184605240821838,0.8018263578414917,1.4457135200500488,8.874608993530273,1.885553002357483,5.334535121917725,0.22672812640666962,3.486842393875122,3.4489822387695312,3.2601141929626465
6834,42,7,35,False,free_motion,False,0.0,0.0,0.05254368111491203,28.763656616210938,26.694835662841797,0.935573935508728,0.918086051940918,0.8201647996902466,0.7991371154785156,1.352423906326294,9.64388656616211,3.044301986694336,7.268821716308594,0.11336065083742142,4.365317344665527,4.224519729614258,4.251956462860107
6968,11,0,0,True,initial,False,0.0,0.0,1.2969577397724946e-13,22.15714454650879,22.157146453857422,0.8894805908203125,0.8894810676574707,0.6674140691757202,0.6674140691757202,25.226377487182617,25.2264404296875,35.361270904541016,35.36130905151367,28.369464874267578,28.369518280029297,3.814697265625e-05,5.340576171875e-05
6968,11,1,5,True,free_motion,False,0.0,0.0,1.1657531493944329e-13,22.802324295043945,22.802337646484375,0.8952420353889465,0.89524245262146,0.7080042362213135,0.7080974578857422,19.534061431884766,19.5340576171875,37.344242095947266,37.344242095947266,16.851442337036133,16.851388931274414,0.0,-5.340576171875e-05
6968,11,2,10,True,free_motion,False,0.0,0.0,1.8260775378788063e-13,22.692773818969727,22.692794799804688,0.8936062455177307,0.8936063647270203,0.6974126696586609,0.6974126696586609,11.026965141296387,11.026986122131348,35.74409484863281,35.744041442871094,12.23958969116211,12.239535331726074,-5.340576171875e-05,-5.435943603515625e-05
6968,11,3,15,False,free_motion,False,0.0,0.0,0.020630251616239548,24.480655670166016,24.269744873046875,0.9032360315322876,0.9037275910377502,0.733487069606781,0.7289870977401733,77.8359375,54.6021842956543,22.247488021850586,26.624935150146484,14.368969917297363,12.501814842224121,4.377447128295898,-1.8671550750732422
6968,11,4,20,False,free_motion,False,0.0,0.0,0.09559884667396545,24.37635612487793,24.268598556518555,0.8999653458595276,0.9037940502166748,0.7207435965538025,0.7342562675476074,185.7879180908203,80.62615203857422,17.270864486694336,19.941177368164062,13.613141059875488,15.062834739685059,2.6703128814697266,1.4496936798095703
6968,11,5,25,False,free_motion,False,0.0,0.0,0.07415345311164856,24.37635612487793,24.38094139099121,0.8999653458595276,0.9044217467308044,0.7207435965538025,0.7376669645309448,185.07086181640625,96.49404907226562,17.270864486694336,15.490387916564941,13.613141059875488,15.74006175994873,-1.7804765701293945,2.126920700073242
6968,11,6,30,False,free_motion,False,0.0,0.0,0.1351262927055359,24.37635612487793,24.452999114990234,0.8999653458595276,0.909237802028656,0.7207435965538025,0.7433579564094543,113.15897369384766,64.16446685791016,17.270864486694336,10.395879745483398,13.613141059875488,14.91776180267334,-6.8749847412109375,1.3046207427978516
6968,11,7,35,False,free_motion,False,0.0,0.0,0.19670739769935608,24.37635612487793,24.316129684448242,0.8999653458595276,0.9110117554664612,0.7207435965538025,0.7455694675445557,55.71246337890625,49.31849670410156,17.270864486694336,6.810790061950684,13.613141059875488,15.103078842163086,-10.460074424743652,1.4899377822875977
7036,24,0,0,True,initial,False,0.0,0.0,1.3090494400264108e-13,25.357471466064453,25.3574161529541,0.918425977230072,0.9184260964393616,0.7681298851966858,0.7681298851966858,13.653925895690918,13.653965950012207,3.1214702129364014,3.121471643447876,1.912972092628479,1.912972092628479,1.430511474609375e-06,0.0
7036,24,1,5,True,free_motion,False,0.0,0.0,1.348637185000917e-13,26.228120803833008,26.228120803833008,0.9203781485557556,0.9203773140907288,0.782172679901123,0.782172679901123,5.079675674438477,5.079675674438477,5.480897903442383,5.480926513671875,1.6108591556549072,1.6108591556549072,2.86102294921875e-05,0.0
7036,24,2,10,True,effective_push,True,3.0078887939453125,3.390505790710449,1.116841943362909e-13,26.019804000854492,26.019847869873047,0.9193509221076965,0.9193524122238159,0.7825844883918762,0.7826933860778809,3.5671257972717285,3.5671422481536865,5.5408148765563965,5.54074764251709,1.8861157894134521,1.8861430883407593,-6.723403930664062e-05,2.7298927307128906e-05
7036,24,3,15,False,effective_push,True,6.0328369140625,24.59583854675293,0.010378923267126083,25.021995544433594,24.62569808959961,0.9085693359375,0.9076735377311707,0.7624983191490173,0.7586997747421265,17.4893798828125,15.255802154541016,6.597355365753174,6.722423076629639,10.065213203430176,7.3458685874938965,0.12506771087646484,-2.7193446159362793
7036,24,4,20,False,effective_push,True,0.23572033643722534,32.391212463378906,0.0064649423584342,26.558324813842773,26.38897705078125,0.9187458753585815,0.9182220101356506,0.7880235910415649,0.7879724502563477,4.280679702758789,5.699226379394531,3.9734747409820557,5.3307785987854,3.0214297771453857,2.6928703784942627,1.3573038578033447,-0.32855939865112305
7036,24,5,25,False,effective_push,True,6.056450843811035,11.934743881225586,0.09788533300161362,25.456153869628906,23.52349853515625,0.9063546061515808,0.8951826691627502,0.7787908315658569,0.71366947889328,16.469758987426758,12.243185997009277,6.657729148864746,9.386096000671387,2.135554313659668,13.203083992004395,2.7283668518066406,11.067529678344727
7036,24,6,30,False,effective_push,True,12.253036499023438,1.6155582666397095,0.7390963435173035,24.314958572387695,21.476543426513672,0.8985083699226379,0.8859441876411438,0.746580958366394,0.61654132604599,24.223989486694336,8.886809349060059,23.353391647338867,18.023788452148438,5.4640421867370605,45.18276596069336,-5.32960319519043,39.71872329711914
7036,24,7,35,False,free_motion,False,0.0,0.0,1.1182913780212402,23.291790008544922,21.86908531188965,0.8947317004203796,0.8892658352851868,0.7248393893241882,0.6418513655662537,32.462772369384766,11.574636459350586,25.408628463745117,11.95645523071289,6.62446403503418,72.16165924072266,-13.452173233032227,65.53719329833984
7278,15,0,0,True,initial,False,0.0,0.0,1.268962691002018e-13,25.807912826538086,25.807802200317383,0.9159389138221741,0.9159384965896606,0.7671007513999939,0.7672058939933777,7.310673713684082,7.310644149780273,1.453042984008789,1.4530200958251953,0.6751778721809387,0.6752051711082458,-2.288818359375e-05,2.7298927307128906e-05
7278,15,1,5,True,free_motion,False,0.0,0.0,1.0772345472240263e-13,25.58266830444336,25.582826614379883,0.9162614345550537,0.9162631630897522,0.7688393592834473,0.7688393592834473,7.11341667175293,7.11341667175293,6.191694736480713,6.191694736480713,0.5877241492271423,0.5876967906951904,0.0,-2.7358531951904297e-05
7278,15,2,10,True,free_motion,False,0.0,0.0,1.3977377198368113e-13,25.75003433227539,25.750171661376953,0.9163474440574646,0.9163479804992676,0.766111433506012,0.766111433506012,18.21229362487793,18.21225929260254,10.864285469055176,10.864300727844238,0.7911818027496338,0.7911818027496338,1.52587890625e-05,0.0
7278,15,3,15,False,free_motion,False,0.0,0.0,0.001885918783955276,25.448745727539062,25.49365997314453,0.915111780166626,0.9157305955886841,0.7645376324653625,0.7655802369117737,18.672271728515625,20.899274826049805,13.074864387512207,11.073058128356934,0.4348098337650299,0.04548906162381172,-2.0018062591552734,-0.3893207609653473
7278,15,4,20,False,contact_no_motion,True,1.125022530555725,0.26798927783966064,0.0036194678395986557,26.19244384765625,26.121082305908203,0.9188015460968018,0.9181134104728699,0.7801999449729919,0.7777162790298462,9.127433776855469,8.90195083618164,11.504962921142578,8.944995880126953,1.7426271438598633,1.3040196895599365,-2.559967041015625,-0.43860745429992676
7278,15,5,25,False,effective_push,True,29.27174186706543,4.029893398284912,0.0063262078911066055,24.920949935913086,24.57469940185547,0.9092227220535278,0.9054088592529297,0.7577396035194397,0.7498325705528259,4.913597106933594,7.180208683013916,17.9263973236084,8.190937995910645,3.09104323387146,0.8083392381668091,-9.735459327697754,-2.2827038764953613
7278,15,6,30,False,effective_push,True,26.45950698852539,1.4168270826339722,0.01003718376159668,25.188716888427734,25.112112045288086,0.9079417586326599,0.909387469291687,0.7608018517494202,0.7585415244102478,7.569110870361328,9.169120788574219,14.798026084899902,6.855717658996582,1.7336113452911377,0.8865585923194885,-7.94230842590332,-0.8470527529716492
7278,15,7,35,False,effective_push,True,50.20503234863281,3.911649227142334,0.020650342106819153,26.011850357055664,25.650861740112305,0.9134073853492737,0.910882830619812,0.7822141647338867,0.7812281250953674,9.627370834350586,15.593838691711426,3.640207052230835,7.021173000335693,0.5692552924156189,2.737239360809326,3.3809659481048584,2.1679840087890625
7389,69,0,0,True,initial,False,0.0,0.0,1.2410366245947657e-13,29.054567337036133,29.054336547851562,0.9373932480812073,0.9373909831047058,0.822510838508606,0.822510838508606,4.934318542480469,4.934359550476074,1.5206162929534912,1.5206305980682373,0.055416740477085114,0.055416740477085114,1.430511474609375e-05,0.0
7389,69,1,5,True,effective_push,True,2.6824615001678467,3.201268434524536,9.533731226349373e-14,29.24726104736328,29.247312545776367,0.938753604888916,0.9387543201446533,0.8224390149116516,0.8224390149116516,5.597731590270996,5.597733974456787,1.5957289934158325,1.5957289934158325,0.49632593989372253,0.4963293671607971,0.0,3.427267074584961e-06
7389,69,2,10,True,effective_push,True,5.239252090454102,6.029786109924316,8.14103762159478e-14,28.88520050048828,28.885114669799805,0.9362566471099854,0.9362568855285645,0.8162798285484314,0.8162798285484314,5.789427280426025,5.789433002471924,4.214114189147949,4.214114189147949,0.2903479337692261,0.2903411090373993,0.0,-6.8247318267822266e-06
7389,69,3,15,False,free_motion,False,0.08052270114421844,0.10485705733299255,0.004318220540881157,28.588773727416992,28.39429473876953,0.935386598110199,0.934776246547699,0.8178201913833618,0.815881609916687,6.853782653808594,16.4871883392334,2.165898323059082,0.7813687324523926,0.10762670636177063,0.10864099115133286,-1.3845295906066895,0.0010142847895622253
7389,69,4,20,False,free_motion,False,0.0,0.0,0.005708649288862944,28.193397521972656,27.985097885131836,0.9337486028671265,0.9344558119773865,0.8067700862884521,0.8088651299476624,5.336352825164795,15.813852310180664,2.883822202682495,4.4306416511535645,1.7468857765197754,0.5578761696815491,1.5468194484710693,-1.189009666442871
7389,69,5,25,False,free_motion,False,0.0,0.0,0.007152016740292311,28.035146713256836,27.80068588256836,0.9332783818244934,0.9336295127868652,0.8054426312446594,0.8063352704048157,6.723214626312256,16.80156707763672,3.225935459136963,4.804400444030762,1.221415400505066,0.16402699053287506,1.5784649848937988,-1.057388424873352
7389,69,6,30,False,free_motion,False,0.0,0.0,0.011017671786248684,29.001659393310547,27.869609832763672,0.9373146891593933,0.9331218600273132,0.8171428442001343,0.8068540692329407,2.8710343837738037,12.009295463562012,2.3562726974487305,4.538909435272217,0.606271505355835,0.48908254504203796,2.1826367378234863,-0.117188960313797
7389,69,7,35,False,effective_push,True,3.7010464668273926,0.0031555471941828728,0.020274212583899498,29.202585220336914,28.14956283569336,0.9376422166824341,0.9331042170524597,0.819793701171875,0.8132539987564087,3.155186176300049,4.662115097045898,1.3282170295715332,3.2003183364868164,0.9581730961799622,0.1082858219742775,1.8721013069152832,-0.8498872518539429
7501,17,0,0,True,initial,False,0.0,0.0,1.1052611733827766e-13,25.0372314453125,25.03730010986328,0.9131869077682495,0.9131872057914734,0.7666438817977905,0.7666438817977905,3.746368646621704,3.7463560104370117,9.199262619018555,9.19921875,0.14801019430160522,0.14802385866641998,-4.38690185546875e-05,1.36643648147583e-05
7501,17,1,5,True,free_motion,False,0.0,0.0,9.859799608713526e-14,24.652496337890625,24.652463912963867,0.9092141389846802,0.9092153906822205,0.7524858713150024,0.752620279788971,11.58489990234375,11.58489990234375,10.426475524902344,10.42642593383789,0.049546193331480026,0.049573514610528946,-4.9591064453125e-05,2.7321279048919678e-05
7501,17,2,10,True,effective_push,True,3.778073310852051,8.028886795043945,1.0086527967023695e-13,25.15158462524414,25.15165138244629,0.9049163460731506,0.9049169421195984,0.7624728679656982,0.7624728679656982,10.055401802062988,10.055368423461914,1.734736442565918,1.7347227334976196,3.3354547023773193,3.3354408740997314,-1.3709068298339844e-05,-1.3828277587890625e-05
7501,17,3,15,False,effective_push,True,16.242809295654297,37.30157470703125,0.010115126147866249,24.774002075195312,25.27422332763672,0.9033109545707703,0.9076768159866333,0.7522516250610352,0.7628641724586487,3.9172065258026123,2.5923988819122314,1.6286780834197998,2.2475714683532715,2.2411627769470215,10.300088882446289,0.6188933849334717,8.05892562866211
7501,17,4,20,False,effective_push,True,9.473955154418945,32.99199676513672,0.00962826982140541,25.2418155670166,24.789627075195312,0.9093166589736938,0.9050474166870117,0.7695367932319641,0.7635030150413513,3.6728272438049316,4.42324161529541,2.0614254474639893,2.775784969329834,4.455011367797852,6.132143974304199,0.7143595218658447,1.6771326065063477
7501,17,5,25,False,effective_push,True,2.513737201690674,13.986000061035156,0.012098821811378002,26.520370483398438,25.664587020874023,0.9173035621643066,0.9126202464103699,0.78336501121521,0.7787147164344788,3.0750207901000977,6.591213703155518,4.988085746765137,5.388205051422119,0.2975298762321472,2.1074411869049072,0.4001193046569824,1.8099112510681152
7501,17,6,30,False,free_motion,False,0.0,0.0,0.021841764450073242,25.9946231842041,25.28281021118164,0.9169666171073914,0.9109318256378174,0.7910999655723572,0.785451352596283,10.359870910644531,17.86134147644043,5.492219924926758,11.409071922302246,2.401214599609375,0.8312545418739319,5.916851997375488,-1.569960117340088
7501,17,7,35,False,free_motion,False,0.0,0.0,0.022001078352332115,26.03076934814453,25.63835906982422,0.917937695980072,0.9129651188850403,0.777888298034668,0.7785531282424927,9.401396751403809,15.490652084350586,1.591518521308899,9.527024269104004,1.311608076095581,0.32623717188835144,7.9355058670043945,-0.9853708744049072
7529,101,0,0,True,initial,False,0.0,0.0,1.2556377107768996e-13,28.167423248291016,28.167247772216797,0.9313518404960632,0.9313507080078125,0.813373863697052,0.813373863697052,6.570113658905029,6.5700836181640625,4.082597732543945,4.082606315612793,0.3850143551826477,0.3850109279155731,8.58306884765625e-06,-3.427267074584961e-06
7529,101,1,5,True,contact_no_motion,True,0.34479978680610657,0.5483412146568298,1.3210783920795943e-13,27.989307403564453,27.98944664001465,0.929206907749176,0.9292066693305969,0.8124047517776489,0.8124047517776489,4.034755706787109,4.034768581390381,3.8238472938537598,3.823835611343384,0.476108580827713,0.4761120080947876,-1.1682510375976562e-05,3.427267074584961e-06
7529,101,2,10,True,effective_push,True,3.3773374557495117,4.73879861831665,1.680739423505495e-13,28.44586181640625,28.44590187072754,0.9336868524551392,0.9336875677108765,0.8167403340339661,0.8167403340339661,3.121521234512329,3.1215481758117676,3.323018789291382,3.3230323791503906,0.6527953147888184,0.6527953147888184,1.3589859008789062e-05,0.0
7529,101,3,15,False,effective_push,True,1.0370439291000366,1.3588933944702148,0.0103371050208807,26.54327392578125,25.898605346679688,0.9240294694900513,0.9237322211265564,0.7967032790184021,0.7857881784439087,10.161779403686523,13.185065269470215,3.1184160709381104,1.4865261316299438,0.7463347911834717,0.02513168193399906,-1.6318899393081665,-0.721203088760376
7529,101,4,20,False,free_motion,False,0.0,0.0,0.015899574384093285,26.553951263427734,25.841697692871094,0.9217192530632019,0.922078013420105,0.7964354157447815,0.7862684726715088,12.222819328308105,13.668048858642578,2.067521810531616,2.947711229324341,0.37112516164779663,0.044741153717041016,0.8801894187927246,-0.3263840079307556
7529,101,5,25,False,free_motion,False,0.0,0.0,0.02593923918902874,27.23637580871582,26.17517852783203,0.9249539375305176,0.925679624080658,0.8067740797996521,0.7907838225364685,9.828886032104492,21.9619140625,5.057856559753418,7.355732440948486,0.2539122998714447,0.2632696330547333,2.2978758811950684,0.009357333183288574
7529,101,6,30,False,free_motion,False,0.0,0.0,0.03732798993587494,28.261526107788086,27.956199645996094,0.9294044375419617,0.9315081834793091,0.8174136281013489,0.8136692643165588,8.077642440795898,13.688255310058594,7.576443672180176,5.699857234954834,0.12486951798200607,0.47078102827072144,-1.8765864372253418,0.34591150283813477
7529,101,7,35,False,effective_push,True,5.075936794281006,1.0610288381576538,0.041756585240364075,28.40346336364746,27.239906311035156,0.9308601021766663,0.9223856925964355,0.8176931142807007,0.805445671081543,3.383307933807373,8.87309741973877,5.102043628692627,4.872132301330566,0.07884428650140762,0.2447700798511505,-0.22991132736206055,0.1659258008003235
7793,21,0,0,True,initial,True,0.0,0.0,1.1164093466960873e-13,29.052276611328125,29.052242279052734,0.9363745450973511,0.9363732933998108,0.8262467980384827,0.8262467980384827,11.584890365600586,11.584890365600586,4.406814098358154,4.406829833984375,0.6020470261573792,0.60204017162323,1.5735626220703125e-05,-6.854534149169922e-06
7793,21,1,5,True,effective_push,True,22.922883987426758,7.964478015899658,2.3752178067264207e-13,29.098896026611328,29.0987606048584,0.9369889497756958,0.9369869828224182,0.8227165341377258,0.8227165341377258,3.2031564712524414,3.2031567096710205,3.6385743618011475,3.6385743618011475,0.5085417628288269,0.5085451602935791,0.0,3.3974647521972656e-06
7793,21,2,10,True,effective_push,True,3.363701105117798,1.190980076789856,9.807437387166981e-14,28.28388023376465,28.283828735351562,0.9338263273239136,0.9338257312774658,0.8096195459365845,0.8096195459365845,5.990606784820557,5.990547180175781,2.2254600524902344,2.225482225418091,0.49260008335113525,0.49260348081588745,2.2172927856445312e-05,3.3974647521972656e-06
7793,21,3,15,False,free_motion,False,0.0,0.0,0.0023535205982625484,29.020370483398438,29.0048885345459,0.9370552897453308,0.9369623064994812,0.816374659538269,0.817015528678894,4.168686866760254,3.782121419906616,3.168684482574463,3.743391752243042,0.8501775860786438,1.337289571762085,0.5747072696685791,0.48711198568344116
7793,21,4,20,False,effective_push,True,5.836253643035889,0.03867252916097641,0.010383250191807747,29.46525764465332,29.675256729125977,0.9392367005348206,0.9413127899169922,0.8219106793403625,0.8220529556274414,2.2320353984832764,2.8434722423553467,1.414395809173584,3.699434757232666,0.4396251440048218,0.33653026819229126,2.285038948059082,-0.10309487581253052
7793,21,5,25,False,effective_push,True,7.550680637359619,0.35324370861053467,0.014363603666424751,29.091094970703125,29.48211669921875,0.9369083046913147,0.9405999779701233,0.81565922498703,0.8186335563659668,2.134688377380371,3.693478584289551,1.3753914833068848,1.8337801694869995,0.12495489418506622,0.10014081746339798,0.45838868618011475,-0.024814076721668243
7793,21,6,30,False,effective_push,True,2.602447032928467,0.16774943470954895,0.023164641112089157,28.712331771850586,28.874832153320312,0.9372642636299133,0.938115119934082,0.8056980967521667,0.8087373375892639,4.3097028732299805,3.6289753913879395,2.540045738220215,0.8840953707695007,0.1544954627752304,0.32084813714027405,-1.6559503078460693,0.16635267436504364
7793,21,7,35,False,free_motion,False,0.0,0.0,0.0614355206489563,28.750783920288086,28.646339416503906,0.9384896159172058,0.936223030090332,0.803542971611023,0.8078835010528564,12.838075637817383,10.245312690734863,3.4974517822265625,3.8913931846618652,1.2897480726242065,0.060334477573633194,0.39394140243530273,-1.229413628578186
8328,98,0,0,True,initial,False,0.0,0.0,8.873858679120383e-14,25.82166862487793,25.821514129638672,0.9146429300308228,0.914641261100769,0.7655694484710693,0.7655694484710693,5.241062164306641,5.241101264953613,5.507355690002441,5.507355690002441,4.671050548553467,4.671050548553467,0.0,0.0
8328,98,1,5,True,effective_push,True,14.46045970916748,3.6998450756073,1.1112633166096564e-13,25.330942153930664,25.330894470214844,0.9126640558242798,0.9126628041267395,0.7529935240745544,0.7529935240745544,9.86518669128418,9.865229606628418,6.431935787200928,6.431935787200928,3.9369893074035645,3.9369893074035645,0.0,0.0
8328,98,2,10,True,effective_push,True,46.393863677978516,3.9992804527282715,8.285337476862664e-14,27.173763275146484,27.173768997192383,0.9216796159744263,0.9216806888580322,0.7923540472984314,0.7923540472984314,4.446331024169922,4.446333408355713,3.6708412170410156,3.6708152294158936,5.041581153869629,5.041581153869629,-2.5987625122070312e-05,0.0
8328,98,3,15,False,effective_push,True,8.323594093322754,0.5958383679389954,0.010403987020254135,26.14803123474121,25.263261795043945,0.9156337976455688,0.9042343497276306,0.7761738300323486,0.7625681161880493,5.170677185058594,2.905764102935791,3.6386594772338867,8.921088218688965,0.7425781488418579,2.842000722885132,5.282428741455078,2.0994224548339844
8328,98,4,20,False,free_motion,False,0.0,0.0,0.027643252164125443,24.711746215820312,24.192668914794922,0.9074017405509949,0.8985369205474854,0.7376230359077454,0.7353912591934204,1.259018063545227,8.121580123901367,5.610656261444092,13.278088569641113,2.3681223392486572,2.539628267288208,7.6674323081970215,0.17150592803955078
8328,98,5,25,False,free_motion,False,0.0,0.0,0.03362932428717613,25.279739379882812,23.511335372924805,0.9088942408561707,0.8928930163383484,0.7368420958518982,0.7091313004493713,20.506528854370117,19.86543846130371,9.315483093261719,18.093799591064453,1.2055420875549316,7.363640785217285,8.778316497802734,6.1580986976623535
8328,98,6,30,False,free_motion,False,0.0,0.0,0.0423164926469326,24.36089324951172,22.870105743408203,0.9097386598587036,0.8897817134857178,0.7250252962112427,0.69501131772995,6.046703338623047,15.676072120666504,11.602459907531738,20.75150489807129,0.052237287163734436,11.662821769714355,9.14904499053955,11.610584259033203
8328,98,7,35,False,free_motion,False,0.0,0.0,0.051149558275938034,26.34296226501465,23.57623291015625,0.9188024401664734,0.8925855755805969,0.7767602205276489,0.7200820446014404,10.574577331542969,15.208661079406738,10.321554183959961,23.8164119720459,0.4761051833629608,11.65806770324707,13.494857788085938,11.181962966918945
8535,60,0,0,True,initial,True,0.0,0.0,1.0401208838444961e-13,28.784730911254883,28.7847900390625,0.9341698288917542,0.9341698288917542,0.8221943974494934,0.8221943974494934,3.008007287979126,3.0080137252807617,4.270920753479004,4.270874977111816,0.435530424118042,0.4355270266532898,-4.57763671875e-05,-3.3974647521972656e-06
8535,60,1,5,True,effective_push,True,40.09370803833008,3.7004597187042236,7.078651629698757e-14,29.400123596191406,29.400123596191406,0.9386520981788635,0.9386518597602844,0.8262849450111389,0.8262849450111389,1.2614030838012695,1.261353611946106,3.2187135219573975,3.2187399864196777,0.17696678638458252,0.1769701987504959,2.6464462280273438e-05,3.4123659133911133e-06
8535,60,2,10,True,effective_push,True,21.943038940429688,2.6287074089050293,7.41682512931871e-14,29.166412353515625,29.166385650634766,0.938605546951294,0.9386056661605835,0.8200958371162415,0.8200958371162415,3.111668109893799,3.11171817779541,3.882960557937622,3.8829336166381836,0.026907529681921005,0.026904115453362465,-2.6941299438476562e-05,-3.4142285585403442e-06
8535,60,3,15,False,effective_push,True,6.509482383728027,0.6818031072616577,0.003681930247694254,28.77577781677246,28.821548461914062,0.9355621933937073,0.9343143105506897,0.8167575001716614,0.8199999928474426,3.845630407333374,4.233922958374023,3.617328405380249,1.6622602939605713,0.7961097955703735,0.12896080315113068,-1.9550681114196777,-0.667149007320404
8535,60,4,20,False,free_motion,False,0.0,0.0,0.005059992894530296,27.455162048339844,28.02192497253418,0.9320950508117676,0.9322299957275391,0.8004679083824158,0.8094517588615417,1.437411904335022,5.796418190002441,3.320354461669922,0.7882897853851318,0.19473552703857422,0.7348088622093201,-2.53206467628479,0.5400733351707458
8535,60,5,25,False,free_motion,False,0.0,0.0,0.005918476264923811,27.94211196899414,28.011903762817383,0.934442937374115,0.9327502250671387,0.8045439124107361,0.8049147725105286,3.593607187271118,17.094945907592773,4.620067119598389,1.4322097301483154,0.20820465683937073,0.19008074700832367,-3.1878573894500732,-0.018123909831047058
8535,60,6,30,False,free_motion,False,0.0,0.0,0.008547401055693626,28.297454833984375,28.956256866455078,0.9356653094291687,0.9372873902320862,0.8097165822982788,0.8155175447463989,6.025360584259033,16.080738067626953,2.723445415496826,2.1725685596466064,0.01811366155743599,0.7057293057441711,-0.5508768558502197,0.6876156330108643
8535,60,7,35,False,free_motion,False,0.0,0.0,0.011730398051440716,29.077896118164062,28.627811431884766,0.9384317994117737,0.9363685250282288,0.81589674949646,0.8114198446273804,3.525364398956299,10.066007614135742,2.132713794708252,0.8351985812187195,0.29400548338890076,0.047562021762132645,-1.2975151538848877,-0.2464434653520584
8574,18,0,0,True,initial,True,0.0,0.0,1.3934746368945983e-13,27.863529205322266,27.863500595092773,0.9285675883293152,0.9285692572593689,0.8099493384361267,0.8099493384361267,8.574607849121094,8.574576377868652,5.556436061859131,5.5564775466918945,0.7161709666252136,0.7161760926246643,4.1484832763671875e-05,5.125999450683594e-06
8574,18,1,5,True,effective_push,True,29.70860481262207,11.15578842163086,7.789281101632656e-14,28.41964340209961,28.419639587402344,0.933742880821228,0.9337419867515564,0.8168064951896667,0.8168064951896667,12.102409362792969,12.10243034362793,2.4453847408294678,2.4454188346862793,0.17568270862102509,0.1756775975227356,3.409385681152344e-05,-5.111098289489746e-06
8574,18,2,10,True,effective_push,True,31.904569625854492,8.946440696716309,1.5397402862264709e-13,27.8156681060791,27.81555938720703,0.9265630841255188,0.9265618324279785,0.8125466704368591,0.8125466704368591,7.103111743927002,7.103105545043945,6.111716270446777,6.111726760864258,0.9146237969398499,0.9146203994750977,1.049041748046875e-05,-3.3974647521972656e-06
8574,18,3,15,False,effective_push,True,26.66551971435547,9.358465194702148,0.013635794632136822,27.421138763427734,26.98220443725586,0.924335777759552,0.9212093949317932,0.8102211356163025,0.8066397309303284,19.436473846435547,15.754973411560059,15.017706871032715,15.794140815734863,2.0365712642669678,2.951475143432617,0.7764339447021484,0.9149038791656494
8574,18,4,20,False,effective_push,True,7.2447710037231445,3.384481430053711,0.02011939510703087,27.156953811645508,27.060739517211914,0.9232059121131897,0.9247542023658752,0.8095805048942566,0.8053123354911804,16.882009506225586,16.267311096191406,12.898296356201172,18.042678833007812,2.6831748485565186,4.062234401702881,5.144382476806641,1.3790595531463623
8574,18,5,25,False,free_motion,False,0.0,0.0,0.024758998304605484,26.017242431640625,26.083288192749023,0.9160212874412537,0.9216012358665466,0.7864485383033752,0.7883582711219788,19.83218765258789,28.03672981262207,5.227575778961182,9.37518310546875,2.1798105239868164,3.5065338611602783,4.147607326507568,1.326723337173462
8574,18,6,30,False,free_motion,False,0.0,0.0,0.03510177135467529,26.599607467651367,26.838844299316406,0.9165107607841492,0.9226406216621399,0.798270046710968,0.8025308847427368,10.045525550842285,18.699445724487305,5.0924763679504395,9.317937850952148,2.1857664585113525,3.785844087600708,4.225461483001709,1.6000776290893555
8574,18,7,35,False,free_motion,False,0.0,0.0,0.05026558041572571,27.916791915893555,26.213102340698242,0.9276087284088135,0.9176848530769348,0.8150807619094849,0.7951197624206543,8.015134811401367,13.358365058898926,9.32138442993164,10.676801681518555,1.4236948490142822,2.136274814605713,1.355417251586914,0.7125799655914307
8611,46,0,0,True,initial,False,0.0,0.0,1.4203064722592695e-13,26.681724548339844,26.681835174560547,0.9280972480773926,0.9280983805656433,0.7943593859672546,0.7943593859672546,5.246298313140869,5.246295928955078,10.032877922058105,10.032892227172852,0.6474882960319519,0.6474746465682983,1.430511474609375e-05,-1.3649463653564453e-05
8611,46,1,5,True,free_motion,False,0.0,0.0,9.11587970907346e-14,26.685075759887695,26.68498992919922,0.9275392293930054,0.9275392293930054,0.7947771549224854,0.7947771549224854,15.318086624145508,15.318094253540039,9.522438049316406,9.522453308105469,0.5273179411888123,0.5273452401161194,1.52587890625e-05,2.7298927307128906e-05
8611,46,2,10,True,free_motion,False,0.0,0.0,1.406543474356467e-13,26.36520767211914,26.365158081054688,0.9233022332191467,0.923301637172699,0.7840461730957031,0.7840461730957031,7.62446403503418,7.62446403503418,12.668405532836914,12.668405532836914,0.06805600225925446,0.06804917752742767,0.0,-6.8247318267822266e-06
8611,46,3,15,False,effective_push,True,14.97270393371582,4.018240928649902,0.006609857082366943,27.046804428100586,26.572078704833984,0.9219822287559509,0.9174548983573914,0.7994571924209595,0.7959474921226501,9.881011009216309,9.744837760925293,5.641611099243164,8.169974327087402,0.6310206651687622,0.493221640586853,2.5283632278442383,-0.13779902458190918
8611,46,4,20,False,effective_push,True,32.93106460571289,6.685771465301514,0.014681493863463402,28.024023056030273,26.763818740844727,0.9288417100906372,0.917614221572876,0.8118826150894165,0.8059182167053223,2.169614791870117,4.593446254730225,0.9545724987983704,3.286949634552002,0.7947061657905579,0.5654440522193909,2.3323771953582764,-0.229262113571167
8611,46,5,25,False,effective_push,True,19.6834716796875,6.110423564910889,0.00943773053586483,28.25277328491211,27.538127899169922,0.9305932521820068,0.9239526391029358,0.815862774848938,0.8151408433914185,4.6198201179504395,3.8064231872558594,2.763568162918091,5.588601589202881,0.014425359666347504,0.8792707324028015,2.82503342628479,0.8648453950881958
8611,46,6,30,False,effective_push,True,31.851226806640625,9.102605819702148,0.01413483452051878,28.895050048828125,28.565418243408203,0.9361628293991089,0.9329275488853455,0.8243182301521301,0.8257254958152771,1.1590675115585327,3.2568979263305664,0.7581658959388733,3.396693706512451,1.0094029903411865,1.2585135698318481,2.6385278701782227,0.24911057949066162
8611,46,7,35,False,effective_push,True,9.150345802307129,2.9972918033599854,0.019348014146089554,28.401180267333984,27.674428939819336,0.9335008263587952,0.9262710809707642,0.8174174427986145,0.813925564289093,7.268178939819336,5.429976940155029,6.32693338394165,5.842998504638672,0.1771785169839859,2.413396120071411,-0.4839348793029785,2.236217498779297
8804,91,0,0,True,initial,False,0.0,0.0,1.5270155474290947e-13,27.899253845214844,27.899171829223633,0.9281900525093079,0.928189754486084,0.8094629049301147,0.8094629049301147,4.403663635253906,4.403587341308594,3.3708627223968506,3.3708434104919434,0.679463803768158,0.679463803768158,-1.9311904907226562e-05,0.0
8804,91,1,5,True,free_motion,False,0.0,0.0,6.732228029172546e-14,27.840076446533203,27.84004020690918,0.9295849204063416,0.9295855760574341,0.8086400032043457,0.8086400032043457,9.189765930175781,9.189736366271973,6.140995025634766,6.141020774841309,0.7292183041572571,0.729221761226654,2.574920654296875e-05,3.4570693969726562e-06
8804,91,2,10,True,free_motion,False,0.0,0.0,1.8007149319831245e-13,27.807912826538086,27.807748794555664,0.9306508898735046,0.9306483864784241,0.8050023913383484,0.8050023913383484,2.3844783306121826,2.384467840194702,7.2435688972473145,7.243541717529297,0.021798549219965935,0.021798549219965935,-2.7179718017578125e-05,0.0
8804,91,3,15,False,free_motion,False,0.0,0.0,0.0025638313964009285,27.89240264892578,27.787883758544922,0.9292864799499512,0.9284053444862366,0.8050524592399597,0.8044790625572205,0.32870543003082275,3.1096348762512207,8.295182228088379,8.207575798034668,0.6032576560974121,1.415534496307373,-0.08760643005371094,0.8122768402099609
8804,91,4,20,False,effective_push,True,0.20645271241664886,3.0888025760650635,0.010631486773490906,28.101272583007812,27.781335830688477,0.9325103759765625,0.9284848570823669,0.8107280731201172,0.8078034520149231,9.929092407226562,6.542666912078857,5.524713516235352,5.79227876663208,0.4977705180644989,3.638528823852539,0.2675652503967285,3.1407582759857178
8804,91,5,25,False,effective_push,True,0.5709553956985474,13.945537567138672,0.01934865489602089,29.35519790649414,28.466022491455078,0.9397470951080322,0.9326902627944946,0.824396550655365,0.8149397373199463,1.583243489265442,0.9223846793174744,3.049924850463867,5.00629186630249,0.031746719032526016,5.19732666015625,1.956367015838623,5.165579795837402
8804,91,6,30,False,effective_push,True,0.08820619434118271,1.1996407508850098,0.031070124357938766,28.75667381286621,28.03603744506836,0.9357732534408569,0.9285008311271667,0.8133119344711304,0.8065850138664246,7.3754682540893555,10.446380615234375,1.4224600791931152,2.8753437995910645,0.3158791661262512,3.9505131244659424,1.4528837203979492,3.634634017944336
8804,91,7,35,False,free_motion,False,0.0,0.0,0.03209765627980232,28.647865295410156,27.890090942382812,0.9354460835456848,0.9284111261367798,0.8149694800376892,0.8070427179336548,0.6657989621162415,3.9866175651550293,0.4963696002960205,1.3173062801361084,1.015485167503357,4.765880584716797,0.8209366798400879,3.7503952980041504
8880,4,0,0,True,initial,False,0.0,0.0,1.5613707971939145e-13,26.086999893188477,26.08688735961914,0.9215583801269531,0.9215575456619263,0.7807577848434448,0.7806469798088074,8.248348236083984,8.248303413391113,11.57608699798584,11.576056480407715,0.9011478424072266,0.9011478424072266,-3.0517578125e-05,0.0
8880,4,1,5,True,free_motion,False,0.0,0.0,1.0599968168836793e-13,27.069435119628906,27.069482803344727,0.9260650277137756,0.9260666966438293,0.796558678150177,0.7964141368865967,3.9668772220611572,3.9668800830841064,5.1036834716796875,5.103665351867676,0.313642293214798,0.31361496448516846,-1.811981201171875e-05,-2.73287296295166e-05
8880,4,2,10,True,free_motion,False,0.0,0.0,1.1103630899933145e-13,26.7182559967041,26.7182559967041,0.9250555634498596,0.9250558614730835,0.7921613454818726,0.7923043966293335,2.598968029022217,2.598954200744629,6.792007923126221,6.792045593261719,1.7664508819580078,1.7664508819580078,3.7670135498046875e-05,0.0
8880,4,3,15,False,free_motion,False,0.0,0.0,0.0036604839842766523,25.807395935058594,25.445220947265625,0.9211719632148743,0.9210147857666016,0.7769438028335571,0.7719818949699402,20.895109176635742,19.384429931640625,7.134363651275635,11.115788459777832,1.9401562213897705,2.121129035949707,3.9814248085021973,0.18097281455993652
8880,4,4,20,False,free_motion,False,0.0,0.0,0.007022470235824585,26.817028045654297,26.661317825317383,0.9230127334594727,0.9227070808410645,0.7910000085830688,0.7912071943283081,4.88901424407959,11.535001754760742,5.145554065704346,6.820455074310303,1.6695168018341064,3.16338849067688,1.674901008605957,1.4938716888427734
8880,4,5,25,False,free_motion,False,0.0,0.0,0.011627568863332272,26.651575088500977,25.9920711517334,0.9228363633155823,0.9134624004364014,0.7979432344436646,0.7917808294296265,3.540219306945801,10.590680122375488,1.8682191371917725,4.741581439971924,2.048100471496582,9.582099914550781,2.8733623027801514,7.533999443054199
8880,4,6,30,False,effective_push,True,9.837808609008789,3.8814051151275635,0.0861743912100792,26.86260223388672,24.81397247314453,0.9206074476242065,0.904431164264679,0.7986412048339844,0.7598857879638672,2.1122138500213623,2.857239007949829,8.653595924377441,15.631178855895996,2.345022439956665,15.561738967895508,6.977582931518555,13.216716766357422
8880,4,7,35,False,free_motion,False,0.0,0.0,0.171089768409729,26.274988174438477,23.62639617919922,0.916600227355957,0.8985705375671387,0.789315402507782,0.7200332880020142,7.212589740753174,5.498090744018555,5.928823471069336,20.980546951293945,1.2607436180114746,24.529613494873047,15.05172348022461,23.268869400024414
8904,10,0,0,True,initial,False,0.0,0.0,1.4618541837110866e-13,25.515356063842773,25.515310287475586,0.9123238325119019,0.9123227596282959,0.772708535194397,0.7725710868835449,7.984185695648193,7.984164237976074,13.637336730957031,13.63736343383789,2.162738561630249,2.162738561630249,2.6702880859375e-05,0.0
8904,10,1,5,True,effective_push,True,1.3716400861740112,1.1162440776824951,9.468477163345618e-14,25.547100067138672,25.5472469329834,0.9113474488258362,0.9113491177558899,0.7727020978927612,0.7727020978927612,4.636501789093018,4.636481761932373,9.240073204040527,9.240073204040527,1.5196352005004883,1.5196352005004883,0.0,0.0
8904,10,2,10,True,effective_push,True,23.08279037475586,17.570032119750977,6.026445618576015e-14,25.579204559326172,25.57918930053711,0.9102020859718323,0.9102020859718323,0.7733847498893738,0.7733847498893738,4.014842510223389,4.014811992645264,9.122429847717285,9.122422218322754,0.7494083642959595,0.7494356632232666,-7.62939453125e-06,2.7298927307128906e-05
8904,10,3,15,False,effective_push,True,31.925260543823242,24.551578521728516,0.0046208444982767105,26.803157806396484,26.351282119750977,0.9193121194839478,0.9149172902107239,0.800057590007782,0.7942569851875305,6.303976535797119,6.478856086730957,5.820674896240234,3.580979824066162,1.4144622087478638,4.4193220138549805,-2.2396950721740723,3.0048599243164062
8904,10,4,20,False,effective_push,True,17.380149841308594,13.392661094665527,0.0065779369324445724,27.316484451293945,27.458131790161133,0.9244726896286011,0.9254862070083618,0.807438850402832,0.8100058436393738,4.155359268188477,5.084207534790039,6.432489395141602,3.7838125228881836,1.7604471445083618,1.0011589527130127,-2.648676872253418,-0.7592881917953491
8904,10,5,25,False,free_motion,False,0.0,0.0,0.007992523722350597,26.23670768737793,26.68682289123535,0.9198637008666992,0.9239565134048462,0.7959668040275574,0.8033129572868347,15.997382164001465,9.342815399169922,6.591073036193848,5.528248310089111,0.3601490557193756,0.6431647539138794,-1.0628247261047363,0.2830156981945038
8904,10,6,30,False,free_motion,False,0.0,0.0,0.008787206374108791,26.58895492553711,26.731298446655273,0.9223869442939758,0.9239783883094788,0.7972058057785034,0.8014461398124695,13.41698169708252,17.865245819091797,4.452387809753418,7.620388507843018,0.5403123497962952,1.680315375328064,3.1680006980895996,1.140002965927124
8904,10,7,35,False,free_motion,False,0.0,0.0,0.01467074453830719,26.981441497802734,26.903762817382812,0.9244104027748108,0.9206553101539612,0.8051947951316833,0.8053691387176514,14.350284576416016,19.930641174316406,1.1369999647140503,7.481295108795166,0.9689545631408691,2.256967782974243,6.344295024871826,1.288013219833374
8913,54,0,0,True,initial,True,0.0,0.0,1.546384006088919e-13,27.17527198791504,27.17487335205078,0.9234718680381775,0.9234686493873596,0.8092790842056274,0.8092790842056274,6.447155475616455,6.447139739990234,1.5474995374679565,1.5474433898925781,0.543365478515625,0.5433518290519714,-5.614757537841797e-05,-1.3649463653564453e-05
8913,54,1,5,True,contact_no_motion,True,1.172780156135559,0.958972156047821,1.49716583531731e-13,26.803016662597656,26.803016662597656,0.9233724474906921,0.9233732223510742,0.803918719291687,0.803918719291687,2.220308303833008,2.220247268676758,1.5384589433670044,1.5384862422943115,0.6511492729187012,0.6511492729187012,2.7298927307128906e-05,0.0
8913,54,2,10,True,free_motion,False,0.0,0.0,1.3786809693015767e-13,26.24160385131836,26.241622924804688,0.9211450219154358,0.9211465120315552,0.791648805141449,0.791648805141449,16.242517471313477,16.24262809753418,5.413710594177246,5.413712501525879,0.43107032775878906,0.4310635030269623,1.9073486328125e-06,-6.8247318267822266e-06
8913,54,3,15,False,free_motion,False,0.0,0.0,0.0034536351449787617,27.073711395263672,27.014619827270508,0.9238596558570862,0.9220799803733826,0.8029186725616455,0.8032668232917786,13.860164642333984,13.580734252929688,4.679782867431641,5.007073402404785,0.9097675681114197,1.275998830795288,0.32729053497314453,0.3662312626838684
8913,54,4,20,False,free_motion,False,0.0,0.0,0.0044100964441895485,27.504695892333984,27.192028045654297,0.9257498979568481,0.9250085353851318,0.8085137009620667,0.805809736251831,4.305645942687988,6.3507843017578125,1.9661003351211548,1.31990385055542,0.6673982739448547,0.40826430916786194,-0.6461964845657349,-0.2591339647769928
8913,54,5,25,False,contact_no_motion,True,0.0,0.0,0.028254276141524315,27.790327072143555,25.19803810119629,0.926835834980011,0.9102643132209778,0.8155955076217651,0.7717013955116272,11.038548469543457,1.575119137763977,1.2123810052871704,9.386412620544434,0.22842885553836823,2.0875961780548096,8.174031257629395,1.8591673374176025
8913,54,6,30,False,effective_push,True,25.544179916381836,5.077357292175293,0.03865373879671097,28.623598098754883,25.63577651977539,0.9331596493721008,0.9140186905860901,0.8214176893234253,0.7772632241249084,6.414308547973633,8.92246150970459,4.649592399597168,11.783246040344238,0.19439059495925903,0.2895658612251282,7.13365364074707,0.09517526626586914
8913,54,7,35,False,effective_push,True,26.33344268798828,8.359987258911133,0.06003612279891968,28.892364501953125,25.452274322509766,0.9361957311630249,0.9138333797454834,0.8209211826324463,0.7691136002540588,6.429298400878906,7.996300220489502,4.323061943054199,15.53858470916748,0.018663492053747177,0.261514276266098,11.215522766113281,0.24285078048706055
9013,22,0,0,True,initial,True,0.0,0.0,1.3309415147679665e-13,28.390972137451172,28.390857696533203,0.933018684387207,0.9330175518989563,0.8109152913093567,0.8109152913093567,1.0667246580123901,1.0666425228118896,2.006115436553955,2.0061583518981934,0.48704713582992554,0.4870539605617523,4.291534423828125e-05,6.8247318267822266e-06
9013,22,1,5,True,effective_push,True,12.71810245513916,9.997087478637695,2.021380838320569e-13,28.841411590576172,28.84159278869629,0.9365166425704956,0.9365178942680359,0.8226432800292969,0.8226432800292969,1.6935887336730957,1.6936041116714478,1.3418340682983398,1.3418340682983398,0.08763132989406586,0.08763132989406586,0.0,0.0
9013,22,2,10,True,effective_push,True,10.153812408447266,9.436056137084961,1.3285726685463572e-13,29.31276512145996,29.31270408630371,0.9389305710792542,0.9389303922653198,0.8293581008911133,0.8293581008911133,2.652811050415039,2.652811050415039,4.008702754974365,4.008702754974365,0.11785832792520523,0.11786174774169922,0.0,3.419816493988037e-06
9013,22,3,15,False,effective_push,True,6.443912506103516,8.59461784362793,0.004477916285395622,28.7224178314209,29.000017166137695,0.9348634481430054,0.9369797110557556,0.8229813575744629,0.823760449886322,3.176548480987549,2.5539300441741943,3.665112257003784,3.722442865371704,0.689333438873291,1.476157546043396,0.05733060836791992,0.786824107170105
9013,22,4,20,False,contact_no_motion,True,0.175800159573555,0.21256913244724274,0.008490139618515968,28.408466339111328,28.717185974121094,0.9331628680229187,0.9356332421302795,0.816157341003418,0.8188039660453796,5.244083881378174,9.248102188110352,2.352057933807373,1.4403948783874512,0.5641223788261414,0.8040396571159363,-0.9116630554199219,0.23991727828979492
9013,22,5,25,False,free_motion,False,0.0,0.0,0.012939687818288803,28.027694702148438,28.904983520507812,0.9320863485336304,0.9362849593162537,0.8120946884155273,0.8164392709732056,5.03941011428833,11.12288761138916,4.339367389678955,1.6535944938659668,2.238874673843384,0.6564802527427673,-2.6857728958129883,-1.5823943614959717
9013,22,6,30,False,free_motion,False,0.0,0.0,0.015538191422820091,28.810527801513672,29.103614807128906,0.9368244409561157,0.9379743337631226,0.8229610323905945,0.8227889537811279,9.517887115478516,11.202472686767578,2.8878204822540283,2.312098503112793,0.3817768394947052,0.14227966964244843,-0.5757219791412354,-0.23949716985225677
9013,22,7,35,False,effective_push,True,17.460660934448242,1.9974067211151123,0.054834045469760895,29.55357551574707,27.740108489990234,0.9413895010948181,0.923107922077179,0.8154877424240112,0.8023941516876221,2.0180087089538574,7.760797500610352,2.7764360904693604,7.814192771911621,0.21238814294338226,0.184510737657547,5.03775691986084,-0.027877405285835266
9059,14,0,0,True,initial,False,0.0,0.0,1.289238762405484e-13,27.18915557861328,27.18921661376953,0.9245951175689697,0.9245951175689697,0.8004508018493652,0.8004508018493652,6.000509738922119,6.0005202293396,4.609271049499512,4.609228610992432,3.355275869369507,3.355268955230713,-4.2438507080078125e-05,-6.9141387939453125e-06
9059,14,1,5,True,effective_push,True,3.4320461750030518,11.548674583435059,9.738432662272783e-14,28.012182235717773,28.012168884277344,0.9299212694168091,0.9299224615097046,0.8075448274612427,0.8074210286140442,2.1381890773773193,2.138152599334717,5.031131744384766,5.0311198234558105,0.8074923157691956,0.8074854612350464,-1.1920928955078125e-05,-6.854534149169922e-06
9059,14,2,10,True,effective_push,True,10.426689147949219,14.108369827270508,9.729713643926927e-14,28.149017333984375,28.149085998535156,0.9315606951713562,0.9315618276596069,0.8130508661270142,0.8130508661270142,2.8793983459472656,2.879359006881714,1.263710618019104,1.263710618019104,0.5119295120239258,0.5119226574897766,0.0,-6.854534149169922e-06
9059,14,3,15,False,effective_push,True,10.979758262634277,9.529356002807617,0.004607080016285181,28.983306884765625,28.946636199951172,0.9374406933784485,0.9356247186660767,0.8242138624191284,0.8262651562690735,3.2329859733581543,3.0633294582366943,3.430943489074707,3.9747886657714844,0.6525494456291199,1.053911805152893,0.5438451766967773,0.4013623595237732
9059,14,4,20,False,effective_push,True,8.420698165893555,11.212137222290039,0.00960960891097784,28.951417922973633,28.936405181884766,0.9362892508506775,0.9352676272392273,0.8194963335990906,0.8212308883666992,3.9160468578338623,6.244180202484131,5.71516752243042,5.947305202484131,0.8505259156227112,2.320720672607422,0.23213768005371094,1.4701948165893555
9059,14,5,25,False,effective_push,True,3.2265942096710205,5.961279392242432,0.016032755374908447,28.909273147583008,29.188522338867188,0.9363492131233215,0.9380293488502502,0.8191628456115723,0.8209957480430603,4.379397869110107,6.162280082702637,4.250242710113525,5.151722431182861,0.34502360224723816,1.7910053730010986,0.9014797210693359,1.445981740951538
9059,14,6,30,False,free_motion,False,0.0,0.0,0.023570414632558823,28.014190673828125,28.39234161376953,0.9328628778457642,0.9337297081947327,0.8094774484634399,0.8136888146400452,6.018217086791992,19.35745620727539,8.174493789672852,4.28563928604126,0.6236133575439453,0.5833425521850586,-3.888854503631592,-0.04027080535888672
9059,14,7,35,False,free_motion,False,0.0,0.0,0.029571369290351868,28.564971923828125,29.003637313842773,0.934518575668335,0.9365715980529785,0.8176316618919373,0.8219380378723145,8.640658378601074,16.825571060180664,9.638320922851562,5.389936447143555,1.2342185974121094,0.6293336153030396,-4.248384475708008,-0.6048849821090698
9320,43,0,0,True,initial,False,0.0,0.0,1.0066341477824731e-13,27.869373321533203,27.8692626953125,0.928422749042511,0.9284221529960632,0.8020508289337158,0.8020508289337158,5.659684658050537,5.65967321395874,2.3275885581970215,2.327594041824341,0.8173414468765259,0.8173345923423767,5.4836273193359375e-06,-6.854534149169922e-06
9320,43,1,5,True,free_motion,False,0.0,0.0,1.7255358112418934e-13,28.25442886352539,28.25455093383789,0.9313201904296875,0.9313217401504517,0.8139991164207458,0.8139991164207458,2.6350910663604736,2.6351287364959717,4.543071269989014,4.543110370635986,1.658670425415039,1.658677339553833,3.910064697265625e-05,6.9141387939453125e-06
9320,43,2,10,True,effective_push,True,30.312490463256836,11.559110641479492,1.231546331928457e-13,28.95256805419922,28.952529907226562,0.9360901713371277,0.936090350151062,0.82318115234375,0.82318115234375,4.09222412109375,4.0922532081604,0.49903807044029236,0.4990232586860657,0.9097743630409241,0.9097709655761719,-1.481175422668457e-05,-3.3974647521972656e-06
9320,43,3,15,False,effective_push,True,12.15354061126709,1.161378026008606,0.005935752298682928,28.85305404663086,28.957536697387695,0.9377767443656921,0.9371715784072876,0.8185951709747314,0.8198084831237793,1.642738699913025,2.3133299350738525,1.9353173971176147,1.6899709701538086,0.13302817940711975,1.4637504816055298,-0.24534642696380615,1.3307223320007324
9320,43,4,20,False,free_motion,False,0.0,0.0,0.010618969798088074,27.861156463623047,27.66561508178711,0.9330364465713501,0.9291585087776184,0.8090670108795166,0.806053102016449,4.496705532073975,3.041731834411621,3.0535223484039307,6.533934116363525,0.7309736609458923,1.263055682182312,3.4804117679595947,0.5320820212364197
9320,43,5,25,False,free_motion,False,0.0,0.0,0.012212125584483147,28.926219940185547,28.456247329711914,0.9372228384017944,0.9335752725601196,0.8215630650520325,0.8202511668205261,4.661789894104004,8.263203620910645,2.3971362113952637,5.468467712402344,0.3286106586456299,2.0037178993225098,3.07133150100708,1.6751072406768799
9320,43,6,30,False,effective_push,True,10.473992347717285,2.3887083530426025,0.008056889288127422,29.12175178527832,28.953369140625,0.9384334683418274,0.9371969103813171,0.8222541213035583,0.8209002614021301,3.1766786575317383,6.495412349700928,2.1834137439727783,1.5731316804885864,0.15537314116954803,1.0263930559158325,-0.6102820634841919,0.8710198998451233
9320,43,7,35,False,effective_push,True,29.821115493774414,4.574914932250977,0.021324491128325462,29.25968360900879,27.806259155273438,0.9391757249832153,0.9252524375915527,0.8188653588294983,0.8068162798881531,5.677769660949707,6.016852378845215,1.8312122821807861,6.643357276916504,0.04281162470579147,0.5914841294288635,4.812145233154297,0.5486724972724915
9426,22,0,0,True,initial,True,0.0,0.0,9.995364860229325e-14,28.320024490356445,28.320003509521484,0.9304789900779724,0.9304784536361694,0.8054890632629395,0.8054890632629395,1.942685604095459,1.9427354335784912,6.994277477264404,6.994236946105957,0.9242100119590759,0.924206554889679,-4.0531158447265625e-05,-3.4570693969726562e-06
9426,22,1,5,True,effective_push,True,2.7567191123962402,27.98590660095215,1.3041232319304513e-13,28.926218032836914,28.926250457763672,0.9361448287963867,0.9361444115638733,0.8195202350616455,0.8195202350616455,5.481232166290283,5.481252670288086,3.8676068782806396,3.867588758468628,1.7976579666137695,1.7976579666137695,-1.811981201171875e-05,0.0
9426,22,2,10,True,effective_push,True,1.4151859283447266,8.784838676452637,9.681799361793003e-14,29.363574981689453,29.36356544494629,0.9408836960792542,0.9408833980560303,0.8195876479148865,0.8195876479148865,4.048336029052734,4.048336029052734,2.180692434310913,2.180692434310913,0.8255342245101929,0.8255308270454407,0.0,-3.3974647521972656e-06
9426,22,3,15,False,effective_push,True,0.5260099172592163,4.76239013671875,0.004055788274854422,29.402769088745117,29.37621307373047,0.9406715035438538,0.9400730133056641,0.8142608404159546,0.8172774910926819,4.783066272735596,8.010287284851074,1.0187777280807495,3.0788931846618652,0.032170191407203674,0.4103509485721588,2.060115337371826,0.37818074226379395
9426,22,4,20,False,contact_no_motion,True,0.004445207770913839,0.04818015173077583,0.0038115072529762983,28.959970474243164,29.273202896118164,0.9388298988342285,0.939688503742218,0.8099586367607117,0.8142634630203247,4.358619689941406,12.025469779968262,1.503658413887024,1.0307399034500122,0.2969800531864166,1.1099706888198853,-0.4729185104370117,0.812990665435791
9426,22,5,25,False,free_motion,False,0.0,0.0,0.006135888397693634,28.578462600708008,28.379798889160156,0.9371569156646729,0.9378042221069336,0.8041025400161743,0.8048655390739441,6.6446733474731445,10.200081825256348,1.9113640785217285,1.0620158910751343,0.23397155106067657,0.6156493425369263,-0.8493481874465942,0.3816778063774109
9426,22,6,30,False,free_motion,False,0.0,0.0,0.005737766623497009,28.537626266479492,28.322420120239258,0.9379841089248657,0.937440812587738,0.8080825209617615,0.8060908317565918,3.8262758255004883,5.916140556335449,0.3421589136123657,3.951014995574951,0.897059977054596,1.2170509099960327,3.608856201171875,0.31999093294143677
9426,22,7,35,False,effective_push,True,6.774027347564697,2.896819591522217,0.015375172719359398,29.086929321289062,28.062477111816406,0.9398466944694519,0.9325826168060303,0.8105078935623169,0.8040210008621216,3.860182285308838,9.65787410736084,1.3916912078857422,6.2468414306640625,0.5189509391784668,2.683359384536743,4.85515022277832,2.1644084453582764
9963,53,0,0,True,initial,True,0.0,0.0,8.948781114997278e-14,28.36583137512207,28.36587905883789,0.9310815334320068,0.9310819506645203,0.8159611821174622,0.8159611821174622,6.881263732910156,6.881262302398682,1.1214317083358765,1.1214659214019775,1.1632734537124634,1.163266658782959,3.421306610107422e-05,-6.794929504394531e-06
9963,53,1,5,True,effective_push,True,10.176830291748047,5.675695419311523,7.350423167264836e-14,28.783916473388672,28.78394889831543,0.9341799020767212,0.9341793656349182,0.8255168199539185,0.8255168199539185,8.033495903015137,8.033466339111328,3.623703718185425,3.6236538887023926,1.582145094871521,1.582145094871521,-4.982948303222656e-05,0.0
9963,53,2,10,True,effective_push,True,15.338713645935059,7.795963764190674,1.760755170138184e-13,28.5511417388916,28.55093765258789,0.9338748455047607,0.9338723421096802,0.8199692964553833,0.8199692964553833,6.569597244262695,6.569629192352295,8.539068222045898,8.539076805114746,1.2836350202560425,1.2836315631866455,8.58306884765625e-06,-3.4570693969726562e-06
9963,53,3,15,False,effective_push,True,17.05366325378418,5.5325212478637695,0.008382254280149937,28.72620391845703,28.587562561035156,0.934776246547699,0.9329414367675781,0.8233053088188171,0.8240432143211365,6.898621559143066,4.6101555824279785,2.275038719177246,0.1859973967075348,1.2852025032043457,0.3099266588687897,-2.089041233062744,-0.9752758741378784
9963,53,4,20,False,effective_push,True,16.050931930541992,2.3180432319641113,0.01438765786588192,28.94046974182129,28.265365600585938,0.9354574680328369,0.9296043515205383,0.8191114664077759,0.8110944628715515,7.218577861785889,7.5589189529418945,1.7503581047058105,2.0398075580596924,1.5703288316726685,0.02333192713558674,0.28944945335388184,-1.5469969511032104
9963,53,5,25,False,effective_push,True,7.367176532745361,0.9872764945030212,0.021456003189086914,29.08245086669922,27.580039978027344,0.9375599026679993,0.9245394468307495,0.8187669515609741,0.801773190498352,6.105785369873047,9.844420433044434,3.7822329998016357,2.3491179943084717,1.342876672744751,0.13324333727359772,-1.433115005493164,-1.2096333503723145
9963,53,6,30,False,contact_no_motion,True,0.07628243416547775,0.011269811540842056,0.0362597331404686,28.09967041015625,26.841503143310547,0.9338093400001526,0.9169296622276306,0.8023774027824402,0.7908379435539246,8.995311737060547,12.093478202819824,5.634280681610107,8.574540138244629,2.253894090652466,1.3490443229675293,2.9402594566345215,-0.9048497676849365
9963,53,7,35,False,free_motion,False,0.0,0.0,0.05703163146972656,27.039058685302734,25.41632080078125,0.9299209117889404,0.9081109166145325,0.7909567356109619,0.7676848769187927,3.418529748916626,16.56016731262207,5.362263202667236,8.645954132080078,0.9475521445274353,2.713313102722168,3.283690929412842,1.765760898590088
10311,0,0,0,True,initial,False,0.0,0.0,1.1628348837219166e-13,26.332183837890625,26.332435607910156,0.9154764413833618,0.9154792428016663,0.7791917324066162,0.7791917324066162,7.552908420562744,7.552908420562744,5.218538761138916,5.218538761138916,1.188002109527588,1.1880158185958862,0.0,1.3709068298339844e-05
10311,0,1,5,True,free_motion,False,0.0,0.0,1.1821384257766632e-13,26.292682647705078,26.29254913330078,0.9161027073860168,0.9161021709442139,0.7781970500946045,0.7781970500946045,13.683804512023926,13.68379020690918,4.196770191192627,4.196770191192627,1.0384619235992432,1.0384483337402344,0.0,-1.3589859008789062e-05
10311,0,2,10,True,free_motion,False,0.0,0.0,1.1930018604944248e-13,25.404298782348633,25.404281616210938,0.9147942662239075,0.9147932529449463,0.7689005732536316,0.7690390348434448,6.52824592590332,6.528237819671631,2.1868155002593994,2.186857223510742,2.3159942626953125,2.31602144241333,4.172325134277344e-05,2.7179718017578125e-05
10311,0,3,15,False,free_motion,False,0.0,0.0,0.0017361592035740614,26.241300582885742,26.21769905090332,0.9150606393814087,0.9151310324668884,0.7786483764648438,0.7793808579444885,2.5877575874328613,6.02324104309082,3.0872998237609863,0.996648907661438,2.061392068862915,2.0522122383117676,-2.090651035308838,-0.009179830551147461
10311,0,4,20,False,free_motion,False,0.0,0.0,0.00614567007869482,25.640457153320312,25.829679489135742,0.9133329391479492,0.9140640497207642,0.7723792195320129,0.7772650718688965,5.278129577636719,7.356500148773193,2.4024455547332764,3.581423282623291,2.6077661514282227,1.3022985458374023,1.1789777278900146,-1.3054676055908203
10311,0,5,25,False,effective_push,True,6.4963555335998535,4.954919338226318,0.02447165548801422,25.601408004760742,24.89364242553711,0.9130622744560242,0.9045061469078064,0.7727082371711731,0.763425886631012,6.517986297607422,14.473419189453125,4.253820896148682,11.2305908203125,2.9518439769744873,3.290389060974121,6.976769924163818,0.3385450839996338
10311,0,6,30,False,effective_push,True,28.576345443725586,18.32836151123047,0.03734021633863449,27.281076431274414,24.402559280395508,0.9231343269348145,0.9020674228668213,0.8030887842178345,0.7509030103683472,7.212040424346924,12.784656524658203,11.792057991027832,17.103513717651367,2.2595767974853516,0.38919785618782043,5.311455726623535,-1.8703789710998535
10311,0,7,35,False,effective_push,True,19.843896865844727,10.204930305480957,0.04075545072555542,27.293975830078125,24.228870391845703,0.9242937564849854,0.9015944004058838,0.8028591871261597,0.7482303977012634,1.669148325920105,13.884122848510742,3.785501480102539,14.315496444702148,2.065380811691284,1.5010911226272583,10.52999496459961,-0.5642896890640259
10361,69,0,0,True,initial,True,0.0,0.0,7.778827359810822e-14,28.89130401611328,28.89132308959961,0.9365373253822327,0.9365379214286804,0.8116584420204163,0.8116584420204163,4.996362686157227,4.996361255645752,5.371204853057861,5.371205806732178,0.5759574174880981,0.5759556889533997,9.5367431640625e-07,-1.7285346984863281e-06
10361,69,1,5,True,effective_push,True,15.576859474182129,2.3646113872528076,1.2563513868569381e-13,28.769634246826172,28.76968002319336,0.9372571110725403,0.9372571706771851,0.8062301874160767,0.8062301874160767,12.478435516357422,12.478435516357422,8.357481956481934,8.357458114624023,0.8875967264175415,0.8875950574874878,-2.384185791015625e-05,-1.6689300537109375e-06
10361,69,2,10,True,free_motion,False,0.0,0.0,1.072036204382773e-13,27.915699005126953,27.91562271118164,0.9333643317222595,0.9333643317222595,0.7930677533149719,0.7932045459747314,6.988415718078613,6.98836088180542,6.356645584106445,6.356645584106445,0.5919674038887024,0.5919639468193054,0.0,-3.4570693969726562e-06
10361,69,3,15,False,free_motion,False,0.0,0.0,0.0026297669392079115,28.328292846679688,28.429231643676758,0.9340137243270874,0.9350526332855225,0.799582839012146,0.8013244867324829,6.720538139343262,12.491065979003906,6.392499923706055,3.8203208446502686,1.0020673274993896,1.288508415222168,-2.572179079055786,0.2864410877227783
10361,69,4,20,False,free_motion,False,0.0,0.0,0.00530638312920928,28.32431983947754,28.092620849609375,0.9335491061210632,0.9335765242576599,0.8004183173179626,0.7975962162017822,13.509665489196777,13.819015502929688,6.624746799468994,1.5183501243591309,0.8227338790893555,1.3124635219573975,-5.106396675109863,0.489729642868042
10361,69,5,25,False,free_motion,False,0.0,0.0,0.007437164895236492,28.53525161743164,28.225704193115234,0.9353556632995605,0.9346997141838074,0.800801694393158,0.7987454533576965,13.300200462341309,13.125370025634766,5.317896366119385,0.41301923990249634,0.14471633732318878,0.27163320779800415,-4.904877185821533,0.12691687047481537
10361,69,6,30,False,free_motion,False,0.0,0.0,0.06069232150912285,28.832368850708008,27.76451873779297,0.9369341731071472,0.9259055852890015,0.8071253299713135,0.8028541207313538,14.426956176757812,9.991790771484375,5.339147090911865,9.284144401550293,0.3436114490032196,4.65826416015625,3.9449973106384277,4.314652919769287
10361,69,7,35,False,effective_push,True,6.7347869873046875,3.0306639671325684,0.11623170226812363,29.11569595336914,27.3105525970459,0.9386982917785645,0.9212566614151001,0.8079116344451904,0.7957984805107117,12.417983055114746,9.599346160888672,3.9800422191619873,12.2755765914917,0.5245790481567383,5.343000888824463,8.295534133911133,4.818421840667725
10428,8,0,0,True,initial,False,0.0,0.0,2.150492511929919e-13,26.723928451538086,26.723846435546875,0.9226690530776978,0.92266845703125,0.7839090824127197,0.7839090824127197,2.7911312580108643,2.791105270385742,5.595767021179199,5.595734119415283,2.457911968231201,2.4578845500946045,-3.2901763916015625e-05,-2.7418136596679688e-05
10428,8,1,5,True,free_motion,False,0.0,0.0,1.2726249904154024e-13,27.10404396057129,27.104183197021484,0.924690306186676,0.9246907830238342,0.7893389463424683,0.7894578576087952,12.557901382446289,12.557958602905273,4.511134147644043,4.511163234710693,1.935702919960022,1.935730218887329,2.9087066650390625e-05,2.7298927307128906e-05
10428,8,2,10,True,free_motion,False,0.0,0.0,1.0858409440692163e-13,26.6119384765625,26.611724853515625,0.9199055433273315,0.9199033975601196,0.7838362455368042,0.7838362455368042,11.429868698120117,11.429849624633789,3.8538804054260254,3.8538804054260254,0.3187239468097687,0.3187239468097687,0.0,0.0
10428,8,3,15,False,contact_no_motion,True,0.01269458793103695,0.4621032476425171,0.007633641362190247,27.108638763427734,27.033674240112305,0.9240763783454895,0.9204263091087341,0.7927476763725281,0.7936749458312988,3.9214560985565186,1.9398661851882935,2.725677490234375,2.4505364894866943,1.7232294082641602,4.615787029266357,-0.27514100074768066,2.8925576210021973
10428,8,4,20,False,effective_push,True,5.078250408172607,28.627315521240234,0.012055359780788422,27.17498016357422,26.95291519165039,0.9217255115509033,0.920587420463562,0.7916077375411987,0.7886662483215332,8.568610191345215,11.334575653076172,6.787989139556885,3.8117594718933105,0.08324635028839111,3.2268545627593994,-2.976229667663574,3.1436080932617188
10428,8,5,25,False,effective_push,True,10.490018844604492,34.34530258178711,0.014079120010137558,27.270490646362305,25.87807846069336,0.9246262311935425,0.9124964475631714,0.7981380820274353,0.7802752256393433,8.369433403015137,8.163480758666992,4.8713603019714355,3.2069337368011475,3.991999626159668,3.6209018230438232,-1.664426565170288,-0.3710978031158447
10428,8,6,30,False,effective_push,True,4.09900426864624,16.220497131347656,0.013189914636313915,28.15787124633789,27.112045288085938,0.9307681322097778,0.922401487827301,0.8121166825294495,0.805138885974884,10.190276145935059,5.044285297393799,4.177929401397705,3.696993350982666,0.05345882475376129,0.6567049622535706,-0.48093605041503906,0.6032461524009705
10428,8,7,35,False,free_motion,False,0.0,0.0,0.018475383520126343,27.2243595123291,25.970888137817383,0.9242057204246521,0.9126111268997192,0.7990695238113403,0.7895722389221191,2.1086931228637695,7.272022724151611,1.8708293437957764,5.051114082336426,0.16932785511016846,0.06335149705410004,3.1802847385406494,-0.10597635805606842
10703,95,0,0,True,initial,True,0.0,0.0,1.0973223062626589e-13,25.892337799072266,25.8925724029541,0.917404055595398,0.9174046516418457,0.7820712924003601,0.7820712924003601,7.880364894866943,7.880373477935791,6.203688621520996,6.20371150970459,1.1634271144866943,1.1634271144866943,2.288818359375e-05,0.0
10703,95,1,5,True,effective_push,True,20.23871421813965,10.53368091583252,8.228823438621857e-14,26.259674072265625,26.25992202758789,0.9178788661956787,0.917881429195404,0.7902225852012634,0.7902225852012634,7.478850841522217,7.4788384437561035,1.5837135314941406,1.5837233066558838,1.8687397241592407,1.8687671422958374,9.775161743164062e-06,2.7418136596679688e-05
10703,95,2,10,True,effective_push,True,4.417232513427734,3.5925426483154297,8.801099904203954e-14,24.89455223083496,24.89446449279785,0.9107904434204102,0.9107891917228699,0.7663615942001343,0.7663615942001343,6.136404991149902,6.136404991149902,5.954257011413574,5.954261302947998,2.8019895553588867,2.8019895553588867,4.291534423828125e-06,0.0
10703,95,3,15,False,free_motion,False,0.0,0.0,0.005870873108506203,25.39476776123047,25.169469833374023,0.9113284349441528,0.908182680606842,0.7763010859489441,0.774071455001831,0.3186361491680145,7.138103485107422,4.19775915145874,1.3443573713302612,0.7533698678016663,1.1313798427581787,-2.8534016609191895,0.37800997495651245
10703,95,4,20,False,free_motion,False,0.0,0.0,0.0071812160313129425,24.892505645751953,24.872539520263672,0.9078953266143799,0.9045491218566895,0.7700780630111694,0.7706819176673889,5.853778839111328,9.044100761413574,2.0681777000427246,2.787698745727539,0.11980152130126953,2.8923938274383545,0.7195210456848145,2.772592306137085
10703,95,5,25,False,free_motion,False,0.0,0.0,0.009244672954082489,24.978755950927734,25.09026336669922,0.9078322052955627,0.9041118621826172,0.7717149257659912,0.7735347747802734,12.921277046203613,14.388778686523438,2.180415153503418,4.464102268218994,1.4528632164001465,5.079311370849609,2.283687114715576,3.626448154449463
10703,95,6,30,False,free_motion,False,0.0,0.0,0.011105719022452831,24.965778350830078,24.783348083496094,0.9065941572189331,0.9031383395195007,0.7715834975242615,0.7677876353263855,13.4318208694458,19.00825309753418,3.2085843086242676,3.739166021347046,2.1426849365234375,7.723277568817139,0.5305817127227783,5.580592632293701
10703,95,7,35,False,free_motion,False,0.0,0.0,0.012997309677302837,25.041236877441406,24.838960647583008,0.9078477025032043,0.9049472808837891,0.769997239112854,0.7668558955192566,13.631644248962402,18.05768585205078,3.689497947692871,2.605506181716919,1.9570131301879883,8.763788223266602,-1.0839917659759521,6.806775093078613
10796,49,0,0,True,initial,False,0.0,0.0,7.794317220723851e-14,27.058879852294922,27.05898666381836,0.9236416816711426,0.9236423969268799,0.8030125498771667,0.8030125498771667,13.150076866149902,13.150090217590332,2.8169026374816895,2.8169031143188477,0.7961883544921875,0.796186625957489,4.76837158203125e-07,-1.7285346984863281e-06
10796,49,1,5,True,free_motion,False,0.0,0.0,1.298723769586202e-13,27.212629318237305,27.21271514892578,0.9248279333114624,0.9248284101486206,0.8068498969078064,0.8068498969078064,8.459456443786621,8.459403038024902,0.903198778629303,0.9032419323921204,0.5899234414100647,0.5899226069450378,4.315376281738281e-05,-8.344650268554688e-07
10796,49,2,10,True,effective_push,True,1.6345900297164917,1.3887276649475098,8.018408934875806e-14,27.62799835205078,27.628036499023438,0.9272416234016418,0.927240788936615,0.8065856099128723,0.8065856099128723,4.502762794494629,4.502745628356934,1.03775954246521,1.0378053188323975,0.9138938188552856,0.913896381855011,4.57763671875e-05,2.562999725341797e-06
10796,49,3,15,False,contact_no_motion,True,0.19389809668064117,0.9258047938346863,0.005860698875039816,27.973251342773438,27.998077392578125,0.9294034838676453,0.928764283657074,0.8086245059967041,0.8096442818641663,5.325336933135986,5.387546539306641,4.379162788391113,4.837250709533691,1.1474744081497192,0.45280569791793823,0.4580879211425781,-0.694668710231781
10796,49,4,20,False,free_motion,False,0.0,0.0,0.019007481634616852,28.45136833190918,27.45721435546875,0.9323151111602783,0.9233174324035645,0.8145149350166321,0.8115811347961426,3.1787354946136475,6.0042524337768555,5.850017070770264,3.293707847595215,1.2979203462600708,0.8178126811981201,-2.556309223175049,-0.4801076650619507
10796,49,5,25,False,contact_no_motion,True,0.004101294558495283,0.052606113255023956,0.043901097029447556,28.18539047241211,26.43562126159668,0.929865837097168,0.9153463244438171,0.8083494305610657,0.7992289662361145,8.171671867370605,13.050488471984863,11.865160942077637,5.281884670257568,1.0602357387542725,2.4161221981048584,-6.583276271820068,1.355886459350586
10796,49,6,30,False,free_motion,False,0.0,0.0,0.04279504716396332,26.309200286865234,24.633834838867188,0.9206992387771606,0.9103777408599854,0.7874186635017395,0.7650343775749207,10.858887672424316,13.82300853729248,15.29523754119873,4.620672225952148,0.3861328065395355,2.6052775382995605,-10.674565315246582,2.219144821166992
10796,49,7,35,False,free_motion,False,0.0,0.0,0.044283997267484665,25.26544189453125,23.872365951538086,0.9169432520866394,0.9072896838188171,0.7689679861068726,0.7440718412399292,14.602149963378906,13.778190612792969,14.629130363464355,3.297391653060913,1.0182104110717773,2.047401189804077,-11.331738471984863,1.0291907787322998
10817,98,0,0,True,initial,False,0.0,0.0,1.4984197151297896e-13,28.167537689208984,28.16756248474121,0.9304595589637756,0.9304596781730652,0.8090771436691284,0.8090771436691284,8.248210906982422,8.248222351074219,5.206975936889648,5.206991195678711,0.11042366921901703,0.11042366921901703,1.52587890625e-05,0.0
10817,98,1,5,True,free_motion,False,0.0,0.0,8.456429323065381e-14,28.33779525756836,28.33792495727539,0.9323869347572327,0.9323886036872864,0.8102167844772339,0.8102167844772339,2.455441474914551,2.4554483890533447,4.62044095993042,4.6204118728637695,0.39741456508636475,0.39741456508636475,-2.9087066650390625e-05,0.0
10817,98,2,10,True,contact_no_motion,True,0.06755443662405014,0.03613169863820076,7.647658548104452e-14,28.21045684814453,28.210342407226562,0.9291853904724121,0.9291840195655823,0.8177770972251892,0.8177770972251892,7.264677047729492,7.264681339263916,2.0977277755737305,2.0977942943573,0.33400991559028625,0.33401334285736084,6.651878356933594e-05,3.427267074584961e-06
10817,98,3,15,False,effective_push,True,13.518221855163574,0.4263130724430084,0.006743983365595341,28.925617218017578,28.3878173828125,0.9351187944412231,0.930374026298523,0.8245099782943726,0.8216707706451416,8.643041610717773,7.635156631469727,6.366792678833008,5.89204216003418,0.7249016165733337,2.6049623489379883,-0.4747505187988281,1.8800606727600098
10817,98,4,20,False,contact_no_motion,True,1.6058745384216309,0.019780226051807404,0.01784892939031124,28.46759796142578,28.104183197021484,0.9334588050842285,0.9302525520324707,0.8142400979995728,0.8151760101318359,3.2398757934570312,7.734747886657715,0.8244718909263611,4.183629035949707,0.08760400861501694,1.7012362480163574,3.359157085418701,1.6136322021484375
10817,98,5,25,False,free_motion,False,0.0,0.0,0.036613356322050095,28.1497859954834,27.685443878173828,0.9314081072807312,0.9269981980323792,0.8087547421455383,0.8103526830673218,8.01720142364502,3.988682508468628,1.2842916250228882,3.6031851768493652,0.27268505096435547,0.9252652525901794,2.3188934326171875,0.652580201625824
10817,98,6,30,False,free_motion,False,0.0,0.0,0.04716676101088524,28.528297424316406,27.708187103271484,0.9334820508956909,0.9264333248138428,0.8150007724761963,0.8115215301513672,7.486352920532227,5.673701286315918,1.2316523790359497,3.795006275177002,0.09049317985773087,0.6950469017028809,2.563354015350342,0.6045536994934082
10817,98,7,35,False,free_motion,False,0.0,0.0,0.050929199904203415,28.725873947143555,27.563383102416992,0.9353012442588806,0.9229931235313416,0.819782555103302,0.8134374022483826,5.992222309112549,2.79940128326416,1.2939397096633911,1.9175571203231812,0.292892187833786,2.3112950325012207,0.62361741065979,2.0184028148651123
10848,48,0,0,True,initial,False,0.0,0.0,9.388433905082802e-14,26.89051055908203,26.89056396484375,0.9247607588768005,0.9247627258300781,0.7908600568771362,0.7908600568771362,9.83191967010498,9.83191967010498,8.086505889892578,8.086535453796387,0.9196712970733643,0.9196712970733643,2.956390380859375e-05,0.0
10848,48,1,5,True,free_motion,False,0.0,0.0,8.182402644980533e-14,27.21979522705078,27.219789505004883,0.9257648587226868,0.9257644414901733,0.7928786873817444,0.7928786873817444,4.717435836791992,4.717522144317627,9.615608215332031,9.615620613098145,0.4503553509712219,0.4503553509712219,1.239776611328125e-05,0.0
10848,48,2,10,True,effective_push,True,0.026240451261401176,11.728717803955078,1.2230379198546054e-13,27.653390884399414,27.653425216674805,0.925896167755127,0.9258964657783508,0.8017145395278931,0.8015558123588562,9.3301362991333,9.33017635345459,9.039322853088379,9.039299964904785,1.4614418745040894,1.4614418745040894,-2.288818359375e-05,0.0
10848,48,3,15,False,effective_push,True,1.8178428411483765,26.699426651000977,0.005275743082165718,27.678325653076172,27.824989318847656,0.9273108243942261,0.9279429912567139,0.802253007888794,0.8046731948852539,8.741436004638672,9.465106964111328,7.66998291015625,8.434000015258789,0.3706607222557068,0.3945390582084656,0.7640171051025391,0.02387833595275879
10848,48,4,20,False,effective_push,True,0.5300464034080505,19.730037689208984,0.006461267825216055,26.74053955078125,27.006567001342773,0.9213959574699402,0.9227958917617798,0.7989791035652161,0.8011730909347534,6.536609172821045,5.155416011810303,6.598912715911865,6.5024213790893555,1.3680092096328735,0.4764227867126465,-0.09649133682250977,-0.891586422920227
10848,48,5,25,False,effective_push,True,6.323536396026611,11.447942733764648,0.03579986095428467,27.136476516723633,26.15960121154785,0.923787534236908,0.910943329334259,0.8045750856399536,0.7943755388259888,4.131963729858398,3.823423147201538,4.901360511779785,10.740641593933105,0.10982773452997208,2.626246929168701,5.83928108215332,2.5164191722869873
10848,48,6,30,False,effective_push,True,0.24994975328445435,8.880105972290039,0.17190012335777283,28.47895622253418,24.726547241210938,0.9341079592704773,0.9019561409950256,0.8169164657592773,0.7532332539558411,3.3900229930877686,7.983518600463867,4.567744731903076,24.30225944519043,0.027341248467564583,5.945766925811768,19.734514236450195,5.918425559997559
10848,48,7,35,False,effective_push,True,1.6209150552749634,12.25311279296875,0.2532432973384857,28.571884155273438,24.61919593811035,0.935066282749176,0.9027062058448792,0.8190754055976868,0.7477424144744873,4.4307661056518555,7.281001567840576,3.1630289554595947,22.48933982849121,0.1658506542444229,7.783529758453369,19.326311111450195,7.617679119110107
10875,25,0,0,True,initial,False,0.0,0.0,2.2131247030300616e-13,26.143381118774414,26.14361572265625,0.9138615131378174,0.9138654470443726,0.7854946851730347,0.7853549718856812,12.935609817504883,12.935609817504883,14.20228099822998,14.202252388000488,1.201812744140625,1.2017854452133179,-2.86102294921875e-05,-2.7298927307128906e-05
10875,25,1,5,True,free_motion,False,0.0,0.0,1.8322322825614634e-13,26.019285202026367,26.019325256347656,0.9120522737503052,0.9120521545410156,0.7869242429733276,0.786784291267395,9.392559051513672,9.39259147644043,8.561232566833496,8.561225891113281,0.14081117510795593,0.1407838612794876,-6.67572021484375e-06,-2.7313828468322754e-05
10875,25,2,10,True,effective_push,True,41.448604583740234,3.3719823360443115,1.4108862461583577e-13,26.260793685913086,26.260862350463867,0.9165765643119812,0.916577160358429,0.7956340909004211,0.7956340909004211,7.64075231552124,7.64075231552124,8.671927452087402,8.671950340270996,5.182638168334961,5.182638168334961,2.288818359375e-05,0.0
10875,25,3,15,False,effective_push,True,58.23616027832031,4.341841697692871,0.011479921638965607,28.350849151611328,27.31018829345703,0.931411623954773,0.922751247882843,0.8141465783119202,0.8028481006622314,11.858420372009277,11.930852890014648,7.803905487060547,7.404223918914795,0.25238916277885437,0.8667237162590027,-0.39968156814575195,0.6143345832824707
10875,25,4,20,False,effective_push,True,4.504004001617432,0.5571521520614624,0.017689531669020653,26.543180465698242,26.78986358642578,0.9194518327713013,0.9203640222549438,0.7853214144706726,0.7885642647743225,14.893453598022461,13.491805076599121,7.472515106201172,7.571077823638916,2.3761954307556152,3.2049434185028076,0.09856271743774414,0.8287479877471924
10875,25,5,25,False,free_motion,False,0.0,0.0,0.022450417280197144,26.707744598388672,26.496578216552734,0.9238491654396057,0.9187377095222473,0.7875981330871582,0.7817361354827881,8.808096885681152,4.838967800140381,6.739086151123047,6.1048583984375,2.1206371784210205,2.4046638011932373,-0.6342277526855469,0.2840266227722168
10875,25,6,30,False,free_motion,False,0.0,0.0,0.01848485879600048,27.255325317382812,26.560609817504883,0.9242252707481384,0.9178062081336975,0.798405110836029,0.783134400844574,4.376955986022949,4.457934379577637,7.690657138824463,8.758336067199707,0.41757044196128845,0.86328125,1.0676789283752441,0.44571080803871155
10875,25,7,35,False,effective_push,True,0.6486461758613586,23.332334518432617,0.018893761560320854,27.289464950561523,26.17546272277832,0.9238316416740417,0.914488673210144,0.8030068278312683,0.7801429033279419,6.7778401374816895,1.6305185556411743,9.367980003356934,3.7943789958953857,0.001557283103466034,0.2819502055644989,-5.573600769042969,0.28039291501045227
11333,22,0,0,True,initial,True,0.0,0.0,2.0904748743687251e-13,26.529590606689453,26.529529571533203,0.9181067943572998,0.9181069731712341,0.7913618683815002,0.7913618683815002,8.411211013793945,8.411227226257324,3.5996086597442627,3.599621057510376,1.9150211811065674,1.915007472038269,1.239776611328125e-05,-1.3709068298339844e-05
11333,22,1,5,True,effective_push,True,29.863096237182617,0.3118254244327545,8.437323647907113e-14,26.410905838012695,26.410953521728516,0.9170258045196533,0.9170265197753906,0.796203076839447,0.796203076839447,7.326286792755127,7.326275825500488,4.94075345993042,4.940699577331543,1.8270620107650757,1.8270620107650757,-5.3882598876953125e-05,0.0
11333,22,2,10,True,effective_push,True,33.832550048828125,0.7362260222434998,9.243185372913992e-14,26.17975616455078,26.17974090576172,0.9173774719238281,0.9173772931098938,0.778480052947998,0.778480052947998,3.039994716644287,3.039989948272705,9.433233261108398,9.433222770690918,0.14758673310279846,0.14758673310279846,-1.049041748046875e-05,0.0
11333,22,3,15,False,effective_push,True,37.78866195678711,2.920957565307617,0.006875126622617245,26.791339874267578,27.008258819580078,0.9218806028366089,0.9226656556129456,0.7942386865615845,0.7960836291313171,0.9509891271591187,2.265813112258911,9.359109878540039,7.599602222442627,4.034224033355713,2.974123954772949,-1.759507656097412,-1.0601000785827637
11333,22,4,20,False,effective_push,True,20.461750030517578,1.3844382762908936,0.013446655124425888,26.106658935546875,26.57358169555664,0.9133642911911011,0.9187780618667603,0.7871279716491699,0.7929463386535645,0.7194072604179382,7.719881057739258,7.994441986083984,6.704385757446289,3.56616473197937,3.5014965534210205,-1.2900562286376953,-0.06466817855834961
11333,22,5,25,False,free_motion,False,0.0,0.0,0.0186492670327425,26.360122680664062,26.119853973388672,0.9159402251243591,0.915060818195343,0.7893275022506714,0.7859842777252197,8.703825950622559,13.928533554077148,1.541279673576355,1.6902740001678467,0.5270720720291138,0.7530420422554016,0.1489943265914917,0.22596997022628784
11333,22,6,30,False,free_motion,False,0.0,0.0,0.0172925665974617,26.185619354248047,26.16959571838379,0.9147042036056519,0.914741575717926,0.7874325513839722,0.7855379581451416,17.065059661865234,21.056564331054688,3.5431721210479736,7.9354023933410645,0.7308849096298218,1.7930339574813843,4.392230033874512,1.0621490478515625
11333,22,7,35,False,free_motion,False,0.0,0.0,0.01650267466902733,26.196346282958984,26.544918060302734,0.9165682196617126,0.9194077253341675,0.7856934666633606,0.7871596813201904,15.020012855529785,18.49183464050293,4.73286771774292,7.484925746917725,2.1682708263397217,1.125123381614685,2.7520580291748047,-1.0431474447250366
11537,66,0,0,True,initial,True,0.0,0.0,1.298364627616566e-13,28.21279525756836,28.21268081665039,0.9302043914794922,0.930203914642334,0.8132427930831909,0.8132427930831909,2.7407851219177246,2.740830898284912,2.106194019317627,2.106184244155884,0.17451132833957672,0.17450450360774994,-9.775161743164062e-06,-6.8247318267822266e-06
11537,66,1,5,True,effective_push,True,9.767477989196777,5.439384937286377,1.421273445071855e-13,28.624582290649414,28.624486923217773,0.9334670901298523,0.9334662556648254,0.8166692852973938,0.816824734210968,4.6448163986206055,4.6448564529418945,3.9067554473876953,3.906796932220459,0.39632174372673035,0.39632514119148254,4.1484832763671875e-05,3.3974647521972656e-06
11537,66,2,10,True,effective_push,True,7.7962965965271,3.6534953117370605,1.1700577030697434e-13,28.5721435546875,28.572004318237305,0.9328100085258484,0.9328091144561768,0.8150343298912048,0.8150343298912048,6.273660182952881,6.273675441741943,3.997051477432251,3.9970545768737793,0.6518937349319458,0.6518937349319458,3.0994415283203125e-06,0.0
11537,66,3,15,False,contact_no_motion,True,1.991737961769104,0.781004786491394,0.005101406946778297,27.722625732421875,27.59087562561035,0.9271506071090698,0.9279166460037231,0.8028212785720825,0.7982998490333557,3.1244003772735596,8.288636207580566,1.6651382446289062,4.540119171142578,0.7245362401008606,0.14045600593090057,2.874980926513672,-0.5840802192687988
11537,66,4,20,False,free_motion,False,0.0,0.0,0.009600767865777016,27.242237091064453,27.109466552734375,0.9258478879928589,0.9231986403465271,0.7947030067443848,0.7939736843109131,14.791075706481934,8.146738052368164,3.4140753746032715,7.501895427703857,0.31716325879096985,0.6436429023742676,4.087820053100586,0.32647964358329773
11537,66,5,25,False,free_motion,False,0.0,0.0,0.013806226663291454,28.40701675415039,27.586177825927734,0.9316295981407166,0.9240480661392212,0.807746171951294,0.8029129505157471,11.74563217163086,1.420806884765625,5.13934850692749,8.32640266418457,0.8720717430114746,1.2736698389053345,3.18705415725708,0.40159809589385986
11537,66,6,30,False,free_motion,False,0.0,0.0,0.013370929285883904,28.396739959716797,27.34492301940918,0.9327459931373596,0.9243168234825134,0.8088396191596985,0.8012123107910156,6.5297136306762695,3.9790780544281006,2.8614041805267334,8.441472053527832,0.8404274582862854,1.6668598651885986,5.5800676345825195,0.8264324069023132
11537,66,7,35,False,free_motion,False,0.0,0.0,0.019640261307358742,28.47113609313965,27.491151809692383,0.9324859380722046,0.926457405090332,0.8128233551979065,0.8061240315437317,7.0050435066223145,3.139153242111206,1.6926831007003784,7.094998836517334,0.32688260078430176,0.9813923239707947,5.402315616607666,0.6545097231864929
11734,63,0,0,True,initial,True,0.0,0.0,1.4274029820540018e-13,28.689720153808594,28.68967056274414,0.9344732165336609,0.934473991394043,0.816569983959198,0.816569983959198,5.541352272033691,5.541412353515625,6.066103935241699,6.066133975982666,1.614506483078003,1.614503026008606,3.0040740966796875e-05,-3.4570693969726562e-06
11734,63,1,5,True,effective_push,True,11.3485689163208,8.499227523803711,1.1454296441459205e-13,28.42828369140625,28.428234100341797,0.9339696764945984,0.9339696764945984,0.8116514086723328,0.8116514086723328,2.916269540786743,2.916274070739746,1.2243095636367798,1.224284291267395,0.6531538963317871,0.6531437039375305,-2.5272369384765625e-05,-1.0192394256591797e-05
11734,63,2,10,True,free_motion,False,0.0,0.0,1.0668515495939473e-13,27.84241485595703,27.842403411865234,0.9312127232551575,0.9312142133712769,0.8039461374282837,0.8039461374282837,2.596046209335327,2.595946788787842,10.18773365020752,10.187703132629395,1.846224069595337,1.846224069595337,-3.0517578125e-05,0.0
11734,63,3,15,False,free_motion,False,0.0,0.0,0.0019230095203965902,27.86241340637207,27.560720443725586,0.9316113591194153,0.9305123090744019,0.8074553608894348,0.803560197353363,14.336491584777832,14.63719367980957,14.865809440612793,18.707509994506836,2.022897243499756,2.4415125846862793,3.841700553894043,0.41861534118652344
11734,63,4,20,False,free_motion,False,0.0,0.0,0.00354295177385211,28.726398468017578,28.214597702026367,0.9355876445770264,0.9333077669143677,0.8139276504516602,0.808688759803772,6.4366021156311035,6.085262298583984,7.5671892166137695,10.67711353302002,0.6362047791481018,0.5759044885635376,3.10992431640625,-0.06030029058456421
11734,63,5,25,False,free_motion,False,0.0,0.0,0.016101373359560966,29.044477462768555,27.598297119140625,0.937357485294342,0.9277701377868652,0.8180949091911316,0.8081431984901428,6.407855033874512,8.587146759033203,2.534996747970581,6.458075523376465,0.44672510027885437,0.8237788677215576,3.923078775405884,0.37705376744270325
11734,63,6,30,False,effective_push,True,10.484123229980469,3.109689235687256,0.05661485716700554,29.248050689697266,27.368642807006836,0.9378991723060608,0.9215725064277649,0.8251179456710815,0.817200779914856,2.0305025577545166,6.686366081237793,1.7874975204467773,4.986347675323486,0.865268886089325,1.4348998069763184,3.198850154876709,0.5696309208869934
11734,63,7,35,False,effective_push,True,17.597362518310547,1.1470346450805664,0.08888210356235504,29.66594886779785,28.300535202026367,0.9408376216888428,0.9291627407073975,0.8229588866233826,0.8141263723373413,6.775184631347656,16.557220458984375,1.7943686246871948,6.731531143188477,0.8887168765068054,4.439698219299316,4.937162399291992,3.550981283187866
11818,21,0,0,True,initial,True,0.0,0.0,1.1555535174567755e-13,27.650205612182617,27.650249481201172,0.9268955588340759,0.9268962740898132,0.8039840459823608,0.8039840459823608,2.07837176322937,2.0783424377441406,4.302505016326904,4.302487850189209,1.893369436264038,1.8933626413345337,-1.71661376953125e-05,-6.794929504394531e-06
11818,21,1,5,True,effective_push,True,5.336662769317627,20.929092407226562,1.2804473735646138e-13,28.409687042236328,28.409664154052734,0.9333102703094482,0.9333101511001587,0.8133438229560852,0.8133438229560852,3.29671049118042,3.29671049118042,1.236627221107483,1.2365888357162476,0.9718266725540161,0.9718334674835205,-3.838539123535156e-05,6.794929504394531e-06
11818,21,2,10,True,effective_push,True,6.804769515991211,14.872845649719238,1.0001873461396027e-13,28.766498565673828,28.766324996948242,0.9356768131256104,0.9356748461723328,0.8199142217636108,0.8199142217636108,4.394742965698242,4.39475679397583,1.2841715812683105,1.2841715812683105,0.044812873005867004,0.044806040823459625,0.0,-6.83218240737915e-06
11818,21,3,15,False,effective_push,True,3.6925737857818604,12.2687406539917,0.003943096846342087,28.86966896057129,29.12969398498535,0.9373932480812073,0.9387394785881042,0.8204879760742188,0.8225675821304321,8.472203254699707,7.9912943840026855,2.512749195098877,4.279359817504883,0.250801146030426,0.049792081117630005,1.7666106224060059,-0.20100906491279602
11818,21,4,20,False,effective_push,True,0.7900294661521912,5.356834888458252,0.013474149629473686,28.234718322753906,29.120777130126953,0.9346445202827454,0.9382010698318481,0.8115082383155823,0.8157346844673157,7.034402370452881,10.159442901611328,3.031329870223999,4.275683403015137,0.9242543578147888,0.6238967776298523,1.2443535327911377,-0.3003575801849365
11818,21,5,25,False,free_motion,False,0.0,0.0,0.017737839370965958,28.634855270385742,28.949596405029297,0.9358561038970947,0.9370297789573669,0.8157133460044861,0.8176565170288086,4.388751029968262,16.359363555908203,6.000724792480469,2.1448910236358643,0.8814325332641602,0.6759735941886902,-3.8558337688446045,-0.20545893907546997
11818,21,6,30,False,free_motion,False,0.0,0.0,0.018257547169923782,28.637386322021484,29.110366821289062,0.9354279041290283,0.9377618432044983,0.8172147274017334,0.8179916143417358,6.02187442779541,13.916004180908203,3.393958330154419,5.105757713317871,0.09836497157812119,1.00807785987854,1.7117993831634521,0.9097129106521606
11818,21,7,35,False,contact_no_motion,True,0.9586718678474426,0.02543562278151512,0.010451994836330414,29.01982879638672,28.857648849487305,0.9374765157699585,0.9354814887046814,0.8224238753318787,0.8208906650543213,2.6075477600097656,9.666799545288086,3.589500665664673,5.005043029785156,0.41852325201034546,1.0048540830612183,1.4155423641204834,0.5863308310508728
11884,20,0,0,True,initial,True,0.0,0.0,1.7452976997650582e-13,27.453327178955078,27.45319175720215,0.9244834780693054,0.9244827032089233,0.8018792867660522,0.8018792867660522,4.663020133972168,4.663006782531738,3.6291849613189697,3.6291849613189697,1.2000643014907837,1.2000505924224854,0.0,-1.3709068298339844e-05
11884,20,1,5,True,effective_push,True,2.1537768840789795,19.600088119506836,9.244430850159635e-14,28.275054931640625,28.275175094604492,0.9331938028335571,0.9331938624382019,0.8092167377471924,0.8092167377471924,2.9819424152374268,2.981895923614502,0.9926086664199829,0.9925536513328552,0.0405508354306221,0.04053717479109764,-5.501508712768555e-05,-1.3660639524459839e-05
11884,20,2,10,True,effective_push,True,3.961573600769043,14.662270545959473,8.908992250519776e-14,28.38914680480957,28.389259338378906,0.9335773587226868,0.9335789680480957,0.8173844814300537,0.8173844814300537,7.638372421264648,7.638372421264648,3.8513119220733643,3.8513119220733643,0.7867012023925781,0.7867012023925781,0.0,0.0
11884,20,3,15,False,effective_push,True,1.8153365850448608,13.283309936523438,0.008787617087364197,29.06068992614746,28.471792221069336,0.9385993480682373,0.9328886866569519,0.825760006904602,0.8240755796432495,9.539838790893555,12.172904014587402,4.949507713317871,2.8325023651123047,0.5561652183532715,1.2036535739898682,-2.1170053482055664,0.6474883556365967
11884,20,4,20,False,effective_push,True,0.26661771535873413,7.881928443908691,0.0472007617354393,28.788402557373047,27.363359451293945,0.9362890124320984,0.9243502020835876,0.8148919343948364,0.8049911856651306,0.6974275708198547,10.395103454589844,4.623383522033691,3.4876997470855713,2.19508957862854,1.4223527908325195,-1.1356837749481201,-0.7727367877960205
11884,20,5,25,False,free_motion,False,0.0,0.0,0.08455826342105865,28.476268768310547,27.41524887084961,0.9332638382911682,0.9234928488731384,0.811155378818512,0.805905818939209,7.513126373291016,9.737005233764648,3.5848841667175293,1.9031990766525269,2.93552303314209,0.10580646246671677,-1.6816850900650024,-2.829716682434082
11884,20,6,30,False,free_motion,False,0.0,0.0,0.08139003813266754,28.364450454711914,27.40858268737793,0.9337571263313293,0.9230973720550537,0.8125901222229004,0.8077971935272217,3.8185462951660156,3.2953646183013916,3.7365076541900635,4.37384033203125,0.9363676905632019,0.5140844583511353,0.6373326778411865,-0.42228323221206665
11884,20,7,35,False,free_motion,False,0.0,0.0,0.05244794487953186,28.966766357421875,27.741710662841797,0.937100887298584,0.9246875643730164,0.8203844428062439,0.816853404045105,1.9625272750854492,5.437884330749512,3.849318504333496,6.478507041931152,0.772682249546051,1.0327553749084473,2.6291885375976562,0.26007312536239624
11970,6,0,0,True,initial,False,0.0,0.0,1.1083878769229533e-13,26.28763198852539,26.287506103515625,0.9229493141174316,0.9229480028152466,0.7866798043251038,0.7866798043251038,13.156461715698242,13.156452178955078,2.1317203044891357,2.1317155361175537,0.5397078990936279,0.5396873950958252,-4.76837158203125e-06,-2.0503997802734375e-05
11970,6,1,5,True,free_motion,False,0.0,0.0,1.107865969102173e-13,26.479206085205078,26.47901153564453,0.9234319925308228,0.9234300255775452,0.7873150110244751,0.7873150110244751,4.757157802581787,4.7571868896484375,5.340546131134033,5.340583324432373,0.2247166484594345,0.2247166484594345,3.719329833984375e-05,0.0
11970,6,2,10,True,free_motion,False,0.0,0.0,8.559149347392089e-14,26.071208953857422,26.071277618408203,0.9210034608840942,0.9210038781166077,0.7790957093238831,0.7790957093238831,12.336167335510254,12.336211204528809,5.599282741546631,5.599304676055908,0.3751242458820343,0.3751242458820343,2.193450927734375e-05,0.0
11970,6,3,15,False,free_motion,False,0.0,0.0,0.003095742780715227,26.317546844482422,26.529983520507812,0.9203119277954102,0.9210582971572876,0.7862982749938965,0.7913067936897278,7.437638282775879,13.508976936340332,2.4689080715179443,4.582921981811523,1.3823482990264893,0.19514533877372742,2.114013910293579,-1.1872029304504395
11970,6,4,20,False,free_motion,False,0.0,0.0,0.006498723290860653,26.178451538085938,26.11578941345215,0.9160305261611938,0.9167444705963135,0.7853610515594482,0.7838869094848633,5.27316951751709,7.290647506713867,7.55098819732666,4.712400436401367,2.2087533473968506,0.3871282935142517,-2.838587760925293,-1.821624994277954
11970,6,5,25,False,contact_no_motion,True,1.7232557535171509,0.2696695029735565,0.006004633381962776,26.34905242919922,26.1868953704834,0.9158236980438232,0.9157058596611023,0.788684606552124,0.7871168255805969,8.652560234069824,7.602512836456299,10.618220329284668,13.8665771484375,0.07603025436401367,0.06778621673583984,3.248356819152832,-0.008244037628173828
11970,6,6,30,False,effective_push,True,16.602201461791992,1.0918329954147339,0.007897710427641869,26.436859130859375,26.51966094970703,0.915725588798523,0.9178193807601929,0.7885162234306335,0.7908170819282532,8.661697387695312,7.273632526397705,12.763060569763184,12.558446884155273,2.1059112548828125,0.829529881477356,-0.20461368560791016,-1.2763813734054565
11970,6,7,35,False,effective_push,True,36.269588470458984,0.5118407011032104,0.010400914587080479,27.145484924316406,27.03256607055664,0.9228885173797607,0.9218932390213013,0.8015057444572449,0.8040952682495117,6.6830010414123535,7.184557914733887,6.123713970184326,5.848477363586426,0.8159958720207214,1.6278492212295532,-0.2752366065979004,0.8118533492088318
11987,37,0,0,True,initial,True,0.0,0.0,1.379546840261578e-13,26.644359588623047,26.64430809020996,0.9187607169151306,0.9187602400779724,0.7927645444869995,0.7929069995880127,11.524727821350098,11.524718284606934,8.822226524353027,8.822226524353027,2.260789155960083,2.2607789039611816,0.0,-1.0251998901367188e-05
11987,37,1,5,True,effective_push,True,32.759037017822266,5.327629089355469,6.541708635291604e-14,28.008840560913086,28.008861541748047,0.9292612671852112,0.9292611479759216,0.8104320168495178,0.8104320168495178,6.533934116363525,6.533934116363525,3.4817395210266113,3.481745719909668,0.7366017699241638,0.736605167388916,6.198883056640625e-06,3.3974647521972656e-06
11987,37,2,10,True,effective_push,True,25.165685653686523,3.287219524383545,8.135554269107434e-14,27.994522094726562,27.994491577148438,0.9283910989761353,0.9283912181854248,0.8170950412750244,0.8170950412750244,0.49667343497276306,0.4966999888420105,3.328650712966919,3.3286657333374023,1.731770634651184,1.731767177581787,1.5020370483398438e-05,-3.4570693969726562e-06
11987,37,3,15,False,effective_push,True,27.16438865661621,0.5374811887741089,0.003772932570427656,28.169940948486328,27.868656158447266,0.9293416142463684,0.9262832403182983,0.8162603974342346,0.813259482383728,8.27105712890625,1.7286250591278076,2.201094150543213,3.791165351867676,0.7760529518127441,1.3399943113327026,1.590071201324463,0.5639413595199585
11987,37,4,20,False,effective_push,True,27.17828369140625,0.5829293131828308,0.011716100387275219,28.730070114135742,27.81855010986328,0.9329928159713745,0.9233599901199341,0.8205128312110901,0.8123533725738525,5.34271764755249,0.9842743873596191,1.018999695777893,4.546088695526123,0.21847043931484222,0.2786068320274353,3.5270891189575195,0.06013639271259308
11987,37,5,25,False,contact_no_motion,True,0.6125999093055725,0.001325056655332446,0.025610079988837242,27.974241256713867,26.717910766601562,0.9299632906913757,0.915860116481781,0.8112181425094604,0.7996602058410645,2.724137544631958,6.942863941192627,2.5211336612701416,3.733994960784912,0.3823505938053131,0.19257718324661255,1.2128612995147705,-0.18977341055870056
11987,37,6,30,False,free_motion,False,0.0,0.0,0.036487944424152374,27.780973434448242,26.458232879638672,0.9295147657394409,0.9157068133354187,0.8110713958740234,0.7968870401382446,4.13585090637207,14.92996597290039,1.2803980112075806,4.132553577423096,0.363226056098938,0.07201751321554184,2.8521556854248047,-0.29120853543281555
11987,37,7,35,False,free_motion,False,0.0,0.0,0.04717794060707092,28.063085556030273,26.851808547973633,0.9311043620109558,0.9161864519119263,0.8136597275733948,0.8016414046287537,1.0298478603363037,12.801634788513184,0.7653155326843262,3.3521788120269775,0.8328118324279785,0.39188212156295776,2.5868632793426514,-0.44092971086502075
12054,94,0,0,True,initial,False,0.0,0.0,1.6813627042294027e-13,25.222354888916016,25.222387313842773,0.9078954458236694,0.9078964591026306,0.7691972851753235,0.7691972851753235,21.61148452758789,21.611494064331055,8.011943817138672,8.011923789978027,4.221739768981934,4.2217535972595215,-2.002716064453125e-05,1.3828277587890625e-05
12054,94,1,5,True,free_motion,False,0.0,0.0,1.5996848756662935e-13,25.002216339111328,25.002260208129883,0.9063716530799866,0.9063722491264343,0.7626774907112122,0.7626774907112122,23.30512046813965,23.30512046813965,10.7013578414917,10.7013578414917,2.274275541305542,2.274275541305542,0.0,0.0
12054,94,2,10,True,free_motion,False,0.0,0.0,1.4023537105861683e-13,24.570960998535156,24.57098388671875,0.9029719233512878,0.9029725790023804,0.7540676593780518,0.7540676593780518,20.392459869384766,20.39242172241211,11.367300987243652,11.367300987243652,0.021692680194973946,0.021692680194973946,0.0,0.0
12054,94,3,15,False,free_motion,False,0.0,0.0,0.0037084422074258327,23.981142044067383,24.31308937072754,0.8980422019958496,0.9003821015357971,0.7379732131958008,0.7468879818916321,16.294166564941406,15.149026870727539,13.578341484069824,14.5645112991333,3.4882049560546875,3.9856340885162354,0.9861698150634766,0.49742913246154785
12054,94,4,20,False,free_motion,False,0.0,0.0,0.007885405793786049,24.165225982666016,24.6243839263916,0.8994636535644531,0.9034153819084167,0.7433071136474609,0.7538882493972778,18.753387451171875,11.555877685546875,11.98595142364502,11.052751541137695,2.6783220767974854,2.3535192012786865,-0.9331998825073242,-0.32480287551879883
12054,94,5,25,False,free_motion,False,0.0,0.0,0.018370546400547028,24.532093048095703,24.66646385192871,0.9040583372116089,0.906130313873291,0.7525832653045654,0.757056474685669,17.99053192138672,12.35200309753418,10.549056053161621,9.756038665771484,0.4190594255924225,2.4361236095428467,-0.7930173873901367,2.017064094543457
12054,94,6,30,False,effective_push,True,3.5635299682617188,1.0116466283798218,0.03927651420235634,24.496654510498047,24.793378829956055,0.9052247405052185,0.9079780578613281,0.7542849183082581,0.7511824369430542,25.552587509155273,13.817232131958008,13.223898887634277,16.48064422607422,3.1002092361450195,3.9413743019104004,3.2567453384399414,0.8411650657653809
12054,94,7,35,False,effective_push,True,18.865205764770508,7.456243991851807,0.043632905930280685,25.127079010009766,25.4300537109375,0.9083822965621948,0.9113976955413818,0.7696457505226135,0.7725605368614197,21.39645004272461,13.203391075134277,15.09654712677002,15.769514083862305,1.6455018520355225,0.8061808943748474,0.6729669570922852,-0.839320957660675
12390,59,0,0,True,initial,True,0.0,0.0,1.0299430037129242e-13,26.3629150390625,26.36286735534668,0.9185041189193726,0.9185032248497009,0.7952387928962708,0.7952387928962708,10.674324035644531,10.674309730529785,6.524302005767822,6.524325847625732,0.0067755477502942085,0.006768717430531979,2.384185791015625e-05,-6.8303197622299194e-06
12390,59,1,5,True,effective_push,True,13.086116790771484,14.455698013305664,9.866857764856407e-14,26.046884536743164,26.04677963256836,0.9133489727973938,0.9133481383323669,0.7847887277603149,0.7847887277603149,11.96839714050293,11.968438148498535,8.106099128723145,8.106090545654297,2.0176618099212646,2.0176515579223633,-8.58306884765625e-06,-1.0251998901367188e-05
12390,59,2,10,True,contact_no_motion,True,1.1476119756698608,0.7890917062759399,1.3951089361443486e-13,25.51273536682129,25.512483596801758,0.9083123207092285,0.9083109498023987,0.7763380408287048,0.7763380408287048,9.511009216308594,9.511017799377441,7.551492214202881,7.551504611968994,0.7744102478027344,0.7743898034095764,1.239776611328125e-05,-2.0444393157958984e-05
12390,59,3,15,False,free_motion,False,0.0,0.0,0.006784877739846706,24.757591247558594,24.822528839111328,0.9037622809410095,0.902182400226593,0.760705292224884,0.7631357312202454,6.66030740737915,10.944112777709961,4.320136547088623,0.7982942461967468,0.10157857090234756,1.195703148841858,-3.5218422412872314,1.0941245555877686
12390,59,4,20,False,free_motion,False,0.0,0.0,0.010359527543187141,24.550073623657227,25.088130950927734,0.9029174447059631,0.9041133522987366,0.7565120458602905,0.7650112509727478,9.23380184173584,14.925633430480957,3.430041551589966,1.797872543334961,0.08049719780683517,2.027374267578125,-1.6321690082550049,1.946877121925354
12390,59,5,25,False,free_motion,False,0.0,0.0,0.010635372251272202,24.89453887939453,25.505260467529297,0.9053672552108765,0.9067388772964478,0.76217120885849,0.7739289999008179,6.465463161468506,11.103835105895996,5.245306491851807,2.201361656188965,0.7103533148765564,2.2354321479797363,-3.043944835662842,1.5250787734985352
12390,59,6,30,False,free_motion,False,0.0,0.0,0.012451458722352982,25.152971267700195,25.60443878173828,0.9069089889526367,0.9075579047203064,0.7693713903427124,0.7801106572151184,6.524618148803711,11.45506477355957,5.919033050537109,3.4978718757629395,0.686331570148468,2.6862006187438965,-2.42116117477417,1.9998691082000732
12390,59,7,35,False,free_motion,False,0.0,0.0,0.013811665587127209,25.493255615234375,25.84729766845703,0.9091672301292419,0.9131486415863037,0.7757652401924133,0.7799466252326965,3.6340129375457764,7.356348514556885,4.95839786529541,3.9284255504608154,0.17500311136245728,0.28940877318382263,-1.0299723148345947,0.11440566182136536
12518,25,0,0,True,initial,True,0.0,0.0,1.327985979645771e-13,29.354042053222656,29.35403823852539,0.9402775168418884,0.9402779340744019,0.8267303109169006,0.8267303109169006,3.8809964656829834,3.881011724472046,1.796887755393982,1.7968703508377075,0.6318846940994263,0.6318881511688232,-1.7404556274414062e-05,3.4570693969726562e-06
12518,25,1,5,True,effective_push,True,7.163616180419922,4.936832904815674,9.769352075352997e-14,29.319637298583984,29.319570541381836,0.9394919276237488,0.9394922256469727,0.8242287635803223,0.8242287635803223,0.5693659782409668,0.5693659782409668,7.064770221710205,7.064756393432617,0.9519610404968262,0.951957643032074,-1.3828277587890625e-05,-3.3974647521972656e-06
12518,25,2,10,True,effective_push,True,40.337223052978516,16.219608306884766,9.555019536006126e-14,27.903776168823242,27.90348243713379,0.9278475046157837,0.9278447031974792,0.801480233669281,0.801480233669281,12.07679557800293,12.07679557800293,8.976778984069824,8.976759910583496,0.4763920307159424,0.47640570998191833,-1.9073486328125e-05,1.3679265975952148e-05
12518,25,3,15,False,effective_push,True,17.259477615356445,6.080684661865234,0.01533070020377636,27.501432418823242,27.239219665527344,0.9244677424430847,0.9218937754631042,0.7955846190452576,0.7932159304618835,19.250333786010742,26.055803298950195,5.7290215492248535,8.45744800567627,1.4097373485565186,1.8037164211273193,2.728426456451416,0.3939790725708008
12518,25,4,20,False,effective_push,True,28.347745895385742,11.405582427978516,0.03129992634057999,27.63302993774414,25.40074920654297,0.9263700842857361,0.9060040712356567,0.7938981056213379,0.7654123306274414,11.746272087097168,15.939083099365234,3.0570945739746094,5.467103481292725,3.0109386444091797,8.414929389953613,2.4100089073181152,5.403990745544434
12518,25,5,25,False,effective_push,True,17.250131607055664,9.355281829833984,0.040845584124326706,27.29674530029297,24.014976501464844,0.9245374798774719,0.8984569907188416,0.7927699089050293,0.7280219793319702,5.789755821228027,10.66447925567627,9.385503768920898,13.620230674743652,0.8642579913139343,11.887200355529785,4.234726905822754,11.022942543029785
12518,25,6,30,False,effective_push,True,13.937724113464355,0.27904054522514343,0.03917761892080307,26.01545524597168,23.542253494262695,0.9129462242126465,0.8946221470832825,0.7690040469169617,0.7112852931022644,4.047830581665039,9.479613304138184,10.907912254333496,15.716935157775879,2.2390999794006348,2.200789451599121,4.809022903442383,-0.03831052780151367
12518,25,7,35,False,effective_push,True,10.98668098449707,5.915380477905273,0.05594149976968765,26.527088165283203,24.148771286010742,0.916027843952179,0.8974649906158447,0.7864153385162354,0.7398410439491272,6.606245040893555,9.321956634521484,4.658764362335205,7.269888401031494,0.3708929419517517,2.2800674438476562,2.611124038696289,1.9091744422912598
12617,72,0,0,True,initial,False,0.0,0.0,2.074940696691896e-13,23.33111000061035,23.330902099609375,0.9007725715637207,0.9007698893547058,0.708583652973175,0.708583652973175,36.19712829589844,36.19710159301758,28.678987503051758,28.678966522216797,6.498597145080566,6.498597145080566,-2.09808349609375e-05,0.0
12617,72,1,5,True,free_motion,False,0.0,0.0,1.5601499855476958e-13,23.91421127319336,23.91412353515625,0.9047882556915283,0.904787003993988,0.7405080795288086,0.7405080795288086,9.845056533813477,9.845056533813477,26.815885543823242,26.815887451171875,6.933488845825195,6.933502674102783,1.9073486328125e-06,1.3828277587890625e-05
12617,72,2,10,True,free_motion,False,0.0,0.0,1.4953405809599307e-13,23.745088577270508,23.7451171875,0.902978777885437,0.9029783606529236,0.7318918704986572,0.7318918704986572,6.208248615264893,6.208248615264893,27.143638610839844,27.143638610839844,8.126531600952148,8.126531600952148,0.0,0.0
12617,72,3,15,False,free_motion,False,0.0,0.0,0.006338225677609444,23.191272735595703,23.29094886779785,0.9000380039215088,0.9015160202980042,0.7104493379592896,0.7136181592941284,18.521137237548828,25.30251121520996,27.8453426361084,21.225317001342773,7.613693714141846,9.651890754699707,-6.620025634765625,2.0381970405578613
12617,72,4,20,False,free_motion,False,0.0,0.0,0.011871694587171078,23.564163208007812,23.221567153930664,0.9010690450668335,0.9007560014724731,0.7230230569839478,0.707398533821106,15.057113647460938,36.187137603759766,28.062414169311523,16.865657806396484,9.023855209350586,11.050918579101562,-11.196756362915039,2.0270633697509766
12617,72,5,25,False,free_motion,False,0.0,0.0,0.018411315977573395,23.38574981689453,23.35029411315918,0.899564266204834,0.9004946351051331,0.7068712711334229,0.7095780372619629,18.302501678466797,51.290164947509766,28.791725158691406,15.13615608215332,8.250991821289062,11.573223114013672,-13.655569076538086,3.3222312927246094
12617,72,6,30,False,free_motion,False,0.0,0.0,0.036525458097457886,25.884010314941406,24.20962142944336,0.9101904630661011,0.9056363105773926,0.752448558807373,0.7262018918991089,55.849212646484375,92.37504577636719,28.507150650024414,15.464219093322754,6.5744123458862305,11.023829460144043,-13.04293155670166,4.4494171142578125
12617,72,7,35,False,free_motion,False,0.0,0.0,0.027977406978607178,25.49302864074707,24.14304542541504,0.9075779914855957,0.9025388956069946,0.754443347454071,0.7276338934898376,48.610599517822266,94.52530670166016,27.331462860107422,12.651400566101074,10.37796688079834,14.132207870483398,-14.680062294006348,3.7542409896850586
12678,14,0,0,True,initial,True,0.0,0.0,9.904243088642781e-14,28.51406478881836,28.51382827758789,0.9321938753128052,0.9321914911270142,0.8149779438972473,0.8149779438972473,4.933351993560791,4.933312892913818,4.787397861480713,4.7874250411987305,0.07384117692708969,0.07384117692708969,2.7179718017578125e-05,0.0
12678,14,1,5,True,effective_push,True,26.47633171081543,3.947070598602295,1.0010037503754843e-13,28.740873336791992,28.740982055664062,0.9348318576812744,0.9348320960998535,0.8147087097167969,0.8147087097167969,3.1796176433563232,3.1796340942382812,3.7526838779449463,3.752671480178833,0.988161027431488,0.9881542325019836,-1.239776611328125e-05,-6.794929504394531e-06
12678,14,2,10,True,effective_push,True,7.95643424987793,1.0868606567382812,1.1462476746850608e-13,28.81640625,28.816490173339844,0.935637354850769,0.9356386065483093,0.8073908090591431,0.8073908090591431,4.619915008544922,4.619897842407227,4.931508541107178,4.93145751953125,0.23988990485668182,0.2398967295885086,-5.1021575927734375e-05,6.8247318267822266e-06
12678,14,3,15,False,free_motion,False,0.0,0.0,0.00260838377289474,26.58679962158203,26.856422424316406,0.9275085926055908,0.9278605580329895,0.7779836058616638,0.7800432443618774,11.619093894958496,6.316090106964111,4.783819198608398,3.9982213973999023,0.00035175474477000535,0.47020047903060913,-0.7855978012084961,0.46984872221946716
12678,14,4,20,False,free_motion,False,0.0,0.0,0.006986623164266348,27.749547958374023,27.96985626220703,0.9311209917068481,0.9309551119804382,0.7976887822151184,0.7981027960777283,1.4409047365188599,7.716968536376953,1.5792109966278076,6.227762699127197,0.7986369729042053,1.4085932970046997,4.648551940917969,0.6099563241004944
12678,14,5,25,False,free_motion,False,0.0,0.0,0.009078653529286385,28.662113189697266,28.110769271850586,0.9347938895225525,0.933005154132843,0.8060441613197327,0.8029045462608337,1.5309569835662842,3.9550437927246094,4.1344075202941895,5.527050971984863,0.3557230830192566,0.192973330616951,1.3926434516906738,-0.1627497524023056
12678,14,6,30,False,effective_push,True,7.818152904510498,4.2267255783081055,0.05424657091498375,29.289405822753906,27.6060848236084,0.9387252330780029,0.9277642369270325,0.8201144933700562,0.8067172765731812,4.940265655517578,9.622501373291016,2.1891417503356934,1.4393526315689087,0.4090976119041443,3.3335113525390625,-0.7497891187667847,2.9244136810302734
12678,14,7,35,False,effective_push,True,10.119050025939941,2.1259372234344482,0.13025641441345215,29.58085823059082,27.2664852142334,0.9413065910339355,0.9220082759857178,0.8186643719673157,0.802201509475708,2.526864767074585,13.408577919006348,2.4676764011383057,5.488610744476318,0.9996665120124817,6.346652984619141,3.0209343433380127,5.346986293792725
12949,43,0,0,True,initial,True,0.0,0.0,8.094547032438601e-14,26.97458267211914,26.974445343017578,0.9210093021392822,0.9210088849067688,0.7999424934387207,0.7999424934387207,1.5581860542297363,1.5582002401351929,5.732122898101807,5.732144355773926,0.41670772433280945,0.4167051613330841,2.1457672119140625e-05,-2.562999725341797e-06
12949,43,1,5,True,effective_push,True,14.103446960449219,11.310847282409668,1.122271763367988e-13,27.864778518676758,27.864606857299805,0.9275602698326111,0.9275587201118469,0.8099839091300964,0.8099839091300964,4.919350624084473,4.919289588928223,7.513416290283203,7.513355255126953,0.8405982255935669,0.8406050801277161,-6.103515625e-05,6.854534149169922e-06
12949,43,2,10,True,effective_push,True,9.00201416015625,6.651360988616943,1.106308715969305e-13,28.234066009521484,28.23409652709961,0.9306697249412537,0.9306705594062805,0.817541241645813,0.817541241645813,6.370266914367676,6.3703203201293945,3.664187431335449,3.664187431335449,0.7327238917350769,0.7327222228050232,0.0,-1.6689300537109375e-06
12949,43,3,15,False,effective_push,True,13.109294891357422,9.673760414123535,0.0033141220919787884,28.617048263549805,28.693578720092773,0.9338351488113403,0.9342034459114075,0.8183078765869141,0.8182938098907471,4.171590805053711,3.799731731414795,1.6557655334472656,2.928921937942505,0.8937507271766663,0.8397547006607056,1.2731564044952393,-0.05399602651596069
12949,43,4,20,False,effective_push,True,13.954325675964355,10.368718147277832,0.005480452440679073,28.89847183227539,28.8944091796875,0.9342009425163269,0.9333352446556091,0.8231707215309143,0.8223147392272949,2.658048391342163,1.446597695350647,0.2673936188220978,1.2577075958251953,0.4115837812423706,0.6599977612495422,0.9903140068054199,0.24841398000717163
12949,43,5,25,False,effective_push,True,5.259536266326904,3.341205358505249,0.007041792385280132,29.299911499023438,29.207212448120117,0.93802809715271,0.9365458488464355,0.8225250244140625,0.820533812046051,4.940732002258301,1.6294822692871094,2.169865369796753,2.3430442810058594,0.25317803025245667,0.7404574155807495,0.17317891120910645,0.48727938532829285
12949,43,6,30,False,effective_push,True,4.719759464263916,1.3008230924606323,0.01135762594640255,29.51546859741211,29.31028175354004,0.9402289986610413,0.93772292137146,0.8219316005706787,0.8197159767150879,1.896884560585022,2.6364974975585938,3.52024507522583,2.3228962421417236,0.6258297562599182,0.6665616035461426,-1.1973488330841064,0.040731847286224365
12949,43,7,35,False,effective_push,True,4.5368146896362305,0.41211992502212524,0.014943044632673264,29.697227478027344,29.12430763244629,0.941111147403717,0.9358181953430176,0.8237878084182739,0.8208929896354675,3.3592946529388428,6.006045341491699,4.2313432693481445,2.030308485031128,0.7398905158042908,0.2341696172952652,-2.2010347843170166,-0.5057209134101868
12988,29,0,0,True,initial,True,0.0,0.0,1.2941386785987607e-13,26.98000717163086,26.98001480102539,0.921884298324585,0.921884298324585,0.8006270527839661,0.8006270527839661,5.300814151763916,5.300814151763916,4.16763162612915,4.16765022277832,0.05324815586209297,0.05324815586209297,1.8596649169921875e-05,0.0
12988,29,1,5,True,effective_push,True,3.355679988861084,8.956180572509766,1.1179624663081728e-13,26.777963638305664,26.77799415588379,0.9194024205207825,0.9194018244743347,0.7941009402275085,0.7941009402275085,3.4512135982513428,3.451197624206543,6.897515296936035,6.897544860839844,0.5538737177848816,0.5538737177848816,2.956390380859375e-05,0.0
12988,29,2,10,True,effective_push,True,5.018980026245117,8.293188095092773,1.5200502260972332e-13,27.198381423950195,27.19837188720703,0.9237784743309021,0.9237781763076782,0.7977142930030823,0.7977142930030823,3.6676154136657715,3.6676383018493652,4.179525375366211,4.179507732391357,0.29090797901153564,0.29090631008148193,-1.7642974853515625e-05,-1.6689300537109375e-06
12988,29,3,15,False,effective_push,True,8.416496276855469,9.897285461425781,0.005461419001221657,27.146564483642578,26.88968849182129,0.9216421842575073,0.9200521111488342,0.8018976449966431,0.8004883527755737,0.9573318958282471,2.373669147491455,5.27226448059082,3.084064245223999,0.8890336751937866,0.5780175924301147,-2.1882002353668213,-0.3110160827636719
12988,29,4,20,False,effective_push,True,13.033411979675293,10.237865447998047,0.01642877236008644,27.7950496673584,27.46445083618164,0.9268991947174072,0.9225918054580688,0.8120883703231812,0.8141242265701294,4.091378211975098,4.486683368682861,5.787477016448975,2.650954246520996,0.11033829301595688,0.7723543643951416,-3.1365227699279785,0.6620160937309265
12988,29,5,25,False,effective_push,True,10.678665161132812,7.148448467254639,0.0313924103975296,28.307170867919922,27.465513229370117,0.9311529397964478,0.9219670295715332,0.8171574473381042,0.8131487965583801,4.975586414337158,5.095473766326904,3.350881576538086,6.1757378578186035,0.40362492203712463,1.7904760837554932,2.8248562812805176,1.386851191520691
12988,29,6,30,False,effective_push,True,12.502884864807129,8.49525260925293,0.09124833345413208,28.713768005371094,26.85348892211914,0.9345486760139465,0.9155370593070984,0.8158016204833984,0.8000920414924622,3.5038774013519287,8.108025550842285,2.7694873809814453,7.0846710205078125,0.48383352160453796,3.2915399074554443,4.315183639526367,2.807706356048584
12988,29,7,35,False,effective_push,True,12.587373733520508,7.955380439758301,0.19496332108974457,28.834314346313477,26.766677856445312,0.9334714412689209,0.9147533774375916,0.8231064081192017,0.803488552570343,3.8944032192230225,5.142114639282227,1.432183861732483,9.466248512268066,0.22892062366008759,5.199925422668457,8.034064292907715,4.971004962921143
13087,65,0,0,True,initial,True,0.0,0.0,1.001919765685963e-13,28.939542770385742,28.939714431762695,0.9352700114250183,0.935271143913269,0.8225731253623962,0.8225731253623962,7.396583557128906,7.396607875823975,6.338683128356934,6.338712215423584,0.4847795069217682,0.48478975892066956,2.9087066650390625e-05,1.0251998901367188e-05
13087,65,1,5,True,effective_push,True,13.774827003479004,0.07369773834943771,9.072895836318914e-14,29.075986862182617,29.076148986816406,0.936673104763031,0.9366750717163086,0.8200691938400269,0.8199118971824646,6.688943386077881,6.688925266265869,6.858513355255127,6.858485221862793,0.7605723142623901,0.7605723142623901,-2.8133392333984375e-05,0.0
13087,65,2,10,True,effective_push,True,8.595649719238281,2.0661866664886475,7.588818896203664e-14,28.979347229003906,28.979215621948242,0.9364784955978394,0.9364779591560364,0.8185580372810364,0.8185580372810364,7.85459566116333,7.854567527770996,7.833924293518066,7.833924293518066,0.45862671732902527,0.45863014459609985,0.0,3.427267074584961e-06
13087,65,3,15,False,effective_push,True,4.900579452514648,1.7809170484542847,0.005612464156001806,29.19182777404785,29.21839141845703,0.9371490478515625,0.9374122619628906,0.8203659653663635,0.8211498856544495,8.691712379455566,5.701259613037109,7.71934175491333,3.704826593399048,0.8024277091026306,0.4932352900505066,-4.014514923095703,-0.309192419052124
13087,65,4,20,False,effective_push,True,4.156103610992432,1.6454198360443115,0.008534065447747707,29.179550170898438,29.14350128173828,0.936133623123169,0.936294436454773,0.8224964141845703,0.822345495223999,5.2816667556762695,5.792505741119385,7.1877946853637695,2.86790132522583,0.2579352557659149,0.6614628434181213,-4.3198933601379395,0.4035275876522064
13087,65,5,25,False,effective_push,True,3.4730799198150635,2.281952381134033,0.012945642694830894,28.586593627929688,28.474449157714844,0.9330686926841736,0.9328212141990662,0.8202177286148071,0.8190580010414124,5.4453911781311035,6.793328762054443,3.9514482021331787,2.808128595352173,0.8732465505599976,0.3909839391708374,-1.1433196067810059,-0.48226261138916016
13087,65,6,30,False,effective_push,True,22.259315490722656,17.424070358276367,0.04536544904112816,28.335269927978516,26.947711944580078,0.9321301579475403,0.919809877872467,0.8263046145439148,0.8124810457229614,4.343069553375244,6.361583232879639,1.2027450799942017,10.289327621459961,0.7479227781295776,2.7887423038482666,9.08658218383789,2.0408196449279785
13087,65,7,35,False,effective_push,True,13.426250457763672,9.63607120513916,0.07429583370685577,28.390735626220703,25.728939056396484,0.9306752681732178,0.9118669033050537,0.8232919573783875,0.7905875444412231,8.096529006958008,14.720773696899414,7.174973011016846,22.718887329101562,0.9754466414451599,5.743574619293213,15.543914794921875,4.768127918243408
13235,68,0,0,True,initial,False,0.0,0.0,1.1011243322310224e-13,27.77658462524414,27.776887893676758,0.9280931949615479,0.9280937314033508,0.8075109720230103,0.8075109720230103,4.615121841430664,4.615086078643799,0.5121212601661682,0.5120681524276733,0.07614807039499283,0.07613953202962875,-5.310773849487305e-05,-8.538365364074707e-06
13235,68,1,5,True,free_motion,False,0.0,0.0,1.1430944081916583e-13,27.809370040893555,27.809297561645508,0.9310752749443054,0.9310740828514099,0.805192768573761,0.805192768573761,4.186054229736328,4.18602180480957,7.384744644165039,7.384755611419678,0.1645238846540451,0.1645273119211197,1.0967254638671875e-05,3.427267074584961e-06
13235,68,2,10,True,free_motion,False,0.0,0.0,9.330047585215384e-14,27.91323471069336,27.912986755371094,0.9284864068031311,0.9284844994544983,0.8074201941490173,0.8074201941490173,3.825821876525879,3.8257787227630615,7.224852085113525,7.224939346313477,0.5426380634307861,0.5426414608955383,8.726119995117188e-05,3.3974647521972656e-06
13235,68,3,15,False,effective_push,True,0.055857766419649124,1.6068565845489502,0.009586187079548836,27.854206085205078,27.665260314941406,0.9287137985229492,0.927871584892273,0.8132339119911194,0.809817910194397,5.951944828033447,3.2579779624938965,5.267128944396973,5.56710958480835,0.8287256360054016,3.7275655269622803,0.29998064041137695,2.8988399505615234
13235,68,4,20,False,effective_push,True,0.24784578382968903,13.744416236877441,0.023587729781866074,28.847444534301758,28.11457061767578,0.9360716938972473,0.9311928153038025,0.8180211782455444,0.8121600151062012,3.429597854614258,1.6913236379623413,3.083716869354248,4.401031017303467,1.3380818367004395,3.7327804565429688,1.3173141479492188,2.3946986198425293
13235,68,5,25,False,free_motion,False,0.002472677268087864,0.07886136323213577,0.03624357655644417,28.59743881225586,27.463781356811523,0.9354501366615295,0.9246770143508911,0.8137052059173584,0.805683434009552,5.785373210906982,10.550774574279785,5.343796253204346,4.849566459655762,0.8793936967849731,2.9462568759918213,-0.494229793548584,2.0668630599975586
13235,68,6,30,False,free_motion,False,0.0,0.0,0.047541193664073944,27.75808334350586,25.898019790649414,0.931960940361023,0.9165501594543457,0.8069424629211426,0.7822138667106628,7.147548198699951,18.557138442993164,7.39833402633667,9.44135570526123,0.2871719002723694,3.018929958343506,2.0430216789245605,2.7317581176757812
13235,68,7,35,False,free_motion,False,0.0,0.0,0.048266008496284485,28.767454147338867,26.426982879638672,0.935485303401947,0.9174153804779053,0.817367672920227,0.7914565205574036,2.215325117111206,14.784003257751465,5.776373386383057,0.8441702723503113,0.5607995390892029,2.6057753562927246,-4.93220329284668,2.044975757598877
13254,75,0,0,True,initial,False,0.0,0.0,9.529521133788341e-14,27.42487335205078,27.42486572265625,0.9282037615776062,0.9282016754150391,0.7996870279312134,0.7996870279312134,5.066455364227295,5.066470623016357,8.459221839904785,8.459234237670898,0.5217530131340027,0.5217581391334534,1.239776611328125e-05,5.125999450683594e-06
13254,75,1,5,True,free_motion,False,0.0,0.0,1.36472918469549e-13,27.961484909057617,27.961549758911133,0.9305160045623779,0.9305166602134705,0.8052846789360046,0.8052846789360046,3.40793776512146,3.40793776512146,7.935954570770264,7.936030387878418,0.9374366402626038,0.9374383687973022,7.581710815429688e-05,1.7285346984863281e-06
13254,75,2,10,True,effective_push,True,0.579502284526825,8.87399959564209,7.267821869501312e-14,28.1299991607666,28.129924774169922,0.9309110045433044,0.9309104681015015,0.815764307975769,0.815764307975769,8.283390998840332,8.28339958190918,5.141498565673828,5.141520977020264,1.0222249031066895,1.0222300291061401,2.2411346435546875e-05,5.125999450683594e-06
13254,75,3,15,False,effective_push,True,0.40138763189315796,6.438682556152344,0.00449378089979291,28.882530212402344,28.618192672729492,0.9377102851867676,0.9361833930015564,0.8187479972839355,0.815764307975769,1.6115126609802246,10.811511993408203,5.191959857940674,6.17460823059082,0.8220610618591309,0.9005638957023621,0.9826483726501465,0.0785028338432312
13254,75,4,20,False,free_motion,False,0.0,0.0,0.007347624748945236,28.90343475341797,27.590072631835938,0.9371185898780823,0.9328204393386841,0.8197534680366516,0.8061289191246033,6.241298675537109,10.526439666748047,7.377159118652344,6.785667896270752,0.20725184679031372,1.6526155471801758,-0.5914912223815918,1.4453637599945068
13254,75,5,25,False,free_motion,False,0.0,0.0,0.009682802483439445,28.032028198242188,26.740415573120117,0.9333066344261169,0.9305473566055298,0.8118544220924377,0.7956480383872986,4.36715841293335,20.2898006439209,7.625025749206543,4.149336338043213,0.3739733397960663,2.1832802295684814,-3.47568941116333,1.8093068599700928
13254,75,6,30,False,free_motion,False,0.0,0.0,0.009693002328276634,28.940532684326172,27.554718017578125,0.9371494650840759,0.9313469529151917,0.8210172653198242,0.8054764270782471,6.19637393951416,9.758733749389648,6.391200065612793,4.163857936859131,0.53605717420578,1.9338929653167725,-2.227342128753662,1.3978357315063477
13254,75,7,35,False,effective_push,True,8.51931381225586,4.158000469207764,0.01119818165898323,28.533422470092773,27.590557098388672,0.9355765581130981,0.9313367009162903,0.8170673251152039,0.8082278370857239,6.773344993591309,14.215429306030273,8.840861320495605,7.705353260040283,0.950916051864624,0.9513189792633057,-1.1355080604553223,0.0004029273986816406
13270,75,0,0,True,initial,False,0.0,0.0,1.4323289190994182e-13,27.08096694946289,27.08101463317871,0.9270123243331909,0.9270131587982178,0.7948194742202759,0.7948194742202759,2.874173402786255,2.8741605281829834,9.084067344665527,9.084039688110352,0.7192479372024536,0.7192496657371521,-2.765655517578125e-05,1.7285346984863281e-06
13270,75,1,5,True,free_motion,False,0.0,0.0,8.083705010713746e-14,27.678367614746094,27.678482055664062,0.9294341802597046,0.9294352531433105,0.8033539056777954,0.8033539056777954,4.571246147155762,4.571260929107666,8.908656120300293,8.90868091583252,1.0038824081420898,1.0038807392120361,2.47955322265625e-05,-1.6689300537109375e-06
13270,75,2,10,True,effective_push,True,1.4503400325775146,11.711505889892578,9.754535775039624e-14,28.39785385131836,28.397937774658203,0.9337936639785767,0.9337935447692871,0.8128523230552673,0.8128523230552673,8.604742050170898,8.604715347290039,7.230358123779297,7.230358123779297,0.4752326011657715,0.4752257764339447,0.0,-6.8247318267822266e-06
13270,75,3,15,False,effective_push,True,0.5616883635520935,6.463038921356201,0.0046750688925385475,28.58144760131836,28.866825103759766,0.935986340045929,0.9373604655265808,0.8152506947517395,0.8161160349845886,3.5990407466888428,13.205463409423828,8.653067588806152,8.803933143615723,0.8371763229370117,0.9659390449523926,0.1508655548095703,0.12876272201538086
13270,75,4,20,False,free_motion,False,0.0,0.0,0.0069895051419734955,28.534393310546875,27.421218872070312,0.9356303215026855,0.9322240948677063,0.8144146800041199,0.8037548065185547,8.965677261352539,11.160429954528809,9.347259521484375,8.53740119934082,0.2925984859466553,1.899834156036377,-0.8098583221435547,1.6072356700897217
13270,75,5,25,False,free_motion,False,0.0,0.0,0.005280066281557083,27.828353881835938,26.93099594116211,0.9326196312904358,0.9312395453453064,0.8077971935272217,0.7961397171020508,8.925834655761719,18.777339935302734,8.555047988891602,5.737201690673828,0.749862551689148,2.2791624069213867,-2.8178462982177734,1.5292998552322388
13270,75,6,30,False,free_motion,False,0.0,0.0,0.006555409636348486,28.820302963256836,28.097187042236328,0.9358808994293213,0.9331104159355164,0.8171696066856384,0.8093785047531128,8.19863224029541,7.977924346923828,5.813841819763184,3.0133774280548096,1.2101523876190186,2.361954689025879,-2.800464391708374,1.1518023014068604
13270,75,7,35,False,effective_push,True,7.068328857421875,3.32112455368042,0.013565714471042156,28.75670623779297,28.166866302490234,0.9371136426925659,0.9345813989639282,0.8187389373779297,0.8133633136749268,5.701935291290283,9.871577262878418,6.483280181884766,6.7060394287109375,0.8004230260848999,0.20138129591941833,0.22275924682617188,-0.5990417003631592
14431,28,0,0,True,initial,False,0.0,0.0,1.4840003683368186e-13,26.61724281311035,26.617462158203125,0.9185788631439209,0.9185815453529358,0.7951364517211914,0.7951364517211914,5.171532154083252,5.171506881713867,3.9916739463806152,3.9916739463806152,1.9733988046646118,1.9734055995941162,0.0,6.794929504394531e-06
14431,28,1,5,True,effective_push,True,25.395801544189453,15.310537338256836,1.1092162073827322e-13,27.850692749023438,27.850830078125,0.9280436635017395,0.9280444979667664,0.8117216229438782,0.8117216229438782,1.7578232288360596,1.757826805114746,3.144317388534546,3.144331693649292,0.9109560251235962,0.9109560251235962,1.430511474609375e-05,0.0
14431,28,2,10,True,effective_push,True,31.806188583374023,4.638271808624268,1.2209227769413578e-13,28.29322624206543,28.293502807617188,0.9300069808959961,0.9300086498260498,0.8205909132957458,0.8204659819602966,4.598600387573242,4.5986127853393555,3.9533607959747314,3.9533615112304688,0.02324996329843998,0.02324996329843998,7.152557373046875e-07,0.0
14431,28,3,15,False,effective_push,True,18.023229598999023,6.584712028503418,0.008198952302336693,28.32991600036621,28.299522399902344,0.9314219951629639,0.9321394562721252,0.8195512294769287,0.8159250617027283,4.842600345611572,2.5577189922332764,10.931105613708496,10.27390193939209,0.4754699766635895,0.9379967451095581,-0.6572036743164062,0.46252676844596863
14431,28,4,20,False,effective_push,True,18.749555587768555,11.527801513671875,0.025988124310970306,27.119552612304688,26.876041412353516,0.9232141375541687,0.9206729531288147,0.7971173524856567,0.7974286675453186,4.294808864593506,2.3136823177337646,12.620471000671387,12.505146980285645,1.5307888984680176,0.11743827164173126,-0.11532402038574219,-1.4133505821228027
14431,28,5,25,False,effective_push,True,19.814987182617188,8.390122413635254,0.01891777478158474,27.128164291381836,26.32269859313965,0.925058126449585,0.9170432686805725,0.7912974953651428,0.7847901582717896,5.719551086425781,6.205733776092529,11.981120109558105,14.915833473205566,1.5729379653930664,0.23648163676261902,2.934713363647461,-1.336456298828125
14431,28,6,30,False,effective_push,True,5.950167179107666,0.27382227778434753,0.012439548969268799,27.092313766479492,26.77068519592285,0.9250637292861938,0.9208105802536011,0.7959861159324646,0.7925984263420105,5.044042110443115,8.443327903747559,10.620906829833984,12.722411155700684,0.6864818334579468,0.08063721656799316,2.101504325866699,-0.6058446168899536
14431,28,7,35,False,effective_push,True,1.8272368907928467,1.0454696416854858,0.03696674108505249,27.250566482543945,25.987394332885742,0.9255800843238831,0.9131690859794617,0.7960191369056702,0.779687762260437,5.423551082611084,11.690836906433105,11.131080627441406,12.669113159179688,0.0013523774687200785,1.0611108541488647,1.5380325317382812,1.0597584247589111
14783,32,0,0,True,initial,True,0.0,0.0,1.1708242340056907e-13,29.254980087280273,29.254955291748047,0.9379104971885681,0.9379103183746338,0.826810359954834,0.826810359954834,5.421244144439697,5.4211835861206055,0.5326938629150391,0.5326938629150391,0.07607464492321014,0.07607464492321014,0.0,0.0
14783,32,1,5,True,effective_push,True,0.22015398740768433,8.433547973632812,8.832244289234958e-14,29.314300537109375,29.31435775756836,0.9388911128044128,0.9388913512229919,0.8245192170143127,0.8245192170143127,5.2318010330200195,5.2318010330200195,1.3733071088790894,1.3733071088790894,0.03851202130317688,0.0385051928460598,0.0,-6.8284571170806885e-06
14783,32,2,10,True,effective_push,True,0.047791533172130585,1.6628367900848389,1.5309457803043547e-13,28.635337829589844,28.63532257080078,0.9366568922996521,0.9366568326950073,0.8160332441329956,0.8160332441329956,1.4463000297546387,1.4463337659835815,1.703118920326233,1.703118920326233,1.131547212600708,1.131543755531311,0.0,-3.4570693969726562e-06
14783,32,3,15,False,free_motion,False,0.0,0.0,0.004858916159719229,27.960689544677734,27.849994659423828,0.9330412745475769,0.9338100552558899,0.8030303120613098,0.8037222623825073,3.653715133666992,3.750136137008667,2.3831522464752197,2.221383810043335,0.09939291328191757,0.7810970544815063,-0.16176843643188477,0.6817041635513306
14783,32,4,20,False,free_motion,False,0.0,0.0,0.0067346906289458275,28.310718536376953,28.149377822875977,0.9346280097961426,0.9344015121459961,0.8081998229026794,0.8070285320281982,1.1858183145523071,4.091266632080078,2.3612263202667236,2.267564058303833,0.8438459634780884,0.4731511175632477,-0.09366226196289062,-0.3706948459148407
14783,32,5,25,False,free_motion,False,0.0,0.0,0.010202652774751186,29.100933074951172,28.317373275756836,0.9377108812332153,0.9341937899589539,0.8192387223243713,0.8122125267982483,2.4597957134246826,4.3145599365234375,2.9785938262939453,0.8358439207077026,1.3571346998214722,0.5696411728858948,-2.142749786376953,-0.7874935269355774
14783,32,6,30,False,effective_push,True,6.517487049102783,0.36392611265182495,0.01209303643554449,29.450204849243164,28.860984802246094,0.9399318099021912,0.9347982406616211,0.8242345452308655,0.8190460801124573,4.30533504486084,6.260832786560059,1.5819892883300781,1.47548508644104,0.16412603855133057,0.9039960503578186,-0.10650420188903809,0.739870011806488
14783,32,7,35,False,effective_push,True,15.399624824523926,0.1277655065059662,0.015113240107893944,29.444927215576172,28.734342575073242,0.9394349455833435,0.9328725337982178,0.8202506303787231,0.8181220293045044,4.303177356719971,2.829774856567383,1.2324758768081665,0.2295786738395691,0.3315476179122925,1.4141770601272583,-1.0028972625732422,1.0826294422149658
14814,26,0,0,True,initial,True,0.0,0.0,2.625634627252682e-13,28.582551956176758,28.582538604736328,0.9339118003845215,0.9339107275009155,0.8160545229911804,0.8160545229911804,2.915025234222412,2.915008306503296,2.225925922393799,2.225921869277954,0.2722393870353699,0.2722393870353699,-4.0531158447265625e-06,0.0
14814,26,1,5,True,effective_push,True,2.174159288406372,12.494668960571289,1.1176193163205811e-13,29.254131317138672,29.254013061523438,0.9385801553726196,0.9385794997215271,0.8266709446907043,0.8266709446907043,5.553501129150391,5.553455829620361,1.825360894203186,1.8253190517425537,0.7878042459487915,0.7878042459487915,-4.184246063232422e-05,0.0
14814,26,2,10,True,effective_push,True,0.5842589139938354,6.711357116699219,1.4003987585439054e-13,29.460002899169922,29.459993362426758,0.9401212930679321,0.9401209354400635,0.825659990310669,0.825659990310669,1.204248070716858,1.204248070716858,0.9598410129547119,0.959843099117279,0.38588520884513855,0.3858954608440399,2.086162567138672e-06,1.0251998901367188e-05
14814,26,3,15,False,effective_push,True,0.03369208425283432,2.035123109817505,0.003367901546880603,29.136056900024414,29.026695251464844,0.9384166598320007,0.938191294670105,0.8233504295349121,0.8234161734580994,2.72062349319458,1.8181657791137695,0.3739317059516907,1.0405694246292114,0.11279716342687607,0.7644791603088379,0.6666377186775208,0.6516820192337036
14814,26,4,20,False,free_motion,False,0.0,0.0,0.007844693027436733,28.050182342529297,27.24480628967285,0.9340672492980957,0.9306766986846924,0.8067398071289062,0.8020637631416321,1.5056594610214233,7.408842086791992,4.283968448638916,6.6607346534729,0.5886120200157166,0.3647935688495636,2.3767662048339844,-0.22381845116615295
14814,26,5,25,False,free_motion,False,0.0,0.0,0.011724354699254036,28.028573989868164,27.904680252075195,0.9342803955078125,0.9316619634628296,0.8074690103530884,0.8074085712432861,4.5411376953125,7.143854141235352,1.7070884704589844,4.7569260597229,0.1180393323302269,1.292999267578125,3.049837589263916,1.1749598979949951
14814,26,6,30,False,free_motion,False,0.0,0.0,0.01605585776269436,29.080793380737305,28.2548885345459,0.937890887260437,0.9329913854598999,0.8214114904403687,0.8156850337982178,1.3499529361724854,6.949986457824707,2.2684285640716553,2.0525574684143066,0.36181560158729553,1.1489709615707397,-0.21587109565734863,0.7871553897857666
14814,26,7,35,False,contact_no_motion,True,0.0,0.0,0.015735752880573273,29.298358917236328,29.039199829101562,0.9384304285049438,0.936326801776886,0.8261567950248718,0.8243981003761292,4.290925025939941,7.3573102951049805,1.1964818239212036,0.7218478322029114,0.19028565287590027,0.571003794670105,-0.47463399171829224,0.3807181417942047
14968,43,0,0,True,initial,True,0.0,0.0,1.1492716500693945e-13,26.21242332458496,26.212432861328125,0.9167038202285767,0.9167042374610901,0.7865247130393982,0.7865247130393982,2.8963446617126465,2.8963637351989746,5.425118446350098,5.42515230178833,0.26655668020248413,0.26655155420303345,3.3855438232421875e-05,-5.125999450683594e-06
14968,43,1,5,True,effective_push,True,16.79404067993164,17.864578247070312,9.592104671315993e-14,27.628305435180664,27.6284122467041,0.9257966876029968,0.9257988929748535,0.8097306489944458,0.8098479509353638,7.440922737121582,7.440837860107422,6.667438983917236,6.667402744293213,1.0218099355697632,1.0218133926391602,-3.62396240234375e-05,3.4570693969726562e-06
14968,43,2,10,True,effective_push,True,23.70821762084961,18.433340072631836,1.0564050583741422e-13,28.241973876953125,28.2419376373291,0.9309847950935364,0.9309842586517334,0.8185913562774658,0.8187415599822998,18.08401107788086,18.08401107788086,5.453625679016113,5.453596591949463,0.5959442853927612,0.5959442853927612,-2.9087066650390625e-05,0.0
14968,43,3,15,False,effective_push,True,16.145648956298828,10.088038444519043,0.0060953786596655846,28.14453125,28.131772994995117,0.9314495921134949,0.932096004486084,0.8129906058311462,0.8141975402832031,14.835110664367676,14.704330444335938,3.9168334007263184,4.305732250213623,0.8237481713294983,1.3826420307159424,0.3888988494873047,0.5588938593864441
14968,43,4,20,False,effective_push,True,13.247635841369629,6.180829048156738,0.005445690825581551,28.141965866088867,28.036800384521484,0.9311929941177368,0.9335508346557617,0.8077607154846191,0.8074494004249573,6.000166416168213,9.327162742614746,0.5434870719909668,3.74761700630188,1.2955025434494019,1.8713079690933228,3.204129934310913,0.5758054256439209
14968,43,5,25,False,free_motion,False,0.051245637238025665,0.02859117090702057,0.010446973145008087,27.770763397216797,27.522319793701172,0.9296923875808716,0.9317196011543274,0.8013138771057129,0.8010294437408447,5.153318405151367,16.147533416748047,3.042820930480957,2.7599995136260986,2.053393840789795,1.621220588684082,-0.2828214168548584,-0.4321732521057129
14968,43,6,30,False,free_motion,False,0.0,0.0,0.01602042466402054,28.18228530883789,27.976268768310547,0.9328904747962952,0.9331690669059753,0.806975245475769,0.8087784647941589,5.189584732055664,12.820116996765137,4.164161682128906,3.7661492824554443,1.8852005004882812,1.7248550653457642,-0.3980123996734619,-0.1603454351425171
14968,43,7,35,False,effective_push,True,15.683436393737793,7.231325626373291,0.04424825310707092,28.814891815185547,27.40951156616211,0.9363151788711548,0.926386833190918,0.8139573931694031,0.8091602921485901,4.797975063323975,12.857687950134277,2.70462703704834,5.674060344696045,0.43599146604537964,1.933694839477539,2.969433307647705,1.4977033138275146
15051,98,0,0,True,initial,False,0.0,0.0,1.2735393794226224e-13,28.04958724975586,28.049524307250977,0.9348549246788025,0.9348549246788025,0.81084144115448,0.81084144115448,7.71755838394165,7.7175774574279785,6.360689163208008,6.360770225524902,0.09450250118970871,0.09451274573802948,8.106231689453125e-05,1.0244548320770264e-05
15051,98,1,5,True,free_motion,False,0.0,0.0,9.267514869664567e-14,28.880102157592773,28.880046844482422,0.9361520409584045,0.9361503720283508,0.8195194005966187,0.8195194005966187,14.100287437438965,14.100297927856445,6.132515907287598,6.13253116607666,0.5054613351821899,0.5054544806480408,1.52587890625e-05,-6.854534149169922e-06
15051,98,2,10,True,free_motion,False,0.0,0.0,9.137750099771566e-14,28.386821746826172,28.38697052001953,0.9319239854812622,0.9319256544113159,0.8155704140663147,0.8155704140663147,7.367339134216309,7.367372512817383,3.7927167415618896,3.7927470207214355,0.37620341777801514,0.3762102425098419,3.0279159545898438e-05,6.8247318267822266e-06
15051,98,3,15,False,free_motion,False,0.0,0.0,0.0022302118595689535,28.72257423400879,28.609310150146484,0.9342487454414368,0.9330878257751465,0.8165062665939331,0.8149113059043884,3.990873098373413,6.213209629058838,3.437000274658203,4.007162094116211,0.7578436732292175,0.14059261977672577,0.5701618194580078,-0.6172510385513306
15051,98,4,20,False,contact_no_motion,True,1.036725640296936,0.2299724519252777,0.008734138682484627,29.075687408447266,29.06966209411621,0.936758816242218,0.9370551109313965,0.8212695717811584,0.8215699195861816,2.1374547481536865,4.515841484069824,1.0455411672592163,3.27117657661438,0.4478350281715393,0.25455090403556824,2.225635528564453,-0.19328412413597107
15051,98,5,25,False,effective_push,True,11.382904052734375,2.1060068607330322,0.014500340446829796,29.333457946777344,29.15891456604004,0.9399149417877197,0.9381372928619385,0.8159637451171875,0.8152533769607544,1.8836969137191772,4.131689548492432,2.241715908050537,2.736849546432495,0.07314449548721313,0.10880149900913239,0.495133638381958,0.03565700352191925
15051,98,6,30,False,effective_push,True,11.823939323425293,1.6704729795455933,0.011862631887197495,29.387910842895508,29.029563903808594,0.9419609308242798,0.9398172497749329,0.8070657253265381,0.8031381368637085,2.8688759803771973,2.6766517162323,3.4559311866760254,4.073404788970947,0.714523196220398,0.46558326482772827,0.6174736022949219,-0.24893993139266968
15051,98,7,35,False,free_motion,False,0.0,0.0,0.03339396044611931,29.249126434326172,28.4869384765625,0.9409393072128296,0.9343099594116211,0.8050118684768677,0.8016031980514526,2.7860774993896484,2.961182117462158,2.080688714981079,4.588813304901123,1.4265977144241333,1.9453061819076538,2.508124589920044,0.5187084674835205
15137,25,0,0,True,initial,True,0.0,0.0,1.6056277943495012e-13,25.08483123779297,25.084754943847656,0.9090607166290283,0.9090600609779358,0.7651722431182861,0.7651722431182861,5.546597480773926,5.546555519104004,8.311245918273926,8.311216354370117,5.439303398132324,5.439275741577148,-2.956390380859375e-05,-2.765655517578125e-05
15137,25,1,5,True,effective_push,True,3.4352362155914307,1.2054736614227295,1.1798865378644108e-13,24.676959991455078,24.677001953125,0.9042852520942688,0.9042866826057434,0.7557982802391052,0.7557982802391052,14.87019157409668,14.870152473449707,7.897113800048828,7.897110939025879,1.7999187707901,1.7999051809310913,-2.86102294921875e-06,-1.3589859008789062e-05
15137,25,2,10,True,free_motion,False,0.0,0.0,1.2990269396186832e-13,24.493410110473633,24.49323844909668,0.9033406376838684,0.9033386707305908,0.7464134097099304,0.7464134097099304,21.558847427368164,21.558847427368164,9.280631065368652,9.280710220336914,2.318671703338623,2.318685293197632,7.915496826171875e-05,1.3589859008789062e-05
15137,25,3,15,False,free_motion,False,0.0,0.0,0.004049251787364483,24.539804458618164,24.51561737060547,0.9034562706947327,0.9037688970565796,0.7492342591285706,0.749135434627533,18.22355842590332,18.575973510742188,10.627415657043457,4.9619646072387695,3.812584400177002,2.1790215969085693,-5.6654510498046875,-1.6335628032684326
15137,25,4,20,False,free_motion,False,0.0,0.0,0.008174708113074303,24.392507553100586,24.16773223876953,0.9042111039161682,0.9033254981040955,0.750401496887207,0.7461773753166199,18.683238983154297,13.599900245666504,7.992866516113281,2.723903179168701,0.9661985635757446,1.4137945175170898,-5.26896333694458,0.4475959539413452
15137,25,5,25,False,free_motion,False,0.0,0.0,0.012943414971232414,23.508068084716797,23.107759475708008,0.8969277739524841,0.8955339789390564,0.7242274880409241,0.7166537046432495,14.73874282836914,3.4533257484436035,8.26660442352295,1.750427484512329,1.2239426374435425,0.21543782949447632,-6.516177177429199,-1.008504867553711
15137,25,6,30,False,free_motion,False,0.0,0.0,0.0176228117197752,23.187341690063477,22.852081298828125,0.8953157663345337,0.8942705988883972,0.7186607718467712,0.7104341983795166,14.388588905334473,14.197549819946289,9.745477676391602,5.259311199188232,0.8809714913368225,1.6714838743209839,-4.486166477203369,0.7905123829841614
15137,25,7,35,False,free_motion,False,0.0,0.0,0.018647585064172745,23.06319236755371,22.81888771057129,0.8952169418334961,0.8935917019844055,0.7164800763130188,0.7113683819770813,17.335161209106445,14.318218231201172,8.222986221313477,7.679964542388916,0.1380927711725235,2.8279168605804443,-0.5430216789245605,2.689824104309082
15146,55,0,0,True,initial,True,0.0,0.0,1.352480139601292e-13,22.630517959594727,22.6304988861084,0.8926578164100647,0.8926568031311035,0.6971110105514526,0.6971110105514526,19.163150787353516,19.16312599182129,15.468646049499512,15.468612670898438,10.727959632873535,10.727946281433105,-3.337860107421875e-05,-1.33514404296875e-05
15146,55,1,5,True,effective_push,True,1.4160207509994507,6.147852897644043,8.753331989363317e-14,23.09701919555664,23.09713363647461,0.8958127498626709,0.8958141207695007,0.7068262696266174,0.7068262696266174,9.130020141601562,9.129979133605957,12.937182426452637,12.937158584594727,6.30485200881958,6.304838180541992,-2.384185791015625e-05,-1.3828277587890625e-05
15146,55,2,10,True,effective_push,True,0.8531975150108337,2.0076656341552734,7.87434082782229e-14,23.087358474731445,23.087448120117188,0.8967128992080688,0.8967142701148987,0.7079390287399292,0.7079390287399292,7.106950759887695,7.106916904449463,10.433900833129883,10.433900833129883,6.8363776206970215,6.836404800415039,0.0,2.7179718017578125e-05
15146,55,3,15,False,effective_push,True,6.370763301849365,12.229453086853027,0.018330924212932587,23.74964714050293,23.85909080505371,0.8955655097961426,0.8972793817520142,0.728723406791687,0.730053186416626,10.063278198242188,10.233833312988281,2.1454498767852783,12.22393798828125,1.9286952018737793,16.317935943603516,10.07848834991455,14.389240264892578
15146,55,4,20,False,effective_push,True,1.5060675144195557,11.102472305297852,0.03450830280780792,23.47545623779297,23.64690399169922,0.8936644792556763,0.893426239490509,0.7200263738632202,0.7216126918792725,15.896657943725586,7.021997451782227,2.5885138511657715,14.654627799987793,8.553637504577637,23.630979537963867,12.06611442565918,15.07734203338623
15146,55,5,25,False,effective_push,True,0.7477646470069885,3.3957512378692627,0.03189409524202347,22.90666961669922,22.803691864013672,0.8927174210548401,0.8904063701629639,0.6998055577278137,0.6913054585456848,12.270696640014648,4.611033916473389,7.497520923614502,17.599925994873047,21.507610321044922,27.373075485229492,10.102405548095703,5.86546516418457
15146,55,6,30,False,contact_no_motion,True,0.3984091877937317,0.6422290205955505,0.0438324511051178,22.86343002319336,22.876508712768555,0.8913069367408752,0.8910144567489624,0.7001553773880005,0.6900938153266907,13.79658317565918,6.595354080200195,6.5510687828063965,16.957975387573242,21.439773559570312,30.01515769958496,10.406906127929688,8.575384140014648
15146,55,7,35,False,free_motion,False,0.0,0.0,0.04545619338750839,22.5600528717041,22.436010360717773,0.8895416855812073,0.8883460164070129,0.6910934448242188,0.6795769929885864,14.792194366455078,6.064012050628662,7.437381744384766,18.676362991333008,22.449138641357422,31.76372718811035,11.238981246948242,9.31458854675293
15147,50,0,0,True,initial,False,0.0,0.0,1.1020526803412131e-13,26.347198486328125,26.347251892089844,0.9146592617034912,0.9146606922149658,0.7896215319633484,0.7896215319633484,16.141830444335938,16.141769409179688,10.873771667480469,10.873758316040039,4.734004020690918,4.733990669250488,-1.33514404296875e-05,-1.33514404296875e-05
15147,50,1,5,True,effective_push,True,19.358978271484375,1.4677256345748901,1.3002173936040723e-13,25.53888511657715,25.538909912109375,0.9115623235702515,0.9115625023841858,0.7692971229553223,0.7691865563392639,9.720324516296387,9.720293998718262,6.988349914550781,6.988370895385742,1.527011752128601,1.5270254611968994,2.09808349609375e-05,1.3709068298339844e-05
15147,50,2,10,True,free_motion,False,0.14791545271873474,0.0030735849868506193,1.3429329263209278e-13,24.77511978149414,24.7752685546875,0.906038224697113,0.9060388207435608,0.7546579241752625,0.7546579241752625,7.367288589477539,7.367288589477539,7.673624515533447,7.673611640930176,3.037494421005249,3.037508010864258,-1.2874603271484375e-05,1.3589859008789062e-05
15147,50,3,15,False,free_motion,False,0.0,0.0,0.011623574420809746,25.58967399597168,24.66922950744629,0.9108314514160156,0.903495728969574,0.7708576321601868,0.7513994574546814,12.002986907958984,9.991557121276855,8.876961708068848,9.136176109313965,0.339146226644516,0.5953466296195984,0.2592144012451172,0.2562004029750824
15147,50,4,20,False,effective_push,True,24.104209899902344,14.82056713104248,0.01694866642355919,24.461076736450195,24.32962417602539,0.9030278921127319,0.9008060097694397,0.7409555315971375,0.742102324962616,8.966096878051758,9.984611511230469,17.404542922973633,1.7154977321624756,24.63198471069336,14.493415832519531,-15.689044952392578,-10.138568878173828
15147,50,5,25,False,effective_push,True,31.8734073638916,19.759763717651367,0.04444241523742676,23.613927841186523,22.836105346679688,0.8966075778007507,0.8918120265007019,0.7085537314414978,0.6926035284996033,2.98213267326355,9.461827278137207,13.266728401184082,18.927885055541992,14.157014846801758,0.3228357136249542,5.66115665435791,-13.834178924560547
15147,50,6,30,False,free_motion,False,0.0,0.0,0.042842745780944824,23.288843154907227,22.590360641479492,0.8946937918663025,0.8900628089904785,0.7068723440170288,0.6818010210990906,5.286154270172119,7.435719966888428,15.152867317199707,22.227914810180664,15.082792282104492,2.4864346981048584,7.075047492980957,-12.596357345581055
15147,50,7,35,False,effective_push,True,10.828218460083008,7.073930740356445,0.046286892145872116,23.433975219726562,22.61604118347168,0.8947672843933105,0.8889622688293457,0.71034836769104,0.6840277910232544,3.343064308166504,15.261472702026367,13.629292488098145,22.67254066467285,9.903446197509766,4.429691791534424,9.043248176574707,-5.473754405975342
15195,61,0,0,True,initial,True,0.0,0.0,9.33630817513513e-14,27.508575439453125,27.508575439453125,0.9254909753799438,0.9254913926124573,0.7997527718544006,0.7997527718544006,3.4851508140563965,3.485140800476074,3.886899471282959,3.886913537979126,1.5548524856567383,1.5548455715179443,1.4066696166992188e-05,-6.9141387939453125e-06
15195,61,1,5,True,contact_no_motion,True,0.8115231990814209,0.44486385583877563,1.1419139830763647e-13,27.2724552154541,27.272645950317383,0.9235010147094727,0.9235016703605652,0.8000307083129883,0.8001841902732849,5.5346760749816895,5.5346760749816895,5.9359540939331055,5.93589448928833,3.168281078338623,3.168273687362671,-5.9604644775390625e-05,-7.3909759521484375e-06
15195,61,2,10,True,free_motion,False,0.0,0.0,1.5212494892252737e-13,26.294519424438477,26.29450798034668,0.9172651767730713,0.9172649383544922,0.7877002358436584,0.7877002358436584,5.241261959075928,5.241274356842041,2.144683837890625,2.144707679748535,2.6028106212615967,2.6028122901916504,2.384185791015625e-05,1.6689300537109375e-06
15195,61,3,15,False,free_motion,False,0.0,0.0,0.0019346848130226135,27.293760299682617,27.47587013244629,0.9241690039634705,0.9255818128585815,0.79969322681427,0.801537275314331,7.09776496887207,11.618422508239746,2.3229880332946777,2.6487436294555664,2.9040253162384033,3.2382214069366455,0.32575559616088867,0.3341960906982422
15195,61,4,20,False,free_motion,False,0.0,0.0,0.006112801842391491,28.055221557617188,27.275527954101562,0.9293326139450073,0.9246622323989868,0.8078352212905884,0.8045834898948669,5.710971355438232,17.276824951171875,4.306796550750732,7.857275009155273,1.5337505340576172,0.41308727860450745,3.550478458404541,-1.1206632852554321
15195,61,5,25,False,effective_push,True,1.1878315210342407,12.182256698608398,0.04252447932958603,28.60231590270996,26.091110229492188,0.9336581826210022,0.9126713275909424,0.8135915994644165,0.7849647402763367,7.936221122741699,13.357512474060059,3.878021717071533,7.2670440673828125,0.4186069369316101,5.90614128112793,3.3890223503112793,5.487534523010254
15195,61,6,30,False,effective_push,True,1.4453206062316895,11.844175338745117,0.061319321393966675,28.91000747680664,26.01108169555664,0.9366990327835083,0.9134216904640198,0.8146786093711853,0.7860751748085022,2.251734495162964,9.406496047973633,2.467954635620117,6.042272567749023,0.25349223613739014,5.339039325714111,3.5743179321289062,5.085546970367432
15195,61,7,35,False,effective_push,True,0.8765349388122559,4.601047515869141,0.0809578225016594,28.943069458007812,25.982257843017578,0.9372512698173523,0.911819338798523,0.8158867955207825,0.7882746458053589,1.540886402130127,12.275590896606445,0.8384571671485901,6.937437534332275,0.3603232204914093,4.668144226074219,6.09898042678833,4.307820796966553
15290,38,0,0,True,initial,True,0.0,0.0,1.1070505135431924e-13,28.21000862121582,28.209888458251953,0.9324362277984619,0.9324350953102112,0.8155615329742432,0.8155615329742432,6.737713813781738,6.7376556396484375,1.298316240310669,1.2982486486434937,0.10402719676494598,0.10403402894735336,-6.759166717529297e-05,6.83218240737915e-06
15290,38,1,5,True,contact_no_motion,True,0.007470825221389532,0.39432045817375183,8.707655907089218e-14,28.47600555419922,28.475780487060547,0.9340616464614868,0.9340596795082092,0.8154442310333252,0.8154442310333252,0.7306402921676636,0.7305785417556763,2.0925142765045166,2.0925142765045166,0.24161453545093536,0.24162136018276215,0.0,6.8247318267822266e-06
15290,38,2,10,True,contact_no_motion,True,1.0238440036773682,0.3301713168621063,1.3491848426232939e-13,28.768310546875,28.76824951171875,0.9350714683532715,0.9350700974464417,0.8179216980934143,0.8177984952926636,3.71121883392334,3.7112619876861572,0.3224520683288574,0.3224520683288574,0.21671165525913239,0.21671165525913239,0.0,0.0
15290,38,3,15,False,effective_push,True,24.810775756835938,8.886280059814453,0.007238493766635656,29.430315017700195,28.9359188079834,0.9399945139884949,0.9363953471183777,0.8250275254249573,0.8243986964225769,9.15561294555664,7.815865993499756,6.038123607635498,2.7617764472961426,0.0963808000087738,1.3262759447097778,-3.2763471603393555,1.2298951148986816
15290,38,4,20,False,effective_push,True,31.31424903869629,12.440069198608398,0.014619342051446438,29.037799835205078,28.638927459716797,0.938214123249054,0.9366919994354248,0.8137288689613342,0.8119392395019531,6.98080587387085,4.5758538246154785,3.406325340270996,6.072236061096191,0.8515743613243103,2.366708278656006,2.6659107208251953,1.5151338577270508
15290,38,5,25,False,effective_push,True,11.892868041992188,3.4546959400177,0.012997269630432129,28.78521728515625,28.25157928466797,0.9374581575393677,0.9334883689880371,0.8040435314178467,0.8045517802238464,1.929280161857605,11.236821174621582,2.531754732131958,7.364546298980713,1.8557828664779663,3.7806191444396973,4.832791328430176,1.924836277961731
15290,38,6,30,False,free_motion,False,0.0,0.0,0.01669176295399666,28.732622146606445,28.245281219482422,0.9367100596427917,0.9327898025512695,0.8055122494697571,0.805343508720398,5.754809856414795,14.019037246704102,4.351414203643799,7.062990188598633,1.0124799013137817,3.565406560897827,2.711575984954834,2.552926540374756
15290,38,7,35,False,effective_push,True,19.061128616333008,6.862304210662842,0.016667423769831657,29.4791202545166,28.216466903686523,0.9417408108711243,0.9338675737380981,0.8150370717048645,0.8027306199073792,4.52250337600708,10.740309715270996,2.726283311843872,4.70165491104126,0.6727873086929321,1.8666462898254395,1.9753715991973877,1.1938589811325073
15437,2,0,0,True,initial,False,0.0,0.0,1.219141432771964e-13,26.286415100097656,26.286212921142578,0.9240099787712097,0.9240080118179321,0.7783727645874023,0.7783727645874023,8.195484161376953,8.195459365844727,0.5401681661605835,0.5401681661605835,0.7906490564346313,0.7906422019004822,0.0,-6.854534149169922e-06
15437,2,1,5,True,free_motion,False,0.0,0.0,9.83369066514736e-14,26.485898971557617,26.485939025878906,0.9261322617530823,0.9261322617530823,0.7827905416488647,0.7827905416488647,9.776144027709961,9.776084899902344,4.654938697814941,4.654923439025879,1.6212546825408936,1.6212546825408936,-1.52587890625e-05,0.0
15437,2,2,10,True,free_motion,False,0.0,0.0,1.1779505593601663e-13,27.095487594604492,27.09552001953125,0.9270169734954834,0.9270167946815491,0.7964736223220825,0.7964736223220825,3.4558985233306885,3.4559288024902344,5.094488620758057,5.094488620758057,1.7014957666397095,1.7014820575714111,0.0,-1.3709068298339844e-05
15437,2,3,15,False,free_motion,False,0.0,0.0,0.003913400694727898,27.754440307617188,27.116174697875977,0.9295948147773743,0.926927387714386,0.8038101196289062,0.796877384185791,6.624948978424072,11.490989685058594,3.2726800441741943,1.6353312730789185,0.16388356685638428,0.2544177174568176,-1.6373487710952759,0.09053415060043335
15437,2,4,20,False,free_motion,False,0.0,0.0,0.008643090724945068,27.127864837646484,26.573131561279297,0.9240739345550537,0.9206621646881104,0.8018751740455627,0.7946715950965881,0.5035426020622253,5.2053303718566895,3.8544747829437256,0.3860728144645691,1.8426485061645508,2.3486902713775635,-3.4684019088745117,0.5060417652130127
15437,2,5,25,False,effective_push,True,0.30960455536842346,19.806058883666992,0.0447709858417511,28.5396785736084,27.2050838470459,0.9337966442108154,0.9235285520553589,0.8231802582740784,0.8107225894927979,4.597122669219971,6.63131856918335,1.084962010383606,3.1599280834198,0.3835766017436981,0.28582292795181274,2.0749659538269043,-0.09775367379188538
15437,2,6,30,False,effective_push,True,0.18039795756340027,12.100512504577637,0.21628503501415253,28.234861373901367,25.323013305664062,0.9349711537361145,0.9102637767791748,0.8117351531982422,0.7714551091194153,5.381324291229248,5.068378448486328,4.427507400512695,5.458304405212402,1.6432650089263916,2.5000200271606445,1.030797004699707,0.8567550182342529
15437,2,7,35,False,free_motion,False,0.0,0.0,0.3573220670223236,28.524635314941406,25.180587768554688,0.9347783923149109,0.907772421836853,0.8155492544174194,0.7653596997261047,6.488978385925293,4.78306770324707,2.217508554458618,4.462682247161865,1.5047624111175537,1.2617647647857666,2.245173692703247,-0.2429976463317871
15716,19,0,0,True,initial,False,0.0,0.0,1.6030040250920863e-13,27.526609420776367,27.52669906616211,0.9274559617042542,0.9274563789367676,0.7990612983703613,0.7990612983703613,14.689606666564941,14.689620018005371,5.472572326660156,5.472602367401123,0.0014343397924676538,0.0014343397924676538,3.0040740966796875e-05,0.0
15716,19,1,5,True,free_motion,False,0.0,0.0,1.918558085838018e-13,27.470367431640625,27.47031021118164,0.926668107509613,0.9266675114631653,0.8007956147193909,0.8007956147193909,10.746991157531738,10.746991157531738,5.617571830749512,5.617571830749512,0.03255268186330795,0.03255268186330795,0.0,0.0
15716,19,2,10,True,effective_push,True,5.866467475891113,4.90781831741333,1.754310401374387e-13,26.557714462280273,26.557771682739258,0.9185779690742493,0.9185787439346313,0.7904288172721863,0.7904288172721863,3.3923256397247314,3.3923254013061523,2.326993942260742,2.3269801139831543,3.9746782779693604,3.9746782779693604,-1.3828277587890625e-05,0.0
15716,19,3,15,False,free_motion,False,0.0,0.0,0.0033076568506658077,26.447490692138672,26.337947845458984,0.9173558950424194,0.9171866774559021,0.7887591123580933,0.787786066532135,8.192503929138184,2.7353289127349854,2.721280336380005,3.436706066131592,3.664628744125366,4.758100986480713,0.7154257297515869,1.0934722423553467
15716,19,4,20,False,effective_push,True,38.91596603393555,16.042869567871094,0.02025838941335678,26.516115188598633,25.93979263305664,0.9181491136550903,0.9141961932182312,0.7875677943229675,0.7815654873847961,8.471003532409668,8.046144485473633,7.309426784515381,6.172900199890137,6.0863542556762695,2.6066596508026123,-1.1365265846252441,-3.4796946048736572
15716,19,5,25,False,effective_push,True,29.701583862304688,10.714079856872559,0.03298191353678703,26.9212703704834,26.089359283447266,0.9201161861419678,0.9149101376533508,0.791815996170044,0.790593147277832,3.892395257949829,13.849447250366211,3.5696351528167725,5.99491024017334,0.7972060441970825,3.6507906913757324,2.4252750873565674,2.8535847663879395
15716,19,6,30,False,effective_push,True,24.539630889892578,9.96826457977295,0.04999838024377823,27.412925720214844,25.95428466796875,0.9225212335586548,0.9116905331611633,0.8038109540939331,0.79202800989151,4.283092498779297,20.706708908081055,2.2333929538726807,0.7257267832756042,4.735165119171143,4.504714488983154,-1.5076661109924316,-0.23045063018798828
15716,19,7,35,False,effective_push,True,47.911399841308594,18.174955368041992,0.16964779794216156,26.166419982910156,23.98826789855957,0.9111457467079163,0.896969735622406,0.7858692407608032,0.7360281944274902,13.175130844116211,24.29320526123047,4.0203351974487305,8.729157447814941,0.19635428488254547,7.679400444030762,4.708822250366211,7.483046054840088
16036,40,0,0,True,initial,True,0.0,0.0,9.096095052304673e-14,28.382347106933594,28.382266998291016,0.9327276945114136,0.9327279329299927,0.8109269738197327,0.8109269738197327,0.8436522483825684,0.8436294198036194,3.6205532550811768,3.6205668449401855,1.6580318212509155,1.6580387353897095,1.3589859008789062e-05,6.9141387939453125e-06
16036,40,1,5,True,effective_push,True,3.181910753250122,7.5442304611206055,1.2856066851276576e-13,27.273483276367188,27.273540496826172,0.9259983897209167,0.9259994029998779,0.8019485473632812,0.8019485473632812,2.93056583404541,2.9305481910705566,3.295870780944824,3.295870780944824,0.7357582449913025,0.7357479929924011,0.0,-1.0251998901367188e-05
16036,40,2,10,True,effective_push,True,4.470170497894287,3.369537115097046,9.940341599975686e-14,27.62887954711914,27.62860107421875,0.9292289018630981,0.9292278289794922,0.808158278465271,0.808158278465271,3.6362850666046143,3.6363089084625244,2.832683563232422,2.832683563232422,0.01777556724846363,0.01776532270014286,0.0,-1.0244548320770264e-05
16036,40,3,15,False,effective_push,True,13.185995101928711,1.456565022468567,0.007326220627874136,28.883926391601562,28.807769775390625,0.9360260963439941,0.9346281886100769,0.8231562376022339,0.8256239295005798,1.273519515991211,2.4133248329162598,1.452189326286316,0.5881885290145874,0.2908841073513031,0.7648206949234009,-0.8640007972717285,0.4739365875720978
16036,40,4,20,False,effective_push,True,17.990224838256836,0.7861683964729309,0.016889212653040886,28.912155151367188,28.248064041137695,0.9366257786750793,0.927474856376648,0.8165473341941833,0.8157408833503723,1.1392695903778076,4.730645179748535,0.9575566649436951,2.812256097793579,1.159651756286621,2.8357784748077393,1.8546993732452393,1.6761267185211182
16036,40,5,25,False,effective_push,True,5.964633464813232,0.49684157967567444,0.045895885676145554,28.758668899536133,27.028308868408203,0.9354756474494934,0.9189507961273193,0.8136990666389465,0.7991920709609985,1.2871931791305542,5.3282470703125,1.4150246381759644,5.561275005340576,0.8743086457252502,3.970177173614502,4.146250247955322,3.0958685874938965
16036,40,6,30,False,free_motion,False,0.0,0.0,0.1432776153087616,27.45061683654785,26.020090103149414,0.9306509494781494,0.9122909903526306,0.795372486114502,0.7813838720321655,6.170706272125244,8.9158935546875,0.7706641554832458,4.765032768249512,0.8180312514305115,2.3314595222473145,3.994368553161621,1.5134282112121582
16036,40,7,35,False,free_motion,False,0.0,0.0,0.12891066074371338,28.31678581237793,25.185224533081055,0.9326072931289673,0.909388542175293,0.8034414052963257,0.7634549140930176,11.429178237915039,1.244046926498413,2.5623958110809326,0.15230800211429596,0.3994704484939575,1.8884892463684082,-2.410087823867798,1.4890187978744507
16087,83,0,0,True,initial,True,0.0,0.0,1.3753668343108316e-13,26.208059310913086,26.208091735839844,0.9165698289871216,0.9165704250335693,0.7845622301101685,0.7845622301101685,9.977925300598145,9.977887153625488,2.497246026992798,2.4972126483917236,2.9963221549987793,2.9963221549987793,-3.337860107421875e-05,0.0
16087,83,1,5,True,effective_push,True,2.776177167892456,24.12529182434082,6.675680787240207e-14,24.85288429260254,24.85287857055664,0.9078688621520996,0.9078686833381653,0.7624948620796204,0.7623898386955261,12.124748229980469,12.124722480773926,12.943659782409668,12.94365406036377,15.78678035736084,15.78678035736084,-5.7220458984375e-06,0.0
16087,83,2,10,True,effective_push,True,0.4787513017654419,9.187095642089844,8.696918917449822e-14,24.66127586364746,24.661205291748047,0.9050692319869995,0.9050678014755249,0.7594746351242065,0.7594746351242065,4.569283962249756,4.569286346435547,16.161008834838867,16.16099739074707,12.945640563964844,12.945640563964844,-1.1444091796875e-05,0.0
16087,83,3,15,False,free_motion,False,0.0,0.0,0.009080878458917141,24.68665313720703,24.282493591308594,0.9095919728279114,0.90921950340271,0.7586346864700317,0.7499324083328247,14.755578994750977,12.937686920166016,11.097861289978027,5.936690330505371,7.678990364074707,3.7654287815093994,-5.161170959472656,-3.9135615825653076
16087,83,4,20,False,free_motion,False,0.0,0.0,0.017685797065496445,25.23350715637207,24.281330108642578,0.9108365178108215,0.9082577228546143,0.7642265558242798,0.7465357184410095,11.95981502532959,18.852813720703125,10.53042984008789,6.6782917976379395,1.1376636028289795,3.0856335163116455,-3.852138042449951,1.947969913482666
16087,83,5,25,False,free_motion,False,0.0,0.0,0.03317997604608536,25.882736206054688,24.932241439819336,0.914608895778656,0.9092110395431519,0.7788674235343933,0.7641419172286987,12.131647109985352,34.47358703613281,7.144207954406738,7.522192001342773,0.08472166955471039,3.267207384109497,0.37798404693603516,3.182485818862915
16087,83,6,30,False,contact_no_motion,True,1.754701018333435,0.6714895367622375,0.03975085914134979,26.216632843017578,25.450439453125,0.9164234399795532,0.9090920686721802,0.786392867565155,0.7739347219467163,10.639102935791016,34.361793518066406,3.3281874656677246,8.708415031433105,0.7506924271583557,2.6250460147857666,5.380227565765381,1.8743536472320557
16087,83,7,35,False,effective_push,True,9.182744979858398,6.281875133514404,0.0853181704878807,26.286205291748047,24.86444091796875,0.9184237718582153,0.9044170379638672,0.7851945161819458,0.7674386501312256,5.908384323120117,19.17160415649414,5.543374061584473,11.984814643859863,0.5444753766059875,9.92625904083252,6.441440582275391,9.381783485412598
16201,119,0,0,True,initial,False,0.0,0.0,1.7615004236064963e-13,28.19441032409668,28.19445037841797,0.9318667054176331,0.9318668842315674,0.816150426864624,0.816150426864624,4.69841194152832,4.698390960693359,0.9127506017684937,0.9127905964851379,0.7700014114379883,0.7699979543685913,3.999471664428711e-05,-3.4570693969726562e-06
16201,119,1,5,True,contact_no_motion,True,0.1523646116256714,0.2174595445394516,9.28528629852432e-14,28.22406768798828,28.224164962768555,0.9317319393157959,0.9317330121994019,0.816694974899292,0.816694974899292,3.3397581577301025,3.339742422103882,1.5140511989593506,1.5140279531478882,1.6374900341033936,1.6374900341033936,-2.3245811462402344e-05,0.0
16201,119,2,10,True,contact_no_motion,True,0.3281104564666748,0.5985158085823059,7.690060339817645e-14,27.857219696044922,27.857315063476562,0.9277337193489075,0.9277347922325134,0.8086344003677368,0.8086344003677368,8.537851333618164,8.537821769714355,5.651888370513916,5.651882648468018,1.3219660520553589,1.3219660520553589,-5.7220458984375e-06,0.0
16201,119,3,15,False,contact_no_motion,True,0.25447478890419006,0.20643562078475952,0.0439375638961792,28.023147583007812,26.294517517089844,0.9291692972183228,0.9145408868789673,0.8143187165260315,0.790938138961792,3.9510974884033203,6.60084867477417,3.2740888595581055,3.1604223251342773,0.17446352541446686,2.4156432151794434,-0.11366653442382812,2.2411797046661377
16201,119,4,20,False,free_motion,False,0.0,0.0,0.056371986865997314,28.222023010253906,26.798358917236328,0.9317911267280579,0.9210031628608704,0.8141320943832397,0.8051987886428833,5.5804948806762695,3.853184223175049,4.884254455566406,7.968935489654541,0.19902829825878143,3.7650017738342285,3.0846810340881348,3.5659735202789307
16201,119,5,25,False,effective_push,True,4.292024612426758,1.2646914720535278,0.07472264021635056,28.17571449279785,26.969913482666016,0.9311252236366272,0.92141193151474,0.8121230602264404,0.8005220890045166,5.502504825592041,5.3788909912109375,4.334042549133301,12.754671096801758,1.0276259183883667,3.2507057189941406,8.420628547668457,2.2230796813964844
16201,119,6,30,False,contact_no_motion,True,0.038390208035707474,0.01020430214703083,0.1465577334165573,27.46588897705078,27.19125747680664,0.925918459892273,0.9220724105834961,0.8069878220558167,0.8035961389541626,9.807880401611328,3.3821561336517334,6.817095756530762,11.14999771118164,2.0074541568756104,2.0710806846618652,4.332901954650879,0.06362652778625488
16201,119,7,35,False,effective_push,True,1.4312365055084229,53.90266036987305,0.24714414775371552,27.216232299804688,23.25131607055664,0.9219741225242615,0.8912290930747986,0.8080514073371887,0.7165130972862244,10.23988151550293,20.57834815979004,2.8874073028564453,25.837810516357422,3.4509940147399902,1.1346993446350098,22.950403213500977,-2.3162946701049805
16205,25,0,0,True,initial,False,0.0,0.0,1.1339011191579748e-13,25.460927963256836,25.460926055908203,0.9106862545013428,0.9106861352920532,0.7686007022857666,0.7687056064605713,12.407623291015625,12.407691955566406,3.318633794784546,3.318662166595459,2.0761466026306152,2.076136350631714,2.8371810913085938e-05,-1.0251998901367188e-05
16205,25,1,5,True,free_motion,False,0.0,0.0,1.2891688313653588e-13,24.76467514038086,24.764514923095703,0.9073627591133118,0.9073616862297058,0.7572551965713501,0.7571195960044861,13.327454566955566,13.32751750946045,5.061987400054932,5.06198263168335,1.6923253536224365,1.6923253536224365,-4.76837158203125e-06,0.0
16205,25,2,10,True,free_motion,False,0.0,0.0,1.2609604658174456e-13,24.904756546020508,24.904653549194336,0.9039665460586548,0.9039667844772339,0.7680164575576782,0.768153727054596,12.810848236083984,12.810848236083984,6.981344223022461,6.981344223022461,2.173006772994995,2.1730008125305176,0.0,-5.9604644775390625e-06
16205,25,3,15,False,effective_push,True,27.03211212158203,15.870885848999023,0.013049982488155365,26.743053436279297,26.246984481811523,0.9185498356819153,0.914094865322113,0.7976664900779724,0.7929120659828186,2.2561495304107666,12.049612998962402,7.384231090545654,8.282386779785156,1.0381802320480347,5.242894172668457,0.898155689239502,4.204713821411133
16205,25,4,20,False,effective_push,True,38.88811111450195,28.309642791748047,0.027026280760765076,27.664453506469727,27.070390701293945,0.9250460267066956,0.9201539754867554,0.8135010004043579,0.8083644509315491,5.17825984954834,7.490671634674072,9.817084312438965,9.041468620300293,0.8435795903205872,3.5242717266082764,-0.7756156921386719,2.680692195892334
16205,25,5,25,False,effective_push,True,19.081209182739258,15.656827926635742,0.022388681769371033,27.88137435913086,26.59231185913086,0.928224503993988,0.9159404635429382,0.8080108165740967,0.8003007769584656,23.131135940551758,14.772516250610352,7.130814552307129,7.034779071807861,1.0881857872009277,3.41634464263916,-0.09603548049926758,2.3281588554382324
16205,25,6,30,False,effective_push,True,1.8688732385635376,1.4752660989761353,0.016152946278452873,27.591312408447266,27.47266387939453,0.9274288415908813,0.9236665964126587,0.8014375567436218,0.8011363744735718,18.01248550415039,12.525856018066406,3.903381824493408,1.529603362083435,1.3140532970428467,2.624506950378418,-2.3737783432006836,1.3104536533355713
16205,25,7,35,False,free_motion,False,0.0,0.0,0.011328820139169693,27.79559898376465,27.27106285095215,0.9293171167373657,0.9255168437957764,0.8031095862388611,0.799493134021759,11.064676284790039,12.622021675109863,5.7050604820251465,2.864672899246216,0.8421213626861572,0.9513633847236633,-2.8403875827789307,0.1092420220375061
16231,105,0,0,True,initial,False,0.0,0.0,1.977315202848426e-13,26.792009353637695,26.792064666748047,0.9241724014282227,0.92417311668396,0.7961960434913635,0.7961960434913635,5.279320240020752,5.279364109039307,3.2291736602783203,3.2291736602783203,1.981437087059021,1.9814352989196777,0.0,-1.7881393432617188e-06
16231,105,1,5,True,free_motion,False,0.0,0.0,1.3901806951693157e-13,27.84897232055664,27.848995208740234,0.9298155903816223,0.9298151731491089,0.8061954975128174,0.8061954975128174,6.42417049407959,6.42417049407959,3.0141584873199463,3.0141289234161377,0.9308728575706482,0.9308694005012512,-2.956390380859375e-05,-3.4570693969726562e-06
16231,105,2,10,True,effective_push,True,12.069178581237793,0.3792803883552551,1.1725367313371315e-13,28.328834533691406,28.328868865966797,0.9317139983177185,0.9317145347595215,0.8097152709960938,0.8098761439323425,3.87796950340271,3.8779172897338867,7.208411693572998,7.20841646194458,1.5929350852966309,1.5929512977600098,4.76837158203125e-06,1.621246337890625e-05
16231,105,3,15,False,effective_push,True,15.528036117553711,1.4922596216201782,0.0077547114342451096,28.552310943603516,28.432716369628906,0.9343158006668091,0.932263195514679,0.8111165761947632,0.808573305606842,4.507274627685547,7.1275482177734375,6.8025031089782715,8.31502628326416,0.3249368667602539,1.0664376020431519,1.5125231742858887,0.741500735282898
16231,105,4,20,False,effective_push,True,6.97487211227417,0.7498181462287903,0.017013033851981163,28.016143798828125,27.737558364868164,0.9296033978462219,0.927177906036377,0.8041673302650452,0.8070634603500366,6.273576259613037,2.9065520763397217,6.370127201080322,8.486714363098145,1.3106262683868408,0.4734140634536743,2.1165871620178223,-0.8372122049331665
16231,105,5,25,False,free_motion,False,0.0,0.0,0.02474791370332241,27.178245544433594,27.374492645263672,0.9249427318572998,0.9229230880737305,0.7936276793479919,0.8013999462127686,4.015549659729004,2.05739688873291,4.8902435302734375,6.617920875549316,0.7206788659095764,0.2777983248233795,1.727677345275879,-0.4428805410861969
16231,105,6,30,False,free_motion,False,0.0,0.0,0.028984393924474716,27.706735610961914,27.056922912597656,0.9280006885528564,0.9205010533332825,0.8025093674659729,0.7967783808708191,7.204468727111816,9.5338716506958,6.675118446350098,6.924543857574463,0.36517608165740967,0.6778245568275452,0.24942541122436523,0.3126484751701355
16231,105,7,35,False,effective_push,True,1.35132896900177,5.837051868438721,0.04827374964952469,28.58036994934082,27.22887420654297,0.9344314336776733,0.922304093837738,0.8082053065299988,0.7960922122001648,3.851670026779175,6.967480659484863,6.873709201812744,3.8792996406555176,0.7714750170707703,2.0965402126312256,-2.9944095611572266,1.3250651359558105
16239,115,0,0,True,initial,True,0.0,0.0,1.2247069135738753e-13,28.54206085205078,28.5422306060791,0.9333083033561707,0.9333094954490662,0.8192368745803833,0.8192368745803833,4.820498466491699,4.820437908172607,4.663090229034424,4.663082122802734,0.4697957932949066,0.4697932302951813,-8.106231689453125e-06,-2.562999725341797e-06
16239,115,1,5,True,effective_push,True,0.0326312854886055,1.7412747144699097,6.779553454001538e-14,28.197086334228516,28.197086334228516,0.9307255148887634,0.930726945400238,0.8125394582748413,0.8125394582748413,12.587861061096191,12.587801933288574,3.840294599533081,3.840294599533081,1.9578468799591064,1.957849383354187,0.0,2.5033950805664062e-06
16239,115,2,10,True,contact_no_motion,True,0.010122191160917282,0.027033887803554535,1.3862878672690065e-13,28.107147216796875,28.106985092163086,0.9315987825393677,0.931597113609314,0.8111811280250549,0.8111811280250549,15.5390625,15.5390625,2.8193347454071045,2.8193306922912598,0.3896951675415039,0.389700710773468,-4.0531158447265625e-06,5.543231964111328e-06
16239,115,3,15,False,effective_push,True,1.499653935432434,16.498798370361328,0.024014463648200035,28.243913650512695,27.335424423217773,0.9327609539031982,0.9289940595626831,0.8100919127464294,0.802532434463501,3.717174768447876,9.107301712036133,12.264330863952637,13.645737648010254,2.774177074432373,1.0275609493255615,1.3814067840576172,-1.7466161251068115
16239,115,4,20,False,effective_push,True,4.436697483062744,9.50849723815918,0.04146600514650345,27.2598934173584,26.15715980529785,0.9265242218971252,0.9192137122154236,0.7903072834014893,0.785963773727417,1.2674721479415894,11.811899185180664,7.199626922607422,7.804797172546387,1.1816500425338745,0.7912364602088928,0.6051702499389648,-0.3904135823249817
16239,115,5,25,False,free_motion,False,0.0,0.0,0.03243869170546532,27.319299697875977,25.559066772460938,0.9259406924247742,0.9122557044029236,0.7930484414100647,0.7726126909255981,4.828715801239014,14.856766700744629,3.963244676589966,6.569190502166748,0.4531967043876648,2.817890167236328,2.6059458255767822,2.3646934032440186
16239,115,6,30,False,free_motion,False,0.0,0.0,0.034243933856487274,27.440519332885742,25.265296936035156,0.9256678819656372,0.9083585143089294,0.7957589030265808,0.7665205001831055,4.237806797027588,16.800527572631836,5.91948127746582,6.729244709014893,0.1446087658405304,2.1984193325042725,0.8097634315490723,2.0538105964660645
16239,115,7,35,False,free_motion,False,0.0,0.0,0.03984644263982773,27.02300262451172,24.76190757751465,0.9210844039916992,0.9052082300186157,0.7915082573890686,0.75357586145401,10.420852661132812,14.1171236038208,10.007364273071289,6.105583190917969,1.49122154712677,0.43953633308410645,-3.9017810821533203,-1.0516852140426636
16566,5,0,0,True,initial,False,0.0,0.0,1.3089229949480446e-13,25.807817459106445,25.80795669555664,0.9149367809295654,0.9149382710456848,0.778616189956665,0.7787270545959473,8.87675666809082,8.876842498779297,7.175159454345703,7.17518949508667,5.252770900726318,5.252770900726318,3.0040740966796875e-05,0.0
16566,5,1,5,True,free_motion,False,0.0,0.0,1.6659751648964022e-13,24.07577896118164,24.075889587402344,0.9007753729820251,0.9007741808891296,0.7030404806137085,0.7030404806137085,18.522294998168945,18.522308349609375,2.6061861515045166,2.606247663497925,5.9844207763671875,5.9844207763671875,6.151199340820312e-05,0.0
16566,5,2,10,True,free_motion,False,0.0,0.0,1.2660720724849e-13,25.51321792602539,25.51315689086914,0.9130368232727051,0.9130365252494812,0.7696837186813354,0.7696837186813354,6.978944301605225,6.978918552398682,6.2194719314575195,6.219485282897949,3.646228313446045,3.646228313446045,1.33514404296875e-05,0.0
16566,5,3,15,False,free_motion,False,0.0,0.0,0.005374280735850334,24.64146614074707,25.712339401245117,0.9102340936660767,0.9141268134117126,0.7534637451171875,0.7696945071220398,5.176206588745117,13.390742301940918,7.831662178039551,9.116581916809082,1.9783233404159546,3.5715880393981934,1.2849197387695312,1.5932646989822388
16566,5,4,20,False,effective_push,True,32.842987060546875,21.143396377563477,0.009808240458369255,25.3436279296875,25.401268005371094,0.9085095524787903,0.9090690016746521,0.7681694030761719,0.7670353651046753,4.589864730834961,10.377317428588867,3.6674160957336426,3.564197540283203,0.0756712406873703,3.509270668029785,-0.10321855545043945,3.4335994720458984
16566,5,5,25,False,effective_push,True,48.99797439575195,25.63592529296875,0.007162793539464474,24.864360809326172,24.823884963989258,0.9037531614303589,0.9035469889640808,0.7609848976135254,0.7598527073860168,2.255044460296631,10.360193252563477,2.8153724670410156,6.767005920410156,5.574038982391357,6.805812358856201,3.9516334533691406,1.2317733764648438
16566,5,6,30,False,effective_push,True,46.10207748413086,18.665416717529297,0.02300601825118065,26.83584213256836,26.037485122680664,0.9183820486068726,0.9134390354156494,0.7997996807098389,0.7939237356185913,7.69026517868042,15.116922378540039,3.825883150100708,4.679686069488525,0.6414811015129089,6.745733737945557,0.8538029193878174,6.104252815246582
16566,5,7,35,False,effective_push,True,35.41712951660156,3.0851962566375732,0.04917009919881821,27.57341194152832,25.626981735229492,0.9266372919082642,0.9082400798797607,0.8110805749893188,0.789141058921814,6.43814754486084,10.054924964904785,4.724880218505859,7.011648654937744,0.36723536252975464,6.135388374328613,2.2867684364318848,5.768153190612793
16653,3,0,0,True,initial,False,0.0,0.0,1.6933572328636098e-13,25.819921493530273,25.819997787475586,0.9147476553916931,0.9147477746009827,0.7793132662773132,0.7793132662773132,14.261368751525879,14.261363983154297,9.556726455688477,9.556726455688477,4.795175552368164,4.795175552368164,0.0,0.0
16653,3,1,5,True,free_motion,False,0.0,0.0,1.2804284000265953e-13,25.840133666992188,25.840290069580078,0.9154087901115417,0.9154106378555298,0.7805852890014648,0.7805852890014648,16.634449005126953,16.634410858154297,4.044432640075684,4.04440450668335,6.136105537414551,6.136132717132568,-2.8133392333984375e-05,2.7179718017578125e-05
16653,3,2,10,True,free_motion,False,0.0,0.0,9.529491318228597e-14,24.844446182250977,24.844453811645508,0.9106100797653198,0.9106107950210571,0.7573091387748718,0.7573091387748718,34.06684494018555,34.06690979003906,3.4793310165405273,3.47937273979187,5.228646278381348,5.228646278381348,4.172325134277344e-05,0.0
16653,3,3,15,False,free_motion,False,0.0,0.0,0.00339387240819633,24.814159393310547,24.953554153442383,0.9108336567878723,0.9110966920852661,0.7601964473724365,0.7616453170776367,6.717497825622559,11.254162788391113,6.885754585266113,6.793252468109131,2.9454782009124756,6.239978790283203,-0.09250211715698242,3.2945005893707275
16653,3,4,20,False,effective_push,True,12.202603340148926,4.678542613983154,0.01685749739408493,24.812211990356445,24.328083038330078,0.9077080488204956,0.9021526575088501,0.755504846572876,0.7457627058029175,11.6161527633667,18.967790603637695,13.445672988891602,16.80436897277832,0.0317193977534771,2.1906328201293945,3.3586959838867188,2.1589133739471436
16653,3,5,25,False,effective_push,True,70.1864242553711,23.613956451416016,0.02950584888458252,23.013492584228516,22.95281410217285,0.8922100067138672,0.8910900354385376,0.6838890910148621,0.693918764591217,8.914953231811523,18.4910945892334,4.375274181365967,12.10067081451416,4.383241653442383,17.940017700195312,7.725396633148193,13.55677604675293
16653,3,6,30,False,effective_push,True,61.1654052734375,13.279157638549805,0.09251032769680023,24.61500358581543,22.947969436645508,0.9041635990142822,0.8922368288040161,0.7504358291625977,0.6964918971061707,8.774273872375488,17.47978973388672,7.692562103271484,7.415740966796875,2.6435256004333496,23.572986602783203,-0.2768211364746094,20.929460525512695
16653,3,7,35,False,effective_push,True,34.97125244140625,8.769197463989258,0.2363804429769516,25.559226989746094,21.98469352722168,0.9102970957756042,0.8920242190361023,0.7708591222763062,0.6464567184448242,11.157288551330566,15.559816360473633,9.20876693725586,16.755590438842773,3.8204476833343506,20.45580291748047,7.546823501586914,16.63535499572754
17449,30,0,0,True,initial,False,0.0,0.0,1.202380344811696e-13,26.325227737426758,26.324974060058594,0.9203956127166748,0.9203935265541077,0.790542483329773,0.790542483329773,12.712900161743164,12.71291732788086,7.595974445343018,7.595941543579102,0.5973410606384277,0.5973410606384277,-3.2901763916015625e-05,0.0
17449,30,1,5,True,free_motion,False,0.0,0.0,1.3289856140488027e-13,26.384489059448242,26.38465690612793,0.9216428995132446,0.9216446280479431,0.788439929485321,0.788439929485321,8.367708206176758,8.367671012878418,4.581239700317383,4.581254482269287,0.24760802090168,0.24760802090168,1.4781951904296875e-05,0.0
17449,30,2,10,True,free_motion,False,0.0,0.0,1.2935038782267705e-13,27.426982879638672,27.42685317993164,0.9259706735610962,0.9259699583053589,0.8024796843528748,0.8024796843528748,4.525993824005127,4.5260090827941895,7.571140766143799,7.57117223739624,0.4202205538749695,0.4202205538749695,3.147125244140625e-05,0.0
17449,30,3,15,False,contact_no_motion,True,1.0904144048690796,0.3061563968658447,0.004439368378371,27.46154022216797,27.338191986083984,0.926361083984375,0.9249774813652039,0.8038038015365601,0.8046684861183167,5.019687652587891,2.9756481647491455,11.120125770568848,13.030056953430176,1.926331877708435,3.0355000495910645,1.9099311828613281,1.1091681718826294
17449,30,4,20,False,effective_push,True,26.91305160522461,10.699846267700195,0.01094832830131054,27.797555923461914,27.383316040039062,0.9281115531921387,0.9238924384117126,0.8086931109428406,0.8064095377922058,9.12277603149414,5.260874271392822,5.5966715812683105,4.4705047607421875,1.0765198469161987,0.6117663979530334,-1.126166820526123,-0.4647534489631653
17449,30,5,25,False,effective_push,True,14.193625450134277,6.6820831298828125,0.01683143898844719,27.691104888916016,27.456592559814453,0.9277223348617554,0.9245052933692932,0.8088927865028381,0.8097481727600098,2.118258476257324,0.2631179988384247,9.911197662353516,7.500373363494873,0.32631272077560425,0.20917539298534393,-2.4108242988586426,-0.11713732779026031
17449,30,6,30,False,contact_no_motion,True,0.6465427279472351,0.516840398311615,0.029822982847690582,27.484333038330078,26.493030548095703,0.926048755645752,0.9171648025512695,0.8117977380752563,0.8006776571273804,2.6043341159820557,1.6196235418319702,8.815802574157715,14.631193161010742,0.16752170026302338,5.789549350738525,5.815390586853027,5.62202787399292
17449,30,7,35,False,effective_push,True,2.616029977798462,1.6342592239379883,0.07990150153636932,26.314640045166016,24.878883361816406,0.9202525615692139,0.905489444732666,0.8005869388580322,0.7665166258811951,2.761805772781372,6.712664604187012,5.1666107177734375,15.645344734191895,0.49478840827941895,8.55920124053955,10.478734016418457,8.064413070678711
17622,58,0,0,True,initial,False,0.0,0.0,1.6176066020522073e-13,28.821561813354492,28.8216552734375,0.9358664751052856,0.9358663558959961,0.8126883506774902,0.8126883506774902,6.965943336486816,6.965998649597168,4.229238510131836,4.229238510131836,0.672363817691803,0.672363817691803,0.0,0.0
17622,58,1,5,True,free_motion,False,0.0,0.0,1.369312513854401e-13,28.215845108032227,28.216083526611328,0.9323751330375671,0.9323775172233582,0.8052399158477783,0.8050820827484131,7.499332427978516,7.499355316162109,1.8513548374176025,1.8513548374176025,0.5694807171821594,0.5694875121116638,0.0,6.794929504394531e-06
17622,58,2,10,True,effective_push,True,2.6391732692718506,13.763909339904785,8.465071092006449e-14,28.27200698852539,28.27186393737793,0.9328911900520325,0.932889461517334,0.8105534911155701,0.8105534911155701,9.032576560974121,9.032547950744629,1.3040865659713745,1.3040565252304077,0.2023511826992035,0.20235459506511688,-3.0040740966796875e-05,3.4123659133911133e-06
17622,58,3,15,False,effective_push,True,5.394885540008545,13.183794021606445,0.013355458155274391,29.072391510009766,28.9674072265625,0.9383700489997864,0.9355425834655762,0.8125213384628296,0.816214382648468,6.6908416748046875,7.774300575256348,3.8634347915649414,6.872254848480225,0.39699792861938477,0.23824383318424225,3.008820056915283,-0.15875409543514252
17622,58,4,20,False,effective_push,True,3.166112184524536,5.623813629150391,0.034471336752176285,28.91573715209961,28.052906036376953,0.9370133876800537,0.9287669658660889,0.8027825951576233,0.8027675747871399,6.157698154449463,10.564896583557129,5.9718217849731445,10.181260108947754,0.6674631834030151,1.0832338333129883,4.209438323974609,0.41577064990997314
17622,58,5,25,False,free_motion,False,0.0,0.0,0.05413931608200073,28.639495849609375,28.19377899169922,0.9350175857543945,0.9294124245643616,0.7993757724761963,0.8020997643470764,3.3277699947357178,7.224919319152832,3.751081705093384,7.295096397399902,0.8991534113883972,0.8871220350265503,3.5440146923065186,-0.012031376361846924
17622,58,6,30,False,free_motion,False,0.0,0.0,0.050328128039836884,28.875194549560547,28.397029876708984,0.9370134472846985,0.9300488233566284,0.8046697974205017,0.8070575594902039,2.581082344055176,3.7159910202026367,4.938913822174072,7.513979434967041,0.8903083205223083,0.8545762300491333,2.5750656127929688,-0.03573209047317505
17622,58,7,35,False,effective_push,True,20.089134216308594,7.5892415046691895,0.0686754435300827,29.34014892578125,28.089540481567383,0.9411122798919678,0.9292647242546082,0.802007794380188,0.7942432761192322,2.534663677215576,6.303454875946045,3.5566043853759766,9.40423583984375,0.7713879346847534,1.009747862815857,5.847631454467773,0.23835992813110352
17695,62,0,0,True,initial,False,0.0,0.0,1.1614263695745863e-13,26.799999237060547,26.800024032592773,0.9263086318969727,0.9263083338737488,0.7963149547576904,0.7963149547576904,10.32394027709961,10.32394027709961,2.7738280296325684,2.7738375663757324,0.14917133748531342,0.14917133748531342,9.5367431640625e-06,0.0
17695,62,1,5,True,free_motion,False,0.0,0.0,9.256893076505998e-14,27.41094398498535,27.410810470581055,0.9283524751663208,0.9283522963523865,0.8039924502372742,0.8039924502372742,9.890512466430664,9.890512466430664,3.1883468627929688,3.1883482933044434,0.4961995780467987,0.4961995780467987,1.430511474609375e-06,0.0
17695,62,2,10,True,effective_push,True,4.618997573852539,2.1026463508605957,1.0237564783540862e-13,28.242082595825195,28.24199676513672,0.9319577217102051,0.9319565892219543,0.8171547651290894,0.8171547651290894,2.6139700412750244,2.613995313644409,4.4783549308776855,4.478460311889648,0.04339219257235527,0.04339902102947235,0.00010538101196289062,6.8284571170806885e-06
17695,62,3,15,False,effective_push,True,35.04526138305664,12.354596138000488,0.009653380140662193,28.018178939819336,27.662357330322266,0.932106077671051,0.9257199764251709,0.8123570084571838,0.8126241564750671,8.64551067352295,0.6889236569404602,5.205055236816406,6.350836753845215,1.203516960144043,0.6930217146873474,1.1457815170288086,-0.5104952454566956
17695,62,4,20,False,effective_push,True,30.98971176147461,10.140809059143066,0.013572159223258495,28.620290756225586,28.19584083557129,0.9340075850486755,0.9300666451454163,0.8181118369102478,0.8145817518234253,2.8661537170410156,10.56882381439209,5.372662544250488,4.916931629180908,0.5317029356956482,1.519539475440979,-0.4557309150695801,0.9878365397453308
17695,62,5,25,False,effective_push,True,4.583648681640625,1.6326063871383667,0.02573653683066368,28.10920524597168,27.618099212646484,0.93108069896698,0.9261308312416077,0.8129782676696777,0.8069080710411072,5.883814811706543,11.587767601013184,5.907320022583008,7.551895618438721,0.917502760887146,1.8713420629501343,1.644575595855713,0.9538393020629883
17695,62,6,30,False,free_motion,False,0.0,0.0,0.04870046302676201,27.826404571533203,27.737529754638672,0.928158700466156,0.926455020904541,0.8085041046142578,0.808484673500061,4.618178844451904,8.154974937438965,3.994807481765747,6.40188455581665,0.05438538268208504,2.457198143005371,2.4070770740509033,2.4028127193450928
17695,62,7,35,False,free_motion,False,0.0,0.0,0.05435025691986084,28.0535888671875,28.08483123779297,0.931434154510498,0.9306211471557617,0.8128646016120911,0.8141606450080872,0.22426936030387878,4.1413750648498535,4.507308006286621,9.47922134399414,0.41474273800849915,1.3819043636322021,4.9719133377075195,0.9671616554260254
17707,45,0,0,True,initial,True,0.0,0.0,9.421716878899034e-14,28.002307891845703,28.00223159790039,0.9269976019859314,0.9269967675209045,0.8241490125656128,0.8241490125656128,8.77092170715332,8.770978927612305,5.85160493850708,5.85160493850708,0.04400349408388138,0.04401715472340584,0.0,1.3660639524459839e-05
17707,45,1,5,True,effective_push,True,31.216564178466797,21.43974494934082,8.45970293599993e-14,27.857961654663086,27.857940673828125,0.9304067492485046,0.9304068088531494,0.81746506690979,0.81746506690979,11.774686813354492,11.774686813354492,4.102039813995361,4.102009296417236,0.5661304593086243,0.5661270618438721,-3.0517578125e-05,-3.3974647521972656e-06
17707,45,2,10,True,effective_push,True,22.585636138916016,13.281110763549805,9.934640729427485e-14,27.8238468170166,27.823888778686523,0.9275132417678833,0.9275138974189758,0.8127672076225281,0.8127672076225281,4.618137359619141,4.618154048919678,4.774326324462891,4.774300575256348,1.9731528759002686,1.9731460809707642,-2.574920654296875e-05,-6.794929504394531e-06
17707,45,3,15,False,contact_no_motion,True,0.7332363724708557,0.3904818892478943,0.0044987499713897705,27.452625274658203,27.2471923828125,0.9268956184387207,0.9238656759262085,0.8064000010490417,0.8051721453666687,6.545858383178711,6.848801136016846,3.6459767818450928,4.653034687042236,0.7453854084014893,0.88797926902771,1.0070579051971436,0.1425938606262207
17707,45,4,20,False,free_motion,False,0.0,0.0,0.007349743973463774,27.13427734375,26.744108200073242,0.9259076714515686,0.9194290041923523,0.8037112355232239,0.8006072640419006,11.78835678100586,8.66728401184082,3.7305805683135986,6.039727210998535,0.7099571824073792,0.8324361443519592,2.3091466426849365,0.12247896194458008
17707,45,5,25,False,free_motion,False,0.0,0.0,0.010460786521434784,27.57828712463379,27.079627990722656,0.9284219145774841,0.9219650626182556,0.8101080656051636,0.8084671497344971,2.52089524269104,8.997671127319336,4.824352264404297,7.7582573890686035,1.1956655979156494,1.6204214096069336,2.9339051246643066,0.4247558116912842
17707,45,6,30,False,effective_push,True,23.257675170898438,9.198174476623535,0.025940697640180588,28.705345153808594,27.864654541015625,0.9360822439193726,0.9258406162261963,0.8181264996528625,0.8140451908111572,6.207294940948486,5.043069839477539,3.0064117908477783,10.019857406616211,0.7945559024810791,1.1288492679595947,7.013445854187012,0.3342933654785156
17707,45,7,35,False,effective_push,True,38.546966552734375,11.812715530395508,0.04343494400382042,28.464637756347656,27.054336547851562,0.9331135749816895,0.9184771776199341,0.8122480511665344,0.80116868019104,0.7996461391448975,3.5696558952331543,1.7776457071304321,5.286893844604492,0.05808392912149429,2.5806641578674316,3.5092482566833496,2.522580146789551
17734,65,0,0,True,initial,False,0.0,0.0,1.2441200955733145e-13,26.70931053161621,26.70935821533203,0.9227666258811951,0.9227670431137085,0.7928031086921692,0.7928031086921692,11.54733657836914,11.547353744506836,2.9302620887756348,2.93023681640625,0.3129456043243408,0.3129524290561676,-2.5272369384765625e-05,6.8247318267822266e-06
17734,65,1,5,True,free_motion,False,0.0,0.0,1.6726252544466136e-13,27.242443084716797,27.242448806762695,0.926141619682312,0.9261424541473389,0.8035016655921936,0.8035016655921936,6.928045272827148,6.928045272827148,0.8617108464241028,0.8617127537727356,0.1797705739736557,0.17976374924182892,1.9073486328125e-06,-6.8247318267822266e-06
17734,65,2,10,True,effective_push,True,19.309444427490234,8.056549072265625,1.1366764056689946e-13,27.69792366027832,27.69791030883789,0.9289453029632568,0.9289442896842957,0.8086956739425659,0.8086956739425659,6.726755619049072,6.726755619049072,4.949157238006592,4.949157238006592,0.9998065233230591,0.9998031258583069,0.0,-3.3974647521972656e-06
17734,65,3,15,False,effective_push,True,33.92692184448242,12.530487060546875,0.009416035376489162,28.373632431030273,27.381614685058594,0.9334920048713684,0.9238409996032715,0.8123483061790466,0.8048007488250732,5.410643577575684,3.4459521770477295,6.726473808288574,7.254279136657715,2.438520908355713,1.4156147241592407,0.5278053283691406,-1.0229061841964722
17734,65,4,20,False,effective_push,True,12.827343940734863,5.093121528625488,0.020647941157221794,27.7255802154541,26.822425842285156,0.9267316460609436,0.9187373518943787,0.808696985244751,0.7990990877151489,4.759464263916016,10.380236625671387,7.446577548980713,10.186623573303223,1.275483250617981,0.5538020133972168,2.7400460243225098,-0.7216812372207642
17734,65,5,25,False,free_motion,False,0.0,0.0,0.05264003202319145,27.12877082824707,26.286357879638672,0.924859881401062,0.9132382869720459,0.8020350337028503,0.7883244156837463,5.6389665603637695,9.168024063110352,10.436023712158203,12.917755126953125,0.9066700339317322,0.8637388944625854,2.481731414794922,-0.04293113946914673
17734,65,6,30,False,free_motion,False,0.0,0.0,0.08404453843832016,27.548093795776367,26.836532592773438,0.9282660484313965,0.9176928400993347,0.8043543696403503,0.7976636290550232,4.2782392501831055,3.3020052909851074,10.135115623474121,13.532686233520508,2.1144285202026367,0.2526179552078247,3.3975706100463867,-1.861810564994812
17734,65,7,35,False,free_motion,False,0.0,0.0,0.08796614408493042,27.911487579345703,26.9221134185791,0.9309349656105042,0.9194201827049255,0.8098326325416565,0.7985923886299133,4.998960494995117,3.2846219539642334,12.590988159179688,16.546024322509766,2.6176700592041016,0.30990275740623474,3.955036163330078,-2.307767391204834
17798,127,0,0,True,initial,False,0.0,0.0,1.84025483653677e-13,25.59862518310547,25.598724365234375,0.920102059841156,0.920102596282959,0.7801735997200012,0.7801735997200012,3.863706350326538,3.8637325763702393,4.7475786209106445,4.747534275054932,1.508812665939331,1.5088177919387817,-4.4345855712890625e-05,5.125999450683594e-06
17798,127,1,5,True,free_motion,False,0.0,0.0,1.0634181523642289e-13,27.075572967529297,27.075517654418945,0.9249773025512695,0.924977719783783,0.8004848957061768,0.8004848957061768,1.9492367506027222,1.9492428302764893,7.301779747009277,7.301788330078125,2.1359095573425293,2.1359059810638428,8.58306884765625e-06,-3.5762786865234375e-06
17798,127,2,10,True,effective_push,True,2.922758102416992,2.30908203125,1.2801231971150406e-13,27.38612174987793,27.386066436767578,0.9270004630088806,0.9269992113113403,0.8099293112754822,0.8099293112754822,8.289312362670898,8.289251327514648,8.672395706176758,8.672395706176758,4.123849868774414,4.123849868774414,0.0,0.0
17798,127,3,15,False,effective_push,True,15.888463973999023,11.281737327575684,0.004344508051872253,28.217071533203125,28.122379302978516,0.9312005043029785,0.9304199814796448,0.8187611103057861,0.8171597719192505,6.122122287750244,3.9680120944976807,4.853033065795898,3.703524112701416,1.1823604106903076,2.6632649898529053,-1.1495089530944824,1.4809045791625977
17798,127,4,20,False,effective_push,True,2.1641836166381836,1.4781348705291748,0.005987803917378187,28.0094051361084,28.06900978088379,0.9296575784683228,0.9299370050430298,0.8121203184127808,0.8129634857177734,4.151092529296875,6.308758735656738,2.2666239738464355,2.096196413040161,0.1993459016084671,1.5440462827682495,-0.17042756080627441,1.3447003364562988
17798,127,5,25,False,free_motion,False,0.0,0.0,0.006693937815725803,28.195980072021484,28.094465255737305,0.9299168586730957,0.9289523363113403,0.8147268295288086,0.8158560395240784,5.5207295417785645,5.934596061706543,1.8806674480438232,4.424674987792969,0.24194921553134918,0.6603153944015503,2.5440075397491455,0.4183661937713623
17798,127,6,30,False,effective_push,True,27.4237060546875,0.2906245291233063,0.007900078780949116,28.644418716430664,28.420991897583008,0.933140754699707,0.930386483669281,0.8166564106941223,0.816612720489502,1.3152552843093872,3.4766039848327637,2.9197914600372314,1.753147840499878,0.0855344608426094,0.24115349352359772,-1.1666436195373535,0.15561902523040771
17798,127,7,35,False,effective_push,True,58.86143112182617,3.2890636920928955,0.04950239881873131,28.963403701782227,27.969497680664062,0.9363716840744019,0.9222300052642822,0.8217837810516357,0.8229286670684814,1.8817650079727173,3.274120807647705,2.347912549972534,5.423699378967285,0.35396772623062134,1.1304714679718018,3.075786828994751,0.7765037417411804
17809,54,0,0,True,initial,True,0.0,0.0,1.306949746994121e-13,27.95527458190918,27.955230712890625,0.9286471605300903,0.9286476969718933,0.8091835379600525,0.8091835379600525,3.475141763687134,3.4751079082489014,4.165920734405518,4.165920734405518,0.6276124119758606,0.6276124119758606,0.0,0.0
17809,54,1,5,True,effective_push,True,28.970142364501953,11.562061309814453,1.0480781824015462e-13,27.389755249023438,27.38964080810547,0.9227504134178162,0.9227495193481445,0.8086556792259216,0.8086556792259216,3.350428819656372,3.3504624366760254,2.5334417819976807,2.533435106277466,3.0560178756713867,3.055990695953369,-6.67572021484375e-06,-2.7179718017578125e-05
17809,54,2,10,True,effective_push,True,45.08381271362305,16.95247459411621,8.70354000459192e-14,26.873363494873047,26.873598098754883,0.9224317669868469,0.9224335551261902,0.8008358478546143,0.8008358478546143,6.839973449707031,6.840007305145264,5.524566173553467,5.524533271789551,2.388599157333374,2.388599157333374,-3.2901763916015625e-05,0.0
17809,54,3,15,False,effective_push,True,33.23228073120117,10.761809349060059,0.006459908094257116,27.129629135131836,27.105714797973633,0.9238584041595459,0.9239441752433777,0.8042078018188477,0.8059059381484985,5.9387898445129395,6.282509803771973,2.8851630687713623,2.5092663764953613,0.9309078454971313,0.9152368307113647,-0.375896692276001,-0.0156710147857666
17809,54,4,20,False,effective_push,True,9.423178672790527,2.862532138824463,0.006377756595611572,27.25381851196289,27.325088500976562,0.9251281023025513,0.9253604412078857,0.8039271831512451,0.8035253882408142,4.960982322692871,5.902909278869629,3.845750093460083,2.087318181991577,0.9690578579902649,0.6771628856658936,-1.7584319114685059,-0.29189497232437134
17809,54,5,25,False,effective_push,True,3.6520824432373047,1.1147687435150146,0.010612960904836655,27.135522842407227,27.273277282714844,0.9240164160728455,0.924952507019043,0.8037784695625305,0.8042668700218201,6.335941791534424,7.064733505249023,3.6651248931884766,2.942802667617798,0.09219560027122498,0.6521977186203003,-0.7223222255706787,0.5600020885467529
17809,54,6,30,False,free_motion,False,0.0,0.0,0.012600901536643505,26.760988235473633,26.766437530517578,0.920233964920044,0.9221081137657166,0.7967664003372192,0.7969370484352112,2.8103160858154297,10.826960563659668,6.608214855194092,3.9428048133850098,0.8922054171562195,0.7573006749153137,-2.665410041809082,-0.13490474224090576
17809,54,7,35,False,free_motion,False,0.0,0.0,0.014245225116610527,26.952945709228516,27.182079315185547,0.921538233757019,0.9254949688911438,0.8015691637992859,0.8002562522888184,5.530491352081299,8.845437049865723,9.016775131225586,7.697046279907227,1.2534780502319336,0.022824784740805626,-1.3197288513183594,-1.2306532859802246
17896,99,0,0,True,initial,False,0.0,0.0,1.4623838164723457e-13,28.727825164794922,28.727794647216797,0.9342412352561951,0.9342420697212219,0.8202004432678223,0.8202004432678223,11.700555801391602,11.700538635253906,1.8736519813537598,1.8736519813537598,0.7646328806877136,0.7646260261535645,0.0,-6.854534149169922e-06
17896,99,1,5,True,free_motion,False,0.0,0.0,1.7386957216862509e-13,28.69152069091797,28.691410064697266,0.934389054775238,0.9343883395195007,0.820425808429718,0.820425808429718,4.363376140594482,4.363423824310303,4.6183342933654785,4.61832857131958,0.6719984412193298,0.672001838684082,-5.7220458984375e-06,3.3974647521972656e-06
17896,99,2,10,True,effective_push,True,8.181984901428223,3.5042967796325684,2.2208715986030136e-13,28.606136322021484,28.606121063232422,0.9339975118637085,0.9339960813522339,0.822489857673645,0.822489857673645,1.5216479301452637,1.5216479301452637,6.333728313446045,6.333728313446045,0.16560477018356323,0.1656150072813034,0.0,1.023709774017334e-05
17896,99,3,15,False,effective_push,True,9.477339744567871,0.3326711654663086,0.00391315296292305,29.20261001586914,29.11981773376465,0.9377350807189941,0.9370070099830627,0.8236966729164124,0.8242922425270081,2.007762908935547,1.5153250694274902,2.1804566383361816,1.4751012325286865,0.49963515996932983,0.20581068098545074,-0.7053554058074951,-0.2938244938850403
17896,99,4,20,False,effective_push,True,13.97544002532959,1.3946563005447388,0.008037121035158634,29.351917266845703,28.481809616088867,0.9390959143638611,0.9317371249198914,0.8287133574485779,0.8232565522193909,1.985715389251709,0.914884090423584,1.105234980583191,2.410198211669922,0.13109523057937622,0.5058472156524658,1.304963231086731,0.3747519850730896
17896,99,5,25,False,effective_push,True,24.37844467163086,8.207140922546387,0.051184237003326416,29.44765281677246,28.65973472595215,0.9393624663352966,0.9292973875999451,0.8198305368423462,0.8205128312110901,3.230969190597534,3.9101760387420654,1.3551642894744873,6.364315986633301,0.9208836555480957,0.7955292463302612,5.009151458740234,-0.12535440921783447
17896,99,6,30,False,effective_push,True,16.90931510925293,1.9137369394302368,0.05310675501823425,29.494733810424805,28.484935760498047,0.9408495426177979,0.9297188520431519,0.8108893036842346,0.808748185634613,2.5273122787475586,6.141568660736084,2.5250070095062256,1.9402439594268799,0.08248478174209595,0.6672548651695251,-0.5847630500793457,0.5847700834274292
17896,99,7,35,False,effective_push,True,5.988481044769287,0.04868558421730995,0.053111933171749115,29.307281494140625,28.063961029052734,0.9405655264854431,0.9275506138801575,0.8038268685340881,0.7969041466712952,3.233377456665039,7.941112518310547,3.519378423690796,3.918607234954834,0.3229791522026062,1.2864729166030884,0.3992288112640381,0.9634937644004822
17921,84,0,0,True,initial,True,0.0,0.0,1.0430094017199049e-13,27.704017639160156,27.70394515991211,0.9273256659507751,0.9273245334625244,0.8078623414039612,0.8078623414039612,5.71311616897583,5.713101387023926,1.5338077545166016,1.5337779521942139,2.171097755432129,2.1711010932922363,-2.9802322387695312e-05,3.337860107421875e-06
17921,84,1,5,True,contact_no_motion,True,0.0398654080927372,0.032183848321437836,1.453811571995589e-13,26.80027198791504,26.800189971923828,0.9215765595436096,0.9215748906135559,0.7934192419052124,0.7934192419052124,7.5546159744262695,7.554602146148682,5.898758411407471,5.89876127243042,0.32928428053855896,0.3292723298072815,2.86102294921875e-06,-1.195073127746582e-05
17921,84,2,10,True,free_motion,False,0.0,0.0,1.145226491763851e-13,25.681093215942383,25.680940628051758,0.9170039892196655,0.917004406452179,0.7502198815345764,0.7502198815345764,7.666485786437988,7.66654109954834,5.749369144439697,5.7493462562561035,0.5877617001533508,0.587757408618927,-2.288818359375e-05,-4.291534423828125e-06
17921,84,3,15,False,free_motion,False,0.0,0.0,0.004413208924233913,24.827404022216797,24.926319122314453,0.916729748249054,0.9149107336997986,0.7541154026985168,0.7554042339324951,14.254189491271973,18.844966888427734,4.134052276611328,4.852102279663086,0.5466448068618774,1.2091654539108276,0.7180500030517578,0.6625206470489502
17921,84,4,20,False,free_motion,False,0.0,0.0,0.00863957405090332,25.30205535888672,25.282798767089844,0.9182361364364624,0.9145789742469788,0.7660598754882812,0.7663663625717163,18.8276309967041,21.699905395507812,3.5624115467071533,4.777091979980469,1.2541379928588867,1.4183229207992554,1.2146804332733154,0.16418492794036865
17921,84,5,25,False,free_motion,False,0.0,0.0,0.013569964095950127,26.126941680908203,25.504520416259766,0.9210472702980042,0.9147089719772339,0.7806923985481262,0.7713160514831543,17.694969177246094,17.267683029174805,3.1155149936676025,4.066830158233643,1.831312894821167,2.1251323223114014,0.95131516456604,0.2938194274902344
17921,84,6,30,False,free_motion,False,0.0,0.0,0.020073264837265015,26.530231475830078,25.51401138305664,0.9218933582305908,0.9146517515182495,0.7859112024307251,0.7727203369140625,14.549689292907715,11.272551536560059,2.6320130825042725,5.284750461578369,1.650158405303955,2.700746536254883,2.6527373790740967,1.0505881309509277
17921,84,7,35,False,free_motion,False,0.0,0.0,0.03075377643108368,26.861167907714844,25.357515335083008,0.9231905341148376,0.9127658009529114,0.7919244766235352,0.7697699069976807,12.92827320098877,10.474088668823242,2.2901809215545654,6.287065029144287,2.2104029655456543,3.3135459423065186,3.9968841075897217,1.1031429767608643
17937,65,0,0,True,initial,True,0.0,0.0,8.537058728127697e-14,24.015626907348633,24.015520095825195,0.9001707434654236,0.9001697301864624,0.7369632720947266,0.7369632720947266,5.935299396514893,5.935224533081055,4.334524631500244,4.334502696990967,0.8549911379814148,0.8549962639808655,-2.193450927734375e-05,5.125999450683594e-06
17937,65,1,5,True,effective_push,True,35.964271545410156,4.098236083984375,1.0591708581161527e-13,24.621875762939453,24.62177276611328,0.9045495986938477,0.9045488834381104,0.7547247409820557,0.7547247409820557,10.530086517333984,10.530107498168945,2.019857168197632,2.019857168197632,2.176362991333008,2.176361322402954,0.0,-1.6689300537109375e-06
17937,65,2,10,True,effective_push,True,3.8060994148254395,0.5017046928405762,1.0394434607746e-13,24.87763214111328,24.87787628173828,0.9057324528694153,0.9057348966598511,0.7700194120407104,0.7700194120407104,5.63297176361084,5.6329545974731445,4.415390968322754,4.415383338928223,0.7297049760818481,0.7297006845474243,-7.62939453125e-06,-4.291534423828125e-06
17937,65,3,15,False,effective_push,True,0.3346376419067383,3.453807830810547,0.00821922067552805,24.974132537841797,25.113109588623047,0.904492199420929,0.9060409069061279,0.7630176544189453,0.7715309262275696,5.767974376678467,9.417572975158691,4.079954624176025,1.8592358827590942,4.634464263916016,0.7483164072036743,-2.2207188606262207,-3.886147975921631
17937,65,4,20,False,effective_push,True,0.22579599916934967,12.980978965759277,0.022183068096637726,24.85734748840332,24.69352912902832,0.9035338163375854,0.9038600325584412,0.7559743523597717,0.7517080903053284,10.382682800292969,5.946385860443115,7.7367072105407715,0.5153211951255798,8.908260345458984,2.733469009399414,-7.221385955810547,-6.17479133605957
17937,65,5,25,False,effective_push,True,3.190579414367676,2.6947553157806396,0.0375293493270874,25.513141632080078,24.107872009277344,0.9104641079902649,0.896153450012207,0.7754565477371216,0.7444820404052734,1.5892012119293213,9.626203536987305,4.424376010894775,12.836199760437012,6.834342002868652,3.3287336826324463,8.411823272705078,-3.505608320236206
17937,65,6,30,False,effective_push,True,71.16089630126953,24.29703140258789,0.02113472670316696,22.529314041137695,22.42038345336914,0.8941747546195984,0.8926355242729187,0.6816694736480713,0.6784157752990723,7.598684310913086,8.164387702941895,13.265844345092773,13.108016014099121,16.259258270263672,15.756279945373535,-0.15782833099365234,-0.5029783248901367
17937,65,7,35,False,effective_push,True,53.79610061645508,2.9353418350219727,0.027034757658839226,23.07895278930664,21.587657928466797,0.8930041193962097,0.8874189853668213,0.7106265425682068,0.656417965888977,21.8138427734375,7.345861911773682,26.77786636352539,33.85327911376953,10.369583129882812,10.555380821228027,7.075412750244141,0.18579769134521484
17989,36,0,0,True,initial,True,0.0,0.0,1.5853235336895505e-13,26.635868072509766,26.635574340820312,0.918694019317627,0.9186906814575195,0.7917549014091492,0.7917549014091492,0.7038753032684326,0.7039092183113098,1.0681190490722656,1.0681445598602295,0.22421462833881378,0.2242419421672821,2.5510787963867188e-05,2.7313828468322754e-05
17989,36,1,5,True,effective_push,True,26.24816131591797,17.828937530517578,1.0129840488561775e-13,27.0338077545166,27.03376007080078,0.922448992729187,0.9224485754966736,0.7962701320648193,0.7962701320648193,2.6979496479034424,2.6979923248291016,2.507768154144287,2.507768154144287,0.6143686771392822,0.614389181137085,0.0,2.0503997802734375e-05
17989,36,2,10,True,effective_push,True,22.939077377319336,16.300600051879883,1.1098686938026611e-13,27.21179962158203,27.211849212646484,0.9223222732543945,0.922322690486908,0.8034616112709045,0.8034616112709045,4.105803489685059,4.105816841125488,6.8530354499816895,6.8530378341674805,2.0819098949432373,2.0819032192230225,2.384185791015625e-06,-6.67572021484375e-06
17989,36,3,15,False,effective_push,True,16.852590560913086,10.846012115478516,0.004691136535257101,27.96076774597168,27.88066864013672,0.9291362762451172,0.9276893138885498,0.8105065822601318,0.8131152391433716,2.276888608932495,2.694779396057129,0.5372335910797119,1.7563414573669434,1.4399268627166748,1.5985238552093506,1.2191078662872314,0.15859699249267578
17989,36,4,20,False,effective_push,True,25.942718505859375,12.386588096618652,0.009900233708322048,28.34609603881836,27.584741592407227,0.9306533336639404,0.9234839081764221,0.8151373863220215,0.8111260533332825,3.9046781063079834,7.149355411529541,2.2472264766693115,0.41927507519721985,0.946609616279602,0.7230472564697266,-1.827951431274414,-0.2235623598098755
17989,36,5,25,False,effective_push,True,24.96051788330078,9.046462059020996,0.02888193354010582,28.54062843322754,26.86479949951172,0.9327765107154846,0.9147400856018066,0.818657636642456,0.8058608174324036,6.169556140899658,6.870527267456055,3.7962088584899902,4.784145355224609,0.4507276117801666,0.354964941740036,0.9879364967346191,-0.09576267004013062
17989,36,6,30,False,effective_push,True,20.29383087158203,6.701125621795654,0.050765395164489746,28.883129119873047,26.68474578857422,0.9359260201454163,0.9139565825462341,0.8189845681190491,0.8016194105148315,5.31084680557251,8.89556884765625,1.6896148920059204,3.6540627479553223,0.3676895797252655,0.8582815527915955,1.9644478559494019,0.49059197306632996
17989,36,7,35,False,effective_push,True,24.496572494506836,0.08167539536952972,0.097276471555233,29.036331176757812,26.84393310546875,0.9368079304695129,0.9156423211097717,0.8180634379386902,0.8004491329193115,1.1844439506530762,5.935646057128906,2.1403162479400635,4.571410179138184,0.23482190072536469,0.8169999122619629,2.43109393119812,0.582177996635437
18072,2,0,0,True,initial,False,0.0,0.0,1.36160478508493e-13,26.181928634643555,26.18187141418457,0.919247567653656,0.9192472696304321,0.7786930799484253,0.7786930799484253,21.626157760620117,21.626129150390625,3.154186725616455,3.154158592224121,2.271543264389038,2.271543264389038,-2.8133392333984375e-05,0.0
18072,2,1,5,True,free_motion,False,0.0,0.0,1.7377383711679462e-13,26.318758010864258,26.318756103515625,0.9193722009658813,0.9193719029426575,0.7811321020126343,0.7811321020126343,14.656149864196777,14.656159400939941,3.611665964126587,3.6116695404052734,2.3232479095458984,2.323275327682495,3.5762786865234375e-06,2.7418136596679688e-05
18072,2,2,10,True,free_motion,False,0.0,0.0,1.2655509778157492e-13,25.39432716369629,25.39415740966797,0.9158551096916199,0.9158549308776855,0.7605825662612915,0.7605825662612915,2.6950840950012207,2.695143461227417,3.277827262878418,3.277822732925415,2.218527317047119,2.218554735183716,-4.5299530029296875e-06,2.7418136596679688e-05
18072,2,3,15,False,free_motion,False,0.0,0.0,0.001732554635964334,25.788986206054688,25.838668823242188,0.9192249178886414,0.918441653251648,0.7756259441375732,0.7744163274765015,14.08515739440918,11.740567207336426,4.671077728271484,3.9416067600250244,2.5808825492858887,2.303276300430298,-0.72947096824646,-0.2776062488555908
18072,2,4,20,False,free_motion,False,0.0,0.0,0.004131311550736427,26.01787567138672,25.944812774658203,0.9179893732070923,0.916682243347168,0.7781944274902344,0.7765618562698364,15.686102867126465,18.479244232177734,3.0731587409973145,3.1966047286987305,1.565984845161438,2.3410611152648926,0.12344598770141602,0.7750762701034546
18072,2,5,25,False,effective_push,True,42.679805755615234,11.82432746887207,0.024901315569877625,25.527931213378906,24.65947723388672,0.9074179530143738,0.9003545641899109,0.7811579704284668,0.7628249526023865,11.683744430541992,16.64499855041504,7.609963893890381,13.307014465332031,1.0649631023406982,0.6291833519935608,5.69705057144165,-0.43577975034713745
18072,2,6,30,False,effective_push,True,9.968550682067871,6.235306739807129,0.025601744651794434,26.075119018554688,24.885860443115234,0.9122639298439026,0.9017923474311829,0.7904654741287231,0.7681622505187988,7.624655246734619,17.754060745239258,9.149676322937012,16.332805633544922,3.945315361022949,1.6989686489105225,7.18312931060791,-2.2463467121124268
18072,2,7,35,False,effective_push,True,7.162203788757324,5.756988525390625,0.03220510110259056,25.146175384521484,24.21369171142578,0.9085195064544678,0.9016196131706238,0.768574595451355,0.7549113631248474,23.961008071899414,37.75234603881836,17.084951400756836,24.953123092651367,1.7207911014556885,1.144985556602478,7.868171691894531,-0.5758055448532104
18155,23,0,0,True,initial,False,0.0,0.0,1.2345959215891156e-13,27.482398986816406,27.48224639892578,0.9232075810432434,0.9232061505317688,0.8110966086387634,0.8110966086387634,7.321507930755615,7.3214802742004395,9.420112609863281,9.420126914978027,0.021392153576016426,0.021388737484812737,1.430511474609375e-05,-3.416091203689575e-06
18155,23,1,5,True,effective_push,True,20.284189224243164,6.570505142211914,7.765766111764161e-14,28.19451904296875,28.194570541381836,0.9303359389305115,0.9303359389305115,0.8134556412696838,0.8134556412696838,3.5196523666381836,3.5196268558502197,2.693545341491699,2.693530321121216,0.11907410621643066,0.11907068639993668,-1.5020370483398438e-05,-3.419816493988037e-06
18155,23,2,10,True,effective_push,True,14.161057472229004,4.094001293182373,1.1148316292472135e-13,28.2169246673584,28.216976165771484,0.9311728477478027,0.9311730861663818,0.8165861964225769,0.8165861964225769,1.6009541749954224,1.6009703874588013,5.613443851470947,5.613443851470947,0.2842417359352112,0.2842417359352112,0.0,0.0
18155,23,3,15,False,contact_no_motion,True,0.0,0.0,0.008360059931874275,28.009279251098633,27.93429946899414,0.9298083186149597,0.9285250306129456,0.813430666923523,0.8140689134597778,6.1240434646606445,4.149914264678955,4.490026473999023,3.8728010654449463,0.3318515717983246,1.6170951128005981,-0.6172254085540771,1.2852435111999512
18155,23,4,20,False,effective_push,True,8.162576675415039,3.5511791706085205,0.010430651716887951,28.457136154174805,27.693950653076172,0.9315147995948792,0.9241564273834229,0.8229970335960388,0.8192717432975769,8.390564918518066,6.539920806884766,4.92155122756958,7.13537073135376,0.07823298871517181,0.7621535062789917,2.2138195037841797,0.6839205026626587
18155,23,5,25,False,effective_push,True,17.176605224609375,1.223218560218811,0.02175441011786461,28.441299438476562,27.421817779541016,0.9303165078163147,0.921393871307373,0.8294573426246643,0.8187311291694641,6.977957725524902,4.132234573364258,6.9461469650268555,10.53726577758789,0.728204071521759,0.9838887453079224,3.591118812561035,0.25568467378616333
18155,23,6,30,False,effective_push,True,26.87535858154297,3.5316174030303955,0.0379931703209877,28.77662467956543,26.69879913330078,0.9345451593399048,0.9139774441719055,0.8270362615585327,0.8081520199775696,1.985803246498108,3.7626655101776123,6.414660930633545,10.157376289367676,0.441940575838089,1.651573896408081,3.742715358734131,1.2096333503723145
18155,23,7,35,False,effective_push,True,37.81098175048828,7.369568824768066,0.09411196410655975,29.33319854736328,26.999528884887695,0.9386592507362366,0.916347861289978,0.8265323042869568,0.804210901260376,6.186916351318359,4.4236249923706055,0.9901187419891357,3.5071933269500732,0.14370718598365784,3.498976230621338,2.5170745849609375,3.355268955230713
18284,21,0,0,True,initial,False,0.0,0.0,1.522914010610582e-13,26.216737747192383,26.2166748046875,0.9240421652793884,0.9240419268608093,0.7837121486663818,0.7837121486663818,3.0054328441619873,3.0054385662078857,4.659637928009033,4.659637928009033,0.445488840341568,0.4454922676086426,0.0,3.427267074584961e-06
18284,21,1,5,True,free_motion,False,0.0,0.0,1.064094016893502e-13,26.729631423950195,26.729412078857422,0.9267735481262207,0.9267715215682983,0.7946504354476929,0.7946504354476929,22.632431030273438,22.632410049438477,5.581283092498779,5.581273555755615,0.007526868488639593,0.007526868488639593,-9.5367431640625e-06,0.0
18284,21,2,10,True,effective_push,True,4.233129501342773,0.4125843942165375,1.0756135972135247e-13,28.22646713256836,28.226661682128906,0.9304124116897583,0.930414080619812,0.815471887588501,0.815471887588501,6.098965644836426,6.099026679992676,7.105990409851074,7.106003761291504,1.0298149585723877,1.029828667640686,1.33514404296875e-05,1.3709068298339844e-05
18284,21,3,15,False,effective_push,True,16.638952255249023,0.37146663665771484,0.0065195197239518166,27.88986587524414,28.28479766845703,0.9293779730796814,0.930892825126648,0.8148902058601379,0.8160384297370911,3.53450345993042,3.5895180702209473,4.864092826843262,4.8985090255737305,0.9017249941825867,1.3499493598937988,0.03441619873046875,0.44822436571121216
18284,21,4,20,False,effective_push,True,16.790849685668945,1.7430914640426636,0.011279802769422531,28.081676483154297,28.31374168395996,0.9304323792457581,0.9306821227073669,0.818195104598999,0.819432258605957,1.8017674684524536,5.543789386749268,4.981777667999268,1.3221023082733154,1.7959095239639282,1.607406497001648,-3.659675359725952,-0.18850302696228027
18284,21,5,25,False,effective_push,True,13.054851531982422,5.009315013885498,0.012745494954288006,28.33722686767578,28.100927352905273,0.930844247341156,0.9288502335548401,0.8192273378372192,0.8180076479911804,4.846507549285889,6.123326778411865,1.649186134338379,0.9353588223457336,0.16030454635620117,1.987465500831604,-0.7138273119926453,1.8271609544754028
18284,21,6,30,False,effective_push,True,25.291133880615234,2.5832183361053467,0.012295588850975037,28.667375564575195,28.047863006591797,0.9322831630706787,0.9287028312683105,0.8209980130195618,0.8174204230308533,3.415976047515869,7.104686260223389,4.251167297363281,4.870113372802734,1.5976598262786865,3.1434545516967773,0.6189460754394531,1.5457947254180908
18284,21,7,35,False,effective_push,True,23.3980712890625,0.8650980591773987,0.02402196079492569,28.760414123535156,28.03636932373047,0.9342800378799438,0.9290573000907898,0.8206052780151367,0.8142187595367432,4.210906028747559,6.01891565322876,3.597477912902832,6.494113922119141,0.818803071975708,2.8968300819396973,2.8966360092163086,2.0780270099639893
18365,25,0,0,True,initial,False,0.0,0.0,1.7713753369934943e-13,26.424854278564453,26.42479705810547,0.9251385927200317,0.9251387119293213,0.7881379723548889,0.7881379723548889,15.923226356506348,15.923225402832031,5.200589656829834,5.20055627822876,0.37851884961128235,0.37851542234420776,-3.337860107421875e-05,-3.427267074584961e-06
18365,25,1,5,True,free_motion,False,0.0,0.0,1.2300163871378084e-13,27.96341323852539,27.963743209838867,0.929844319820404,0.9298464059829712,0.8104792237281799,0.8104792237281799,9.819798469543457,9.819833755493164,7.9041266441345215,7.904140472412109,0.719481885433197,0.719481885433197,1.3828277587890625e-05,0.0
18365,25,2,10,True,contact_no_motion,True,1.2425708770751953,0.3161694407463074,9.971477175864038e-14,27.9610595703125,27.96108627319336,0.9287616014480591,0.9287616014480591,0.813027024269104,0.813027024269104,8.19353199005127,8.193493843078613,8.747072219848633,8.747100830078125,1.382262945175171,1.3822664022445679,2.86102294921875e-05,3.4570693969726562e-06
18365,25,3,15,False,effective_push,True,24.76812744140625,4.019634246826172,0.012843629345297813,27.52435874938965,27.85883903503418,0.9252669215202332,0.9276795387268066,0.8123460412025452,0.8132696151733398,6.697926998138428,2.9111106395721436,6.467288017272949,6.636176586151123,2.102048873901367,2.8741095066070557,0.16888856887817383,0.7720606327056885
18365,25,4,20,False,effective_push,True,12.731709480285645,3.1949574947357178,0.020026415586471558,28.340225219726562,26.86449432373047,0.9319679737091064,0.9191022515296936,0.8197224140167236,0.8026944994926453,2.1160171031951904,7.876580715179443,4.929637908935547,3.6030797958374023,0.9724960327148438,2.603743314743042,-1.3265581130981445,1.6312472820281982
18365,25,5,25,False,effective_push,True,23.4104061126709,0.6900402903556824,0.026629842817783356,27.930604934692383,27.269481658935547,0.9268468618392944,0.9238058924674988,0.8141671419143677,0.8089654445648193,9.632993698120117,12.668094635009766,7.311111927032471,9.219390869140625,0.13855722546577454,2.665809154510498,1.9082789421081543,2.527251958847046
18365,25,6,30,False,effective_push,True,30.86612319946289,6.753403663635254,0.03650575131177902,28.11002540588379,26.100536346435547,0.9297478795051575,0.9115312099456787,0.8139075040817261,0.7894578576087952,13.98540210723877,15.776665687561035,4.373806953430176,7.043426036834717,1.019853115081787,4.0339884757995605,2.669619083404541,3.0141353607177734
18365,25,7,35,False,effective_push,True,19.116256713867188,4.672901153564453,0.039473213255405426,27.631330490112305,25.68262481689453,0.9285022616386414,0.9081363677978516,0.8052536249160767,0.7793546319007874,17.28995132446289,12.011999130249023,2.3177096843719482,5.5270843505859375,0.9189438819885254,3.617220401763916,3.2093746662139893,2.6982765197753906
18417,55,0,0,True,initial,True,0.0,0.0,1.7063817535616782e-13,28.344430923461914,28.344379425048828,0.9322969317436218,0.9322950839996338,0.81230628490448,0.81230628490448,10.333824157714844,10.333820343017578,2.561771869659424,2.5617833137512207,0.15860296785831451,0.15859614312648773,1.1444091796875e-05,-6.8247318267822266e-06
18417,55,1,5,True,effective_push,True,45.446292877197266,14.472965240478516,1.5648917437490611e-13,28.346477508544922,28.34651756286621,0.9334307909011841,0.9334307909011841,0.8045668005943298,0.8045668005943298,3.555412530899048,3.555402994155884,5.120079517364502,5.120107173919678,0.46582403779029846,0.46582403779029846,2.765655517578125e-05,0.0
18417,55,2,10,True,effective_push,True,33.57698059082031,10.861393928527832,1.0040568636932035e-13,29.63620376586914,29.636058807373047,0.9416582584381104,0.9416568875312805,0.820044755935669,0.820044755935669,3.019627809524536,3.0196611881256104,2.5378856658935547,2.5379159450531006,0.16204623878002167,0.16205306351184845,3.0279159545898438e-05,6.8247318267822266e-06
18417,55,3,15,False,effective_push,True,3.824439764022827,1.5690582990646362,0.0036786883138120174,28.14990997314453,28.334579467773438,0.9353618621826172,0.9359152317047119,0.8027199506759644,0.8046402335166931,6.794219017028809,8.450960159301758,4.939172744750977,5.3197479248046875,0.35164886713027954,0.2969185709953308,0.38057518005371094,-0.05473029613494873
18417,55,4,20,False,free_motion,False,0.0,0.0,0.009516950696706772,26.99108123779297,28.086109161376953,0.9312331676483154,0.9327127933502197,0.787350594997406,0.7985323667526245,9.509190559387207,7.617031097412109,4.6081953048706055,2.2039942741394043,0.782596230506897,0.14991924166679382,-2.404201030731201,-0.6326769590377808
18417,55,5,25,False,free_motion,False,0.0,0.0,0.014734833501279354,28.501291275024414,27.865413665771484,0.9353882670402527,0.9334415793418884,0.8069700598716736,0.7975171804428101,5.975673198699951,16.4779052734375,4.8474531173706055,1.9809292554855347,0.5187289714813232,1.8995200395584106,-2.8665237426757812,1.3807910680770874
18417,55,6,30,False,effective_push,True,9.610872268676758,7.794597625732422,0.0206932183355093,28.46550178527832,28.0447940826416,0.9348140954971313,0.9344409704208374,0.8032758235931396,0.7975395321846008,0.9328761696815491,13.6768159866333,3.0496504306793213,4.633185386657715,0.6762775182723999,0.9901315569877625,1.5835349559783936,0.31385403871536255
18417,55,7,35,False,contact_no_motion,True,1.131425380706787,0.889276921749115,0.03055470809340477,28.88170051574707,27.922752380371094,0.937521755695343,0.9336771965026855,0.8028019070625305,0.7964304685592651,2.4608523845672607,9.410757064819336,4.300878047943115,7.39084005355835,0.6638875603675842,0.9129162430763245,3.0899620056152344,0.24902868270874023
18432,10,0,0,True,initial,True,0.0,0.0,1.0424850544442366e-13,25.443113327026367,25.443096160888672,0.909270703792572,0.9092698693275452,0.7667314410209656,0.7667314410209656,9.828836441040039,9.828850746154785,6.905735015869141,6.905735015869141,3.4070351123809814,3.4070351123809814,0.0,0.0
18432,10,1,5,True,effective_push,True,11.147008895874023,31.525583267211914,9.352468886142384e-14,26.693492889404297,26.693443298339844,0.9193510413169861,0.9193504452705383,0.7915030121803284,0.7915030121803284,4.2392497062683105,4.2392706871032715,0.5188418030738831,0.5188215374946594,1.8778102397918701,1.877782940864563,-2.0265579223632812e-05,-2.7298927307128906e-05
18432,10,2,10,True,effective_push,True,8.307682037353516,34.24473571777344,1.1105969388493925e-13,28.27570152282715,28.275815963745117,0.9307535290718079,0.930755615234375,0.809927761554718,0.809927761554718,4.298226356506348,4.298240661621094,8.611919403076172,8.611905097961426,0.33074507117271423,0.33074507117271423,-1.430511474609375e-05,0.0
18432,10,3,15,False,effective_push,True,1.1821094751358032,18.347034454345703,0.003974350169301033,28.374441146850586,27.85956573486328,0.9317859411239624,0.9277448654174805,0.8148204684257507,0.8119266033172607,2.317030191421509,1.342490553855896,7.811842918395996,5.956477165222168,2.7652158737182617,2.8634884357452393,-1.8553657531738281,0.09827256202697754
18432,10,4,20,False,effective_push,True,0.3460678160190582,4.689061164855957,0.007284794934093952,27.768545150756836,27.742420196533203,0.9297087788581848,0.9267258048057556,0.8113179802894592,0.8111816048622131,12.632577896118164,12.102640151977539,6.427987098693848,7.1201558113098145,1.4242310523986816,1.4118547439575195,0.6921687126159668,-0.01237630844116211
18432,10,5,25,False,free_motion,False,0.0,0.0,0.011802822351455688,27.282886505126953,26.719127655029297,0.9276806116104126,0.9203395247459412,0.805795431137085,0.8009030222892761,2.6098363399505615,4.549341678619385,5.515416145324707,5.9770684242248535,2.3395583629608154,1.1889173984527588,0.4616522789001465,-1.1506409645080566
18432,10,6,30,False,free_motion,False,0.0,0.0,0.018759824335575104,26.721817016601562,25.693056106567383,0.9260485172271729,0.91888427734375,0.7971056699752808,0.7888055443763733,5.188155174255371,11.420289039611816,4.0684428215026855,1.665581464767456,1.2589677572250366,2.8991968631744385,-2.4028613567352295,1.6402291059494019
18432,10,7,35,False,free_motion,False,0.0,0.0,0.017096666619181633,27.90491485595703,27.087047576904297,0.9299018383026123,0.9234529733657837,0.814359724521637,0.8083664774894714,7.631006240844727,16.48553466796875,2.335446834564209,0.20628848671913147,1.8576475381851196,2.6133670806884766,-2.1291582584381104,0.7557195425033569
18617,20,0,0,True,initial,False,0.0,0.0,2.2180579584401422e-13,26.124963760375977,26.12493324279785,0.921782374382019,0.9217826724052429,0.7819632887840271,0.7819632887840271,5.538693428039551,5.538698196411133,5.095760822296143,5.095749378204346,1.7231338024139404,1.7231475114822388,-1.1444091796875e-05,1.3709068298339844e-05
18617,20,1,5,True,free_motion,False,0.0,0.0,1.608607317444763e-13,26.51251220703125,26.512697219848633,0.9230125546455383,0.9230154752731323,0.7868391275405884,0.7868391275405884,6.9145588874816895,6.914501190185547,3.504255771636963,3.5041956901550293,2.7471840381622314,2.747143030166626,-6.008148193359375e-05,-4.100799560546875e-05
18617,20,2,10,True,free_motion,False,0.0,0.0,1.2712766494886452e-13,26.729175567626953,26.729228973388672,0.9201486706733704,0.9201489686965942,0.7922520041465759,0.7922520041465759,3.1613614559173584,3.161437511444092,2.024726629257202,2.024726629257202,0.6880732774734497,0.6880732774734497,0.0,0.0
18617,20,3,15,False,effective_push,True,35.823795318603516,24.6905460357666,0.005778384394943714,26.64303207397461,26.094465255737305,0.9204592108726501,0.913841187953949,0.7962831854820251,0.7884262800216675,4.635810375213623,3.80808687210083,4.1870269775390625,3.3235299587249756,2.243853807449341,2.045928478240967,-0.8634970188140869,-0.19792532920837402
18617,20,4,20,False,effective_push,True,40.787776947021484,24.818256378173828,0.013143393211066723,26.29047203063965,25.215404510498047,0.9168389439582825,0.905916154384613,0.7830643057823181,0.7694370150566101,1.035559058189392,10.64218521118164,3.0552515983581543,10.40928840637207,2.3942272663116455,2.63923978805542,7.354036808013916,0.24501252174377441
18617,20,5,25,False,effective_push,True,25.058645248413086,17.411968231201172,0.03669197857379913,27.268028259277344,24.772794723510742,0.9247322082519531,0.8993635773658752,0.8008589744567871,0.7634755969047546,9.563462257385254,9.7037992477417,0.9452340006828308,9.068975448608398,1.4815363883972168,3.0112392902374268,8.123741149902344,1.52970290184021
18617,20,6,30,False,effective_push,True,21.485641479492188,16.122005462646484,0.05285169929265976,27.96407699584961,24.596847534179688,0.9297786355018616,0.8974913358688354,0.8094826340675354,0.7642847299575806,4.415399074554443,7.279296875,4.480869770050049,11.86184310913086,1.604766607284546,3.520853281021118,7.3809733390808105,1.9160866737365723
18617,20,7,35,False,effective_push,True,23.937101364135742,18.261178970336914,0.08398689329624176,28.475841522216797,24.51361846923828,0.9327503442764282,0.8968499302864075,0.8168389797210693,0.7614378929138184,6.818437576293945,8.302736282348633,2.273801565170288,12.495532989501953,1.7325458526611328,2.611980438232422,10.221731185913086,0.8794345855712891
