analysis,block_angle_decoder_ceiling_deg,block_angle_error_deg,block_angle_excess_error_deg,block_decoder_ceiling_px,block_error_px,block_excess_error_px,branch_executed,cem_seed,comparison_note,decision_action_offset,decision_index,episode,horizon_actions,latent_block,latent_mse,pusher_decoder_ceiling_px,pusher_error_px,pusher_excess_error_px,real_frame_index,receding_horizon,start_step
decision_forecast,2.6666850484257347,0.2669631623647822,-2.3997218860609526,3.118853146720191,5.023096928127591,1.9042437814073994,True,42,,0,0,2828,5,1,0.006157655268907547,8.074843990645675,3.324354969399999,-4.750489021245676,5,5,43
decision_forecast,0.21589865306497263,2.4324589632741906,2.216560310209218,0.9483392599023825,0.7251370460654597,-0.22320221383692285,True,42,,0,0,2828,10,2,0.012278464622795582,4.996454690772379,3.2123092957604236,-1.7841453950119552,10,5,43
decision_forecast,0.39825181444123364,5.580404011367688,5.182152196926454,4.640892044635123,5.225618529605317,0.5847264849701936,True,42,,0,0,2828,15,3,0.02146480418741703,5.724872014071768,6.883114068157087,1.1582420540853189,15,5,43
decision_forecast,0.7039613015207267,6.705947004486027,6.0019857029653,6.356236460040021,6.784734675850943,0.4284982158109214,True,42,,0,0,2828,20,4,0.0626010075211525,6.899967913020197,7.39285895843328,0.4928910454130824,20,5,43
decision_forecast,0.31067245925219006,10.888531785337577,10.577859326085386,10.48209254677899,10.81542131106718,0.3333287642881899,True,42,,0,0,2828,25,5,0.15565188229084015,4.764651873306729,22.106425947356595,17.341774074049866,25,5,43
decision_forecast,4.471432456327197,6.962375125874168,2.4909426695469703,7.873521068814236,11.90647569724768,4.032954628433444,True,42,,25,1,2828,5,1,0.03426317498087883,20.291919363187144,9.61989292500995,-10.672026438177195,30,5,43
decision_forecast,3.851032713636599,8.820432466927757,4.9693997532911585,6.3971798937159,12.194269244675418,5.797089350959518,True,42,,25,1,2828,10,2,0.05446837469935417,34.20800377490493,16.51099879344021,-17.697004981464723,35,5,43
decision_forecast,4.7483829667928745,8.713744912092157,3.965361945299282,7.311759493242706,12.510877848807468,5.199118355564762,True,42,,25,1,2828,15,3,0.043524544686079025,13.068143942703616,12.900830672902194,-0.16731326980142214,40,5,43
decision_forecast,3.3318563744455902,7.289322621064338,3.957466246618748,10.422675422433496,14.959812225280718,4.537136802847222,True,42,,25,1,2828,20,4,0.044807106256484985,9.595295714168342,21.368297763332876,11.773002049164534,45,5,43
decision_forecast,2.2200381813509145,7.914366892390545,5.69432871103963,11.876848343226165,19.056212912171464,7.179364568945299,True,42,,25,1,2828,25,5,0.050161074846982956,9.351361681386914,24.865383875188115,15.514022193801202,50,5,43
decision_forecast,1.1151547621491227,8.089898055756024,6.974743293606901,6.943876027208537,14.638259583126269,7.694383555917732,True,42,,0,0,3876,5,1,0.06408343464136124,5.2771293950830085,12.09606230090726,6.818932905824251,5,5,16
decision_forecast,0.13636270037405182,8.401806841438262,8.26544414106421,10.145388015936776,22.4494686209166,12.304080604979825,True,42,,0,0,3876,10,2,0.12330744415521622,7.347634044546439,15.719202024823321,8.371567980276883,10,5,16
decision_forecast,0.9568460046110036,5.765367482191681,4.808521477580677,11.045717341815779,24.612110904535488,13.566393562719709,True,42,,0,0,3876,15,3,0.09578430652618408,7.346276226482152,16.386840505328138,9.040564278845986,15,5,16
decision_forecast,1.017607367467437,4.363607758829963,3.3460003913625265,10.508853370693346,24.78073252737772,14.271879156684372,True,42,,0,0,3876,20,4,0.07914070039987564,11.942193941860769,19.332961898450943,7.3907679565901745,20,5,16
decision_forecast,3.2102620155816104,4.234189334436562,1.0239273188549514,8.737137415140358,21.905018509501186,13.167881094360828,True,42,,0,0,3876,25,5,0.04811476543545723,11.57916538926886,22.502719255947948,10.923553866679088,25,5,16
decision_forecast,5.063907054431371,4.637471023790795,-0.4264360306405761,5.625321202688165,6.971685553640921,1.3463643509527552,True,42,,25,1,3876,5,1,0.003955991938710213,10.538409753719302,16.235085638110238,5.696675884390936,30,5,16
decision_forecast,5.1197643414637355,3.5081129049075264,-1.6116514365562091,7.573284487075078,9.19022370146279,1.6169392143877115,True,42,,25,1,3876,10,2,0.0059583126567304134,9.483413494821583,18.227212375424422,8.743798880602839,35,5,16
decision_forecast,5.150199664405312,3.4475291269695134,-1.7026705374357984,6.166926970429833,9.922091652131462,3.755164681701629,True,42,,25,1,3876,15,3,0.007993440143764019,12.333618746505248,19.948337363302947,7.614718616797699,40,5,16
decision_forecast,3.650276462292172,2.0387343087626832,-1.6115421535294887,7.783941638421191,12.853000749511148,5.069059111089957,True,42,,25,1,3876,20,4,0.010865678079426289,14.641898277738346,23.19954694713045,8.557648669392105,45,5,16
decision_forecast,3.7601605456593368,0.8185619946749254,-2.9415985509844114,9.108007151650915,17.103662033778157,7.995654882127242,True,42,,25,1,3876,25,5,0.02411089651286602,12.494313278866757,21.15578389670132,8.661470617834562,50,5,16
decision_forecast,2.0367508348671564,8.733583222029191,6.6968323871620345,11.33750002292496,12.102733025277608,0.7652330023526481,True,42,,0,0,4981,5,1,0.010051766410470009,2.727850018165165,8.834793708902051,6.106943690736886,5,5,40
decision_forecast,1.1100685583066263,5.571220275078795,4.461151716772168,1.7197630603304384,9.647229130613905,7.927466070283467,True,42,,0,0,4981,10,2,0.021803326904773712,6.037356467160088,5.447666721844417,-0.5896897453156713,10,5,40
decision_forecast,0.05532342591657734,1.676099995203923,1.6207765692873457,4.798267472762604,7.474469511172757,2.6762020384101524,True,42,,0,0,4981,15,3,0.023915531113743782,16.632205481059543,14.111801048683018,-2.520404432376525,15,5,40
decision_forecast,0.45991651159145264,0.2554228605623228,-0.20449365102912986,4.180326474145929,5.796352717168352,1.6160262430224233,True,42,,0,0,4981,20,4,0.028118034824728966,27.993986958570694,18.964802104687955,-9.02918485388274,20,5,40
decision_forecast,2.0185110386750025,1.451061135151395,-0.5674499035236076,2.8248756031682833,11.772313675624625,8.947438072456341,True,42,,0,0,4981,25,5,0.033323463052511215,5.6234801402612336,10.149174860559423,4.52569472029819,25,5,40
decision_forecast,2.8066875481377935,0.18758542172575615,-2.6191021264120375,10.920207293107126,4.013251114017331,-6.906956179089795,True,42,,25,1,4981,5,1,0.09008117765188217,43.559753460372015,21.184823038098497,-22.37493042227352,30,5,40
decision_forecast,0.030846240652303528,3.0529863823295056,3.0221401416772022,5.187039441068856,6.656928441545381,1.4698890004765257,True,42,,25,1,4981,10,2,0.026072651147842407,21.10337244291342,10.622047170864638,-10.481325272048784,35,5,40
decision_forecast,0.12034682681509873,4.0326267546060945,3.912279927790996,5.46531458692868,7.347395043014351,1.8820804560856708,True,42,,25,1,4981,15,3,0.03666628897190094,16.056209339683214,0.3944277051075692,-15.661781634575645,40,5,40
decision_forecast,0.254985728455442,4.920032252330831,4.665046523875389,4.365912129699523,7.50120275953335,3.1352906298338272,True,42,,25,1,4981,20,4,0.0501972995698452,17.91099744818635,2.480444194400773,-15.430553253785577,45,5,40
decision_forecast,3.509374374689701,19.843280001154955,16.333905626465253,10.18151282110406,21.910423229421337,11.728910408317276,True,42,,25,1,4981,25,5,0.21160846948623657,16.87296607586819,10.161617738769305,-6.711348337098887,50,5,40
decision_forecast,0.22547451822915035,0.982649342162705,0.7571748239335547,5.300642565989334,4.833417115963312,-0.46722545002602267,True,42,,0,0,5172,5,1,0.0046196747571229935,18.57461941156965,15.465613712013226,-3.1090056995564233,5,5,24
decision_forecast,0.002455181449893992,1.1100187098051029,1.1075635283552088,3.8749990491182715,4.724079644598043,0.8490805954797715,True,42,,0,0,5172,10,2,0.0070951636880636215,13.572768993286916,7.892329157489567,-5.6804398357973485,10,5,24
decision_forecast,0.16548312662537917,2.574870730653777,2.4093876040283977,3.966648761813894,3.42155219523283,-0.5450965665810639,True,42,,0,0,5172,15,3,0.004925970453768969,7.909712564095962,4.866290909699895,-3.0434216543960666,15,5,24
decision_forecast,1.5585034875444932,0.24753513279027833,-1.3109683547542148,8.136345469221082,10.002226098554523,1.8658806293334411,True,42,,0,0,5172,20,4,0.03874136507511139,7.695505250727708,12.331594254420333,4.636089003692625,20,5,24
decision_forecast,1.151522520354463,0.812730601914484,-0.338791918439979,2.4630498358220025,12.007907080502305,9.544857244680301,True,42,,0,0,5172,25,5,0.045940663665533066,6.590478312119878,10.720392008119154,4.129913695999276,25,5,24
decision_forecast,3.445001737637797,3.249412440565312,-0.19558929707248485,2.2784539449071386,2.768778163413679,0.4903242185065406,True,42,,25,1,5172,5,1,0.011489607393741608,5.411566262941741,7.933154704226453,2.5215884412847123,30,5,24
decision_forecast,4.241538398644685,6.622269135744329,2.3807307370996442,0.6416889870036336,9.27474026044278,8.633051273439147,True,42,,25,1,5172,10,2,0.019662052392959595,8.676562156465701,8.141930250843007,-0.5346319056226942,35,5,24
decision_forecast,3.850441766769754,8.202447060605119,4.352005293835365,1.733490478884187,12.247175092850286,10.513684613966099,True,42,,25,1,5172,15,3,0.017043475061655045,10.621279394176804,8.843827299270771,-1.7774520949060335,40,5,24
decision_forecast,3.9277048666609384,8.945298434735706,5.017593568074767,3.1781191536829194,14.285357264668582,11.107238110985662,True,42,,25,1,5172,20,4,0.029062561690807343,7.9985576723160605,8.372226439528012,0.3736687672119512,45,5,24
decision_forecast,1.1524096079633974,11.280897128175306,10.128487520211909,3.7816165623792326,8.944847283106132,5.163230720726899,True,42,,25,1,5172,25,5,0.019347017630934715,4.477921216369787,10.815483419098003,6.337562202728216,50,5,24
executed_action_flow,2.6666850484257347,0.2669631623647822,-2.3997218860609526,3.118853146720191,5.02306709290271,1.9042139461825185,True,,,0,0,2828,5,1,0.006157655734568834,8.074843990645675,3.3243547166446747,-4.7504892740010005,5,5,43
executed_action_flow,0.21589865306497263,2.4324589632741906,2.216560310209218,0.9483392599023825,0.7251247819851155,-0.223214477917267,True,,,0,0,2828,10,2,0.012278472073376179,4.996454690772379,3.2122895362031465,-1.7841651545692323,10,5,43
executed_action_flow,0.39825181444123364,5.580404011367688,5.182152196926454,4.640892044635123,5.225642053398245,0.5847500087631214,True,,,0,0,2828,15,3,0.021464824676513672,5.724872014071768,6.883107165940301,1.1582351518685332,15,5,43
executed_action_flow,0.7039613015207267,6.705947004486027,6.0019857029653,6.356236460040021,6.784734675850943,0.4284982158109214,True,,,0,0,2828,20,4,0.06260104477405548,6.899967913020197,7.39285895843328,0.4928910454130824,20,5,43
executed_action_flow,0.31067245925219006,10.888559106094258,10.577886646842067,10.48209254677899,10.815430830101915,0.3333382833229255,True,,,0,0,2828,25,5,0.1556519716978073,4.764651873306729,22.106439963353754,17.341788090047025,25,5,43
executed_action_flow,4.471432456327197,6.962375125874168,2.4909426695469703,7.873521068814236,11.90647569724768,4.032954628433444,True,,,25,1,2828,5,1,0.03426317498087883,20.291919363187144,9.61989292500995,-10.672026438177195,30,5,43
executed_action_flow,3.851032713636599,8.820432466927757,4.9693997532911585,6.3971798937159,12.194269244675418,5.797089350959518,True,,,25,1,2828,10,2,0.05446837469935417,34.20800377490493,16.51102641665999,-17.69697735824494,35,5,43
executed_action_flow,4.7483829667928745,8.713744912092157,3.965361945299282,7.311759493242706,12.510872750382152,5.199113257139446,True,,,25,1,2828,15,3,0.04352453723549843,13.068143942703616,12.900830672902194,-0.16731326980142214,40,5,43
executed_action_flow,3.3318563744455902,7.289322621064338,3.957466246618748,10.422675422433496,14.959814163083353,4.537138740649857,True,,,25,1,2828,20,4,0.04480709135532379,9.595295714168342,21.368289449745067,11.772993735576724,45,5,43
executed_action_flow,2.2200381813509145,7.914366892390545,5.69432871103963,11.876848343226165,19.056223552028488,7.179375208802323,True,,,25,1,2828,25,5,0.05016106367111206,9.351361681386914,24.865379825693065,15.514018144306151,50,5,43
executed_action_flow,1.1151547621491227,8.089898055756024,6.974743293606901,6.943876027208537,14.638267456785282,7.694391429576745,True,,,0,0,3876,5,1,0.06408344209194183,5.2771293950830085,12.096077540793472,6.818948145710463,5,5,16
executed_action_flow,0.13636270037405182,8.401806841438262,8.26544414106421,10.145388015936776,22.4494686209166,12.304080604979825,True,,,0,0,3876,10,2,0.12330746650695801,7.347634044546439,15.719186888695637,8.371552844149198,10,5,16
executed_action_flow,0.9568460046110036,5.765367482191681,4.808521477580677,11.045717341815779,24.612110904535488,13.566393562719709,True,,,0,0,3876,15,3,0.09578431397676468,7.346276226482152,16.386837699623463,9.040561473141311,15,5,16
executed_action_flow,1.017607367467437,4.363594098451624,3.345986730984187,10.508853370693346,24.78073252737772,14.271879156684372,True,,,0,0,3876,20,4,0.07914072275161743,11.942193941860769,19.332958803102482,7.390764861241713,20,5,16
executed_action_flow,3.2102620155816104,4.234175674058222,1.0239136584766118,8.737137415140358,21.905050743847678,13.16791332870732,True,,,0,0,3876,25,5,0.04811475798487663,11.57916538926886,22.50273727004832,10.92357188077946,25,5,16
executed_action_flow,5.063907054431371,4.637471023790795,-0.4264360306405761,5.625321202688165,6.971685553640921,1.3463643509527552,True,,,25,1,3876,5,1,0.003955995198339224,10.538409753719302,16.235085638110238,5.696675884390936,30,5,16
executed_action_flow,5.1197643414637355,3.5080992445291863,-1.6116650969345492,7.573284487075078,9.190214345916655,1.6169298588415764,True,,,25,1,3876,10,2,0.005958310794085264,9.483413494821583,18.227210007125127,8.743796512303543,35,5,16
executed_action_flow,5.150199664405312,3.4475291269695134,-1.7026705374357984,6.166926970429833,9.922073574528063,3.755146604098231,True,,,25,1,3876,15,3,0.007993434555828571,12.333618746505248,19.948337363302947,7.614718616797699,40,5,16
executed_action_flow,3.650276462292172,2.0387343087626832,-1.6115421535294887,7.783941638421191,12.852987934827217,5.069046296406026,True,,,25,1,3876,20,4,0.010865668766200542,14.641898277738346,23.199546047268893,8.557647769530547,45,5,16
executed_action_flow,3.7601605456593368,0.8185619946749254,-2.9415985509844114,9.108007151650915,17.10365754668659,7.9956503950356765,True,,,25,1,3876,25,5,0.024110889062285423,12.494313278866757,21.155769064281497,8.66145578541474,50,5,16
executed_action_flow,2.0367508348671564,8.733583222029191,6.6968323871620345,11.33750002292496,12.102733025277608,0.7652330023526481,True,,,0,0,4981,5,1,0.010051760822534561,2.727850018165165,8.834778810653173,6.106928792488008,5,5,40
executed_action_flow,1.1100685583066263,5.571220275078795,4.461151716772168,1.7197630603304384,9.647243228126845,7.927480167796407,True,,,0,0,4981,10,2,0.021803313866257668,6.037356467160088,5.447681728852085,-0.5896747383080037,10,5,40
executed_action_flow,0.05532342591657734,1.676099995203923,1.6207765692873457,4.798267472762604,7.474463685589744,2.67619621282714,True,,,0,0,4981,15,3,0.023915523663163185,16.632205481059543,14.111823590290653,-2.52038189076889,15,5,40
executed_action_flow,0.45991651159145264,0.2554228605623228,-0.20449365102912986,4.180326474145929,5.7963636980257744,1.6160372238798457,True,,,0,0,4981,20,4,0.028118014335632324,27.993986958570694,18.964832011229966,-9.029154947340729,20,5,40
executed_action_flow,2.0185110386750025,1.451061135151395,-0.5674499035236076,2.8248756031682833,11.772311072221195,8.94743546905291,True,,,0,0,4981,25,5,0.033323440700769424,5.6234801402612336,10.149160277145779,4.525680136884545,25,5,40
executed_action_flow,2.8066875481377935,0.18758542172575615,-2.6191021264120375,10.920207293107126,4.013251114017331,-6.906956179089795,True,,,25,1,4981,5,1,0.09008116275072098,43.559753460372015,21.184813364520323,-22.37494009585169,30,5,40
executed_action_flow,0.030846240652303528,3.0529863823295056,3.0221401416772022,5.187039441068856,6.65694168499925,1.4699022439303944,True,,,25,1,4981,10,2,0.026072649285197258,21.10337244291342,10.622047410059038,-10.481325032854384,35,5,40
executed_action_flow,0.12034682681509873,4.0326267546060945,3.912279927790996,5.46531458692868,7.3473797510781145,1.8820651641494344,True,,,25,1,4981,15,3,0.036666277796030045,16.056209339683214,0.39442490368785216,-15.661784435995362,40,5,40
executed_action_flow,0.254985728455442,4.920032252330831,4.665046523875389,4.365912129699523,7.501198753652975,3.1352866239534523,True,,,25,1,4981,20,4,0.05019727721810341,17.91099744818635,2.480435923533533,-15.430561524652816,45,5,40
executed_action_flow,3.509374374689701,19.843280001154955,16.333905626465253,10.18151282110406,21.91042827964241,11.72891545853835,True,,,25,1,4981,25,5,0.2116084098815918,16.87296607586819,10.161556720480462,-6.71140935538773,50,5,40
executed_action_flow,0.22547451822915035,0.982649342162705,0.7571748239335547,5.300642565989334,4.833417115963312,-0.46722545002602267,True,,,0,0,5172,5,1,0.0046196747571229935,18.57461941156965,15.465613712013226,-3.1090056995564233,5,5,24
executed_action_flow,0.002455181449893992,1.1100187098051029,1.1075635283552088,3.8749990491182715,4.724079644598043,0.8490805954797715,True,,,0,0,5172,10,2,0.0070951636880636215,13.572768993286916,7.892329157489567,-5.6804398357973485,10,5,24
executed_action_flow,0.16548312662537917,2.574870730653777,2.4093876040283977,3.966648761813894,3.4215377254901664,-0.5451110363237275,True,,,0,0,5172,15,3,0.00492597371339798,7.909712564095962,4.8663144610028715,-3.0433981030930903,15,5,24
executed_action_flow,1.5585034875444932,0.24753513279027833,-1.3109683547542148,8.136345469221082,10.002226098554523,1.8658806293334411,True,,,0,0,5172,20,4,0.03874138370156288,7.695505250727708,12.331594254420333,4.636089003692625,20,5,24
executed_action_flow,1.151522520354463,0.812730601914484,-0.338791918439979,2.4630498358220025,12.007918959636756,9.544869123814752,True,,,0,0,5172,25,5,0.04594069719314575,6.590478312119878,10.720422108748242,4.129943796628364,25,5,24
executed_action_flow,3.445001737637797,3.249412440565312,-0.19558929707248485,2.2784539449071386,2.768778163413679,0.4903242185065406,True,,,25,1,5172,5,1,0.011489607393741608,5.411566262941741,7.933154704226453,2.5215884412847123,30,5,24
executed_action_flow,4.241538398644685,6.622296456501009,2.3807580578563243,0.6416889870036336,9.27474026044278,8.633051273439147,True,,,25,1,5172,10,2,0.019662050530314445,8.676562156465701,8.141904930473677,-0.5346572259920244,35,5,24
executed_action_flow,3.850441766769754,8.202447060605119,4.352005293835365,1.733490478884187,12.247180844676375,10.513690365792188,True,,,25,1,5172,15,3,0.017043478786945343,10.621279394176804,8.843812221848006,-1.777467172328798,40,5,24
executed_action_flow,3.9277048666609384,8.945325755492386,5.017620888831447,3.1781191536829194,14.285357264668582,11.107238110985662,True,,,25,1,5172,20,4,0.029062563553452492,7.9985576723160605,8.372226439528012,0.3736687672119512,45,5,24
executed_action_flow,1.1524096079633974,11.280897128175306,10.128487520211909,3.7816165623792326,8.944852976184523,5.16323641380529,True,,,25,1,5172,25,5,0.019347021356225014,4.477921216369787,10.815483419098003,6.337562202728216,50,5,24
decision_forecast,0.19598544804434587,0.5251083584851653,0.3291229104408195,6.681343655550406,3.541312253287563,-3.140031402262843,True,42,,0,0,1625,5,1,0.0022646323777735233,4.109313903529263,8.78204816440176,4.672734260872496,5,5,73
decision_forecast,0.05138351312600593,0.41181259562757877,0.36042908250157285,4.089521984866435,4.720838202531403,0.6313162176649678,True,42,,0,0,1625,10,2,0.004721935372799635,5.527638522764414,18.77209114292898,13.244452620164566,10,5,73
decision_forecast,0.2943060211466794,0.5575312664752158,0.26322524532853636,3.838881777160915,9.84697607846457,6.008094301303655,True,42,,0,0,1625,15,3,0.007047287654131651,3.4379133953609666,29.12013310519414,25.682219709833173,15,5,73
decision_forecast,0.6399409139060047,1.2343756924667995,0.5944347785607947,6.066347163125099,4.838660298783478,-1.2276868643416208,True,42,,0,0,1625,20,4,0.029395630583167076,12.419368828474923,21.129891936836497,8.710523108361574,20,5,73
decision_forecast,0.2111808070762044,0.16782638996780314,-0.043354417108401266,2.961408322940069,9.736334275087403,6.774925952147334,True,42,,0,0,1625,25,5,0.14356911182403564,4.053350659134571,14.314604727581944,10.261254068447373,25,5,73
decision_forecast,1.4687798304850948,0.5591284066336266,-0.9096514238514681,6.815765790793396,5.2191107220050785,-1.5966550687883174,True,42,,25,1,1625,5,1,0.016071459278464317,7.963927206320227,3.8448043296573378,-4.119122876662889,30,5,73
decision_forecast,0.4419289187884212,2.4336496468045743,1.991720728016153,4.789814782040987,4.254731073620675,-0.5350837084203119,True,42,,25,1,1625,10,2,0.03156720846891403,5.68366159475082,5.30113243811983,-0.38252915663098985,35,5,73
decision_forecast,0.615910912421571,1.5524664514137194,0.9365555389921484,4.76122793480416,2.5131436520199757,-2.2480842827841845,True,42,,25,1,1625,15,3,0.025175174698233604,6.2255630510728945,4.020523582263462,-2.2050394688094324,40,5,73
decision_forecast,0.5124233012121229,1.0270575646050735,0.5146342633929506,5.624623566493129,0.6566689090345834,-4.967954657458545,True,42,,25,1,1625,20,4,0.023892655968666077,6.024858911417652,7.20329940564616,1.178440494228508,45,5,73
decision_forecast,0.3575598291909558,1.3522539383982528,0.994694109207297,0.9230890542496268,4.8740540288362,3.950964974586573,True,42,,25,1,1625,25,5,0.07579744607210159,2.1346044859927353,7.859132350501434,5.7245278645086985,50,5,73
decision_forecast,0.45635769613661636,0.7079921104436412,0.2516344143070248,3.086193899127988,5.839146456407442,2.752952557279454,True,42,,0,0,11537,5,1,0.005746010225266218,7.462551822445187,7.604995536702907,0.14244371425771973,5,5,66
decision_forecast,0.9041380679334823,2.15916142226123,1.2550233543277478,0.4449811589876443,8.095224920086057,7.650243761098412,True,42,,0,0,11537,10,2,0.016920724883675575,5.425370207026557,8.62554912030281,3.200178913276254,10,5,66
decision_forecast,0.8325440250534086,2.1779751783300303,1.3454311532766217,0.5319437560688369,10.630564988634372,10.098621232565534,True,42,,0,0,11537,15,3,0.022785872220993042,6.162434188523144,12.772690046547428,6.610255858024284,15,5,66
decision_forecast,1.3374725896357713,2.5475840350761003,1.210111445440329,2.4649012110755453,11.43816067073932,8.973259459663774,True,42,,0,0,11537,20,4,0.030629165470600128,9.954605890909859,10.206491620783789,0.2518857298739299,20,5,66
decision_forecast,1.8957722523926135,2.922773156374071,1.0270009039814574,3.730653561706994,10.925614637461226,7.194961075754232,True,42,,0,0,11537,25,5,0.042240042239427567,22.64200720214542,11.230775805601455,-11.411231396543966,25,5,66
decision_forecast,1.1335265561137755,1.7844606594889159,0.6509341033751403,2.608080390148339,3.3266292936935122,0.7185489035451731,True,42,,25,1,11537,5,1,0.007676849141716957,13.990250327215108,23.06288412761291,9.072633800397803,30,5,66
decision_forecast,0.48328230184480664,1.270372811229566,0.7870905093847593,2.598018218416885,7.049641260789626,4.4516230423727405,True,42,,25,1,11537,10,2,0.01364895049482584,11.545784462449593,23.946649655569335,12.400865193119742,35,5,66
decision_forecast,0.5490331178899344,1.2166123922723957,0.6675792743824613,2.462971140910027,9.924527451229538,7.461556310319512,True,42,,25,1,11537,15,3,0.021909663453698158,18.73538780842398,21.06212242832907,2.326734619905089,40,5,66
decision_forecast,0.5673858361897587,1.7287570517128767,1.161371215523118,1.8606390246699718,12.642329445619227,10.781690420949255,True,42,,25,1,11537,20,4,0.02999020554125309,10.072951086717007,22.703939596742913,12.630988510025906,45,5,66
decision_forecast,1.7353959955861291,3.5071641417603616,1.7717681461742325,3.999433718503925,9.551219122717708,5.551785404213783,True,42,,25,1,11537,25,5,0.03327445685863495,22.918899022965565,23.442273110175318,0.5233740872097528,50,5,66
decision_forecast,1.4931633942504297,0.0433149803006187,-1.449848413949811,2.0489566205851286,1.3325172480250327,-0.7164393725600959,True,42,,0,0,14783,5,1,0.030713148415088654,2.1046228786686534,2.635635992192894,0.5310131135242404,5,5,32
decision_forecast,1.0636332879158379,0.5878825477311503,-0.47575074018468755,0.8853972328810059,2.510862629717934,1.6254653968369284,True,42,,0,0,14783,10,2,0.02997625805437565,6.590670894856552,2.700630670343189,-3.890040224513363,10,5,32
decision_forecast,0.27387558966018843,1.5284371624823412,1.2545615728221526,2.2855083661140427,5.144017864828253,2.8585094987142106,True,42,,0,0,14783,15,3,0.034285422414541245,2.7531716841048475,5.744650351057739,2.991478666952892,15,5,32
decision_forecast,0.3371128960907515,1.5511270509051236,1.2140141548143721,0.8248951903121142,3.3435976290561333,2.518702438744019,True,42,,0,0,14783,20,4,0.046898290514945984,4.47282718636896,7.357502931258678,2.8846757448897185,20,5,32
decision_forecast,0.671095486126035,1.9610135331867589,1.2899180470607239,2.151889360333408,1.2981986569943011,-0.853690703339107,True,42,,0,0,14783,25,5,0.07332393527030945,8.40293675565785,12.36148274626419,3.958545990606341,25,5,32
decision_forecast,0.9666233673975274,0.2452529382066307,-0.7213704291908967,4.9289390218378575,3.89514408940976,-1.0337949324280973,True,42,,25,1,14783,5,1,0.031087420880794525,19.96645666492416,36.43999076239262,16.47353409746846,30,5,32
decision_forecast,2.585026445948294,1.309194920314102,-1.2758315256341919,5.782042504211179,4.412149884983871,-1.3698926192273078,True,42,,25,1,14783,10,2,0.05386747047305107,120.08090950172259,98.72397220481582,-21.356937296906764,35,5,32
decision_forecast,1.5602931647712808,2.057100634430498,0.4968074696592173,3.3017593609972296,2.9598461093518296,-0.3419132516454,True,42,,25,1,14783,15,3,0.4120755195617676,367.09773380656065,169.05075760147423,-198.04697620508642,40,5,32
decision_forecast,1.5602931647712808,0.3618818333791834,-1.1984113313920974,3.3017593609972296,6.425486121340402,3.1237267603431724,True,42,,25,1,14783,20,4,0.4453109800815582,327.78215393938075,134.21264309708394,-193.5695108422968,45,5,32
decision_forecast,1.4178290790631547,0.8994791927617171,-0.5183498863014376,5.289287956518097,0.8291391270205928,-4.460148829497504,True,42,,25,1,14783,25,5,0.3133792579174042,41.617869278282306,123.50241996148122,81.88455068319891,50,5,32
decision_forecast,0.028267875499102403,0.26174878684880903,0.23348091134970664,1.8177794803393998,0.7212620703234099,-1.09651741001599,True,42,,0,0,15290,5,1,0.0033799409866333008,1.1179336755071947,5.992975518743296,4.875041843236101,5,5,38
decision_forecast,0.47270828479183213,0.007449458908903538,-0.4652588258829286,1.0969721117320177,2.415748328709978,1.3187762169779604,True,42,,0,0,15290,10,2,0.004853611811995506,2.058257473800349,4.520884393648243,2.4626269198478936,10,5,38
decision_forecast,1.0662859775543927,1.5992353932067327,0.53294941565234,0.7729000060588992,5.872469612512279,5.09956960645338,True,42,,0,0,15290,15,3,0.01406098622828722,1.8375975201392976,5.166515512904521,3.3289179927652235,15,5,38
decision_forecast,0.8915411374635935,3.8871187530657876,2.995577615602194,4.144484922331581,8.89056340147451,4.74607847914293,True,42,,0,0,15290,20,4,0.04954488202929497,8.63117572054256,10.029827922483644,1.3986522019410845,20,5,38
decision_forecast,0.03404131419934808,3.8540704943390995,3.8200291801397515,1.0248386429573524,12.603145872485598,11.578307229528246,True,42,,0,0,15290,25,5,0.059767186641693115,3.6316513538284316,7.8213161001648785,4.189664746336447,25,5,38
decision_forecast,0.2621436264940809,0.5427600162460717,0.2806163897519908,2.1048200505948502,1.6159762043308854,-0.4888438462639648,True,42,,25,1,15290,5,1,0.003279411466792226,1.165301630612564,7.14463849503813,5.979336864425566,30,5,38
decision_forecast,0.700387121911626,0.7858054676718055,0.08541834576017948,2.7696271632071885,3.5375969138519014,0.767969750644713,True,42,,25,1,15290,10,2,0.010350735858082771,2.652133777651665,16.91582179958571,14.263688021934046,35,5,38
decision_forecast,1.0048359739757744,1.3036909011096822,0.2988549271339078,3.504064400200409,3.609547204387746,0.10548280418733702,True,42,,25,1,15290,15,3,0.00896874163299799,5.820104170213905,17.604364438752693,11.784260268538787,40,5,38
decision_forecast,0.9035852497195054,0.6532314958818579,-0.25035375383764746,2.8044767595840328,2.6909304005852235,-0.11354635899880927,True,42,,25,1,15290,20,4,0.01454941462725401,4.3182455946801355,19.21706056317179,14.898814968491653,45,5,38
decision_forecast,0.847700641930461,2.559264085665616,1.7115634437351552,1.4118295353680426,6.010531076331998,4.598701540963956,True,42,,25,1,15290,25,5,0.06406361609697342,1.2919543371131237,24.965488427408,23.67353409029488,50,5,38
executed_action_flow,0.19598544804434587,0.5251083584851653,0.3291229104408195,6.681343655550406,3.541312253287563,-3.140031402262843,True,,,0,0,1625,5,1,0.0022646323777735233,4.109313903529263,8.78204816440176,4.672734260872496,5,5,73
executed_action_flow,0.05138351312600593,0.41181259562757877,0.36042908250157285,4.089521984866435,4.720838202531403,0.6313162176649678,True,,,0,0,1625,10,2,0.004721935372799635,5.527638522764414,18.77209114292898,13.244452620164566,10,5,73
executed_action_flow,0.2943060211466794,0.5575312664752158,0.26322524532853636,3.838881777160915,9.84697607846457,6.008094301303655,True,,,0,0,1625,15,3,0.007047287654131651,3.4379133953609666,29.12013310519414,25.682219709833173,15,5,73
executed_action_flow,0.6399409139060047,1.2343756924667995,0.5944347785607947,6.066347163125099,4.838660298783478,-1.2276868643416208,True,,,0,0,1625,20,4,0.029395630583167076,12.419368828474923,21.129891936836497,8.710523108361574,20,5,73
executed_action_flow,0.2111808070762044,0.16783322015697316,-0.04334758691923124,2.961408322940069,9.736313307586133,6.7749049846460645,True,,,0,0,1625,25,5,0.14356912672519684,4.053350659134571,14.314604727581944,10.261254068447373,25,5,73
executed_action_flow,1.4687798304850948,0.5591249915390416,-0.9096548389460531,6.815765790793396,5.2191107220050785,-1.5966550687883174,True,,,25,1,1625,5,1,0.01607145555317402,7.963927206320227,3.8448043296573378,-4.119122876662889,30,5,73
executed_action_flow,0.4419289187884212,2.4336530618991596,1.9917241431107384,4.789814782040987,4.25475297148505,-0.5350618105559377,True,,,25,1,1625,10,2,0.03156721964478493,5.68366159475082,5.30111766405504,-0.3825439306957801,35,5,73
executed_action_flow,0.615910912421571,1.5524664514137194,0.9365555389921484,4.76122793480416,2.5131436520199757,-2.2480842827841845,True,,,25,1,1625,15,3,0.025175174698233604,6.2255630510728945,4.020538673845461,-2.205024377227433,40,5,73
executed_action_flow,0.5124233012121229,1.0270541495104886,0.5146308482983657,5.624623566493129,0.6566415244238593,-4.967982042069269,True,,,25,1,1625,20,4,0.02389265038073063,6.024858911417652,7.203292163604004,1.1784332521863528,45,5,73
executed_action_flow,0.3575598291909558,1.3522505233036677,0.9946906941127118,0.9230890542496268,4.8740540288362,3.950964974586573,True,,,25,1,1625,25,5,0.07579740136861801,2.1346044859927353,7.859162357637633,5.7245578716448975,50,5,73
executed_action_flow,0.45635769613661636,0.7079921104436412,0.2516344143070248,3.086193899127988,5.839122559116576,2.752928659988588,True,,,0,0,11537,5,1,0.005746011156588793,7.462551822445187,7.604974328763459,0.14242250631827158,5,5,66
executed_action_flow,0.9041380679334823,2.15916142226123,1.2550233543277478,0.4449811589876443,8.095240175382676,7.650259016395031,True,,,0,0,11537,10,2,0.016920723021030426,5.425370207026557,8.62557961834399,3.2002094113174326,10,5,66
executed_action_flow,0.8325440250534086,2.1779751783300303,1.3454311532766217,0.5319437560688369,10.630564988634372,10.098621232565534,True,,,0,0,11537,15,3,0.022785862907767296,6.162434188523144,12.772697272038636,6.610263083515492,15,5,66
executed_action_flow,1.3374725896357713,2.5475840350761003,1.210111445440329,2.4649012110755453,11.438167411933945,8.973266200858399,True,,,0,0,11537,20,4,0.030629148706793785,9.954605890909859,10.206493015997536,0.2518871250876771,20,5,66
executed_action_flow,1.8957722523926135,2.9227765714686558,1.0270043190760423,3.730653561706994,10.925629854783281,7.194976293076287,True,,,0,0,11537,25,5,0.042240023612976074,22.64200720214542,11.230796644060698,-11.411210558084724,25,5,66
executed_action_flow,1.1335265561137755,1.7844674896780857,0.6509409335643102,2.608080390148339,3.3266292936935122,0.7185489035451731,True,,,25,1,11537,5,1,0.0076768468134105206,13.990250327215108,23.062862639464353,9.072612312249245,30,5,66
executed_action_flow,0.48328230184480664,1.2703762263241511,0.7870939244793445,2.598018218416885,7.049667873561655,4.45164965514477,True,,,25,1,11537,10,2,0.013648939318954945,11.545784462449593,23.946649655569335,12.400865193119742,35,5,66
executed_action_flow,0.5490331178899344,1.2166089771778106,0.6675758592878762,2.462971140910027,9.924536292649188,7.461565151739162,True,,,25,1,11537,15,3,0.02190965972840786,18.73538780842398,21.06215440251876,2.3267665940947815,40,5,66
executed_action_flow,0.5673858361897587,1.7287570517128767,1.161371215523118,1.8606390246699718,12.642329445619227,10.781690420949255,True,,,25,1,11537,20,4,0.029990190640091896,10.072951086717007,22.703969776225637,12.63101868950863,45,5,66
executed_action_flow,1.7353959955861291,3.5071641417603616,1.7717681461742325,3.999433718503925,9.551204092367287,5.551770373863363,True,,,25,1,11537,25,5,0.03327444568276405,22.918899022965565,23.442273110175318,0.5233740872097528,50,5,66
executed_action_flow,1.4931633942504297,0.0433149803006187,-1.449848413949811,2.0489566205851286,1.3325172480250327,-0.7164393725600959,True,,,0,0,14783,5,1,0.030713148415088654,2.1046228786686534,2.635635992192894,0.5310131135242404,5,5,32
executed_action_flow,1.0636332879158379,0.5878825477311503,-0.47575074018468755,0.8853972328810059,2.510862629717934,1.6254653968369284,True,,,0,0,14783,10,2,0.02997625805437565,6.590670894856552,2.700630670343189,-3.890040224513363,10,5,32
executed_action_flow,0.27387558966018843,1.5284371624823412,1.2545615728221526,2.2855083661140427,5.144017864828253,2.8585094987142106,True,,,0,0,14783,15,3,0.034285422414541245,2.7531716841048475,5.744650351057739,2.991478666952892,15,5,32
executed_action_flow,0.3371128960907515,1.5511338810942936,1.2140209850035422,0.8248951903121142,3.3435976290561333,2.518702438744019,True,,,0,0,14783,20,4,0.046898286789655685,4.47282718636896,7.357502931258678,2.8846757448897185,20,5,32
executed_action_flow,0.671095486126035,1.9610135331867589,1.2899180470607239,2.151889360333408,1.2981986569943011,-0.853690703339107,True,,,0,0,14783,25,5,0.07332393527030945,8.40293675565785,12.36148274626419,3.958545990606341,25,5,32
executed_action_flow,0.9666233673975274,0.2452563533012157,-0.7213670140963118,4.9289390218378575,3.89514408940976,-1.0337949324280973,True,,,25,1,14783,5,1,0.031087420880794525,19.96645666492416,36.43996027291573,16.473503607991567,30,5,32
executed_action_flow,2.585026445948294,1.309194920314102,-1.2758315256341919,5.782042504211179,4.412144611185213,-1.369897893025966,True,,,25,1,14783,10,2,0.053867463022470474,120.08090950172259,98.72392648135282,-21.356983020369768,35,5,32
executed_action_flow,1.5602931647712808,2.057100634430498,0.4968074696592173,3.3017593609972296,2.9598461093518296,-0.3419132516454,True,,,25,1,14783,15,3,0.4120755195617676,367.09773380656065,169.0507594021102,-198.04697440445045,40,5,32
executed_action_flow,1.5602931647712808,0.36187841828459844,-1.1984147464866823,3.3017593609972296,6.425486121340402,3.1237267603431724,True,,,25,1,14783,20,4,0.4453109800815582,327.78215393938075,134.21261776536662,-193.56953617401413,45,5,32
executed_action_flow,1.4178290790631547,0.899475777667132,-0.5183533013960226,5.289287956518097,0.8291692703765714,-4.460118686141525,True,,,25,1,14783,25,5,0.3133791983127594,41.617869278282306,123.50240406479027,81.88453478650797,50,5,32
executed_action_flow,0.028267875499102403,0.26174878684880903,0.23348091134970664,1.8177794803393998,0.721219258777754,-1.096560221561646,True,,,0,0,15290,5,1,0.0033799398224800825,1.1179336755071947,5.992975518743296,4.875041843236101,5,5,38
executed_action_flow,0.47270828479183213,0.007449458908903538,-0.4652588258829286,1.0969721117320177,2.415748328709978,1.3187762169779604,True,,,0,0,15290,10,2,0.004853606689721346,2.058257473800349,4.520884393648243,2.4626269198478936,10,5,38
executed_action_flow,1.0662859775543927,1.5992319781121476,0.5329460005577549,0.7729000060588992,5.872501713757429,5.09960170769853,True,,,0,0,15290,15,3,0.014060981571674347,1.8375975201392976,5.166545827368047,3.3289483072287496,15,5,38
executed_action_flow,0.8915411374635935,3.8871119228766178,2.9955707854130242,4.144484922331581,8.89056340147451,4.74607847914293,True,,,0,0,15290,20,4,0.049544841051101685,8.63117572054256,10.029827922483644,1.3986522019410845,20,5,38
executed_action_flow,0.03404131419934808,3.8540704943390995,3.8200291801397515,1.0248386429573524,12.603167818852043,11.578329175894691,True,,,0,0,15290,25,5,0.05976712703704834,3.6316513538284316,7.821299411419867,4.189648057591436,25,5,38
executed_action_flow,0.2621436264940809,0.5427531860569017,0.2806095595628208,2.1048200505948502,1.6159967023494841,-0.4888233482453661,True,,,25,1,15290,5,1,0.0032794103026390076,1.165301630612564,7.144652000442732,5.9793503698301675,30,5,38
executed_action_flow,0.700387121911626,0.7858054676718055,0.08541834576017948,2.7696271632071885,3.5375969138519014,0.767969750644713,True,,,25,1,15290,10,2,0.010350740514695644,2.652133777651665,16.915848748121604,14.26371497046994,35,5,38
executed_action_flow,1.0048359739757744,1.3036909011096822,0.2988549271339078,3.504064400200409,3.609547204387746,0.10548280418733702,True,,,25,1,15290,15,3,0.008968744426965714,5.820104170213905,17.604394247931843,11.784290077717937,40,5,38
executed_action_flow,0.9035852497195054,0.6532314958818579,-0.25035375383764746,2.8044767595840328,2.6909304005852235,-0.11354635899880927,True,,,25,1,15290,20,4,0.014549425803124905,4.3182455946801355,19.217087553955697,14.898841959275561,45,5,38
executed_action_flow,0.847700641930461,2.5592709158547864,1.7115702739243255,1.4118295353680426,6.01055960476478,4.598730069396738,True,,,25,1,15290,25,5,0.06406372040510178,1.2919543371131237,24.965574730664635,23.67362039355151,50,5,38
decision_forecast,0.1183362528027026,3.7689221000127775,3.650585847210075,2.9820457184371865,3.4504487649717355,0.468403046534549,True,42,,0,0,1251,5,1,0.011924952268600464,7.287435356605947,9.55664706630384,2.2692117096978937,5,5,32
decision_forecast,0.8165490279798413,7.617914799695138,6.801365771715297,6.614512170767548,8.49533569851325,1.8808235277457017,True,42,,0,0,1251,10,2,0.0196912232786417,12.882062515329796,16.810779041908113,3.9287165265783166,10,5,32
decision_forecast,0.8886618699548517,8.340720038484088,7.452058168529236,3.3844270443833704,4.860812135240219,1.4763850908568488,True,42,,0,0,1251,15,3,0.061642054468393326,4.36066708913181,10.960550511166733,6.599883422034924,15,5,32
decision_forecast,0.17470377708193421,7.9242203520173655,7.749516574935432,1.2148865120223327,9.25293025415922,8.038043742136889,True,42,,0,0,1251,20,4,0.0834551453590393,5.178131506865581,8.134103188814962,2.9559716819493804,20,5,32
decision_forecast,1.0537889364576059,6.985890131781003,5.932101195323398,5.406435842049678,10.96762023504145,5.5611843929917715,True,42,,0,0,1251,25,5,0.15431033074855804,2.636083006961442,6.284431582903372,3.6483485759419305,25,5,32
decision_forecast,1.604569988330335,0.49224636123707854,-1.1123236270932564,5.873009892238862,5.243622644494111,-0.6293872477447513,True,42,,25,1,1251,5,1,0.004992229398339987,10.113243981768052,11.63008017838351,1.5168361966154578,30,5,32
decision_forecast,1.3482090831176614,0.44565081071925156,-0.9025582723984098,5.866079990970964,3.4160897310400746,-2.4499902599308894,True,42,,25,1,1251,10,2,0.010157800279557705,18.508476930210257,17.716881119062368,-0.7915958111478893,35,5,32
decision_forecast,1.4061256721847846,0.49932243721721176,-0.9068032349675728,5.6514936200294,1.9073529338561581,-3.7441406861732416,True,42,,25,1,1251,15,3,0.01182829961180687,18.75053524468907,16.241743248069945,-2.5087919966191237,40,5,32
decision_forecast,1.482944809779918,0.65371886340535,-0.829225946374568,5.635873628048771,2.578496052393267,-3.0573775756555044,True,42,,25,1,1251,20,4,0.017962178215384483,19.23899968447535,17.828475910985794,-1.4105237734895546,45,5,32
decision_forecast,1.2363954713099679,2.082260257710413,0.8458647864004449,6.268942271745453,8.957871132426071,2.688928860680618,True,42,,25,1,1251,25,5,0.07189159840345383,7.965639696300236,11.153797115425128,3.1881574191248925,50,5,32
decision_forecast,2.4515178132051307,2.495654495621753,0.044136682416622275,5.739200202668861,1.6915494406089355,-4.047650762059925,True,42,,0,0,1766,5,1,0.004148079082369804,6.696737611183806,12.087648054664417,5.39091044348061,5,5,2
decision_forecast,2.561386313102661,3.2590901368194634,0.6977038237168025,3.908132401021326,1.3190258408065803,-2.589106560214746,True,42,,0,0,1766,10,2,0.007681707385927439,18.565541791856766,18.352150704615664,-0.2133910872411029,10,5,2
decision_forecast,2.6567835633501398,2.6849785842439524,0.02819502089381265,4.158436549256078,4.3678130762360805,0.20937652698000253,True,42,,0,0,1766,15,3,0.014015513472259045,6.9907600456972245,11.742717954514417,4.751957908817192,15,5,2
decision_forecast,1.6074233594377567,8.512730949942307,6.905307590504551,2.9552517702001024,13.349394731372351,10.39414296117225,True,42,,0,0,1766,20,4,0.05247015878558159,18.280294947504395,26.347538656856763,8.067243709352368,20,5,2
decision_forecast,0.3285356728923346,12.503388849575083,12.174853176682749,4.797691208559618,23.64173754590116,18.844046337341545,True,42,,0,0,1766,25,5,0.10343345254659653,6.406331453850023,26.188525706949193,19.78219425309917,25,5,2
decision_forecast,1.1058432736718276,2.685720670209137,1.5798773965373094,2.5039295651816147,7.1065920843797725,4.602662519198158,True,42,,25,1,1766,5,1,0.022609755396842957,21.36567001350457,24.30383960896385,2.938169595459282,30,5,2
decision_forecast,1.2654238134400053,2.045663643087242,0.7802398296472366,2.2515066150272056,6.988767394912677,4.737260779885471,True,42,,25,1,1766,10,2,0.01943943463265896,21.13560821208121,21.7317467928639,0.5961385807826893,35,5,2
decision_forecast,1.3192017307628596,4.105812621303168,2.7866108905403086,3.463881183568151,8.94645783913666,5.482576655568508,True,42,,25,1,1766,15,3,0.07730884104967117,138.9835203437914,55.59148739135288,-83.39203295243854,40,5,2
decision_forecast,2.165175300982299,7.150751934429873,4.9855766334475735,6.085995853377123,14.625029266247251,8.539033412870129,True,42,,25,1,1766,20,4,0.10545527935028076,74.48524907714433,27.75674744002589,-46.72850163711844,45,5,2
decision_forecast,0.778920107036511,11.0321708548297,10.253250747793189,5.919315449737442,22.88786462535351,16.96854917561607,True,42,,25,1,1766,25,5,0.1438162922859192,56.58551998113553,19.613144217165562,-36.97237576396997,50,5,2
decision_forecast,1.0045600373779338,1.5098574321754772,0.5052973947975434,6.790385455922326,5.676605955568577,-1.1137795003537496,True,42,,0,0,2579,5,1,0.005255980882793665,14.507604148949799,13.805172730331774,-0.7024314186180245,5,5,28
decision_forecast,0.36261044431821454,0.8642716768554346,0.5016612325372201,0.826734735457046,3.666015192780397,2.8392804573233508,True,42,,0,0,2579,10,2,0.0109066441655159,7.383228232692241,2.96269033757182,-4.420537895120422,10,5,28
decision_forecast,0.12667347155650946,4.146492515108304,4.019819043551794,6.122050144163175,7.56212771182246,1.4400775676592845,True,42,,0,0,2579,15,3,0.050126414746046066,7.275611292720559,5.747919852753071,-1.5276914399674881,15,5,28
decision_forecast,0.21167224117116443,2.788392729108556,2.5767204879373917,4.6176318120838244,5.444833064706105,0.827201252622281,True,42,,0,0,2579,20,4,0.09776026010513306,12.845727035198802,18.773710870999906,5.927983835801104,20,5,28
decision_forecast,0.18260726469079047,3.230712370497796,3.0481051058070054,8.13224567767126,4.580744935279025,-3.5515007423922356,True,42,,0,0,2579,25,5,0.11314106732606888,22.92882980816731,17.459510244436363,-5.469319563730949,25,5,28
decision_forecast,0.572395015973249,1.574415402431799,1.00202038645855,8.425298063795093,6.477502462098138,-1.9477956016969555,True,42,,25,1,2579,5,1,0.010531599633395672,20.141903769658505,15.192269459321942,-4.949634310336563,30,5,28
decision_forecast,0.3814297569688625,2.7988190187103794,2.417389261741517,8.353605194374772,3.9018841142217577,-4.451721080153014,True,42,,25,1,2579,10,2,0.02264932356774807,19.834086655730065,13.338767427015416,-6.495319228714649,35,5,28
decision_forecast,0.383833983556707,2.53121903721845,2.1473850536617434,8.359302753082881,3.153220518415399,-5.206082234667482,True,42,,25,1,2579,15,3,0.029398387297987938,20.340160698652987,14.269514287145102,-6.0706464115078855,40,5,28
decision_forecast,0.5020952939408928,3.165412346937889,2.6633170529969963,7.413603880339761,1.486658452281723,-5.926945428058039,True,42,,25,1,2579,20,4,0.043561000376939774,17.9076648143288,14.454751019324506,-3.452913795004294,45,5,28
decision_forecast,0.19586466186978524,3.396788420166656,3.200923758296871,8.199488149568147,2.5152296014474778,-5.684258548120669,True,42,,25,1,2579,25,5,0.041076768189668655,22.53306770525337,14.877405614321528,-7.655662090931841,50,5,28
decision_forecast,7.0282702247252455,6.038220644153557,-0.9900495805716885,3.1847103110208033,27.50278862483498,24.318078313814176,True,42,,0,0,12617,5,1,0.3330017626285553,332.8731595428946,95.09649884674899,-237.7766606961456,5,5,72
decision_forecast,9.968639341659054,9.110166525258492,-0.8584728164005622,24.8357054890297,21.583085972840873,-3.252619516188826,True,42,,0,0,12617,10,2,0.0182895977050066,64.85003815370737,75.11945788931904,10.269419735611663,10,5,72
decision_forecast,7.0282702247252455,7.5698769051505765,0.541606680425331,3.1847103110208033,26.280467328587786,23.09575701756698,True,42,,0,0,12617,15,3,0.3569701611995697,417.4312249321073,163.3323547880722,-254.0988701440351,15,5,72
decision_forecast,7.0282702247252455,8.751363027779382,1.7230928030541364,3.1847103110208033,24.093858707340377,20.909148396319573,True,42,,0,0,12617,20,4,0.3833020031452179,397.7726902238954,148.31535965674388,-249.4573305671515,20,5,72
decision_forecast,7.0282702247252455,11.173074899899103,4.144804675173857,3.1847103110208033,20.800470335654108,17.615760024633303,True,42,,0,0,12617,25,5,0.3951416015625,419.2411442594113,154.16523771245355,-265.07590654695775,25,5,72
decision_forecast,7.0282702247252455,8.224605178609659,1.1963349538844135,3.1847103110208033,8.239875112682016,5.055164801661213,True,42,,25,1,12617,5,1,0.013486283831298351,442.53575534979615,440.4519205205378,-2.0838348292583646,30,5,72
decision_forecast,7.0282702247252455,21.400504540427818,14.372234315702572,3.1847103110208033,5.568561413640888,2.3838511026200844,True,42,,25,1,12617,10,2,0.34339919686317444,603.0774180899541,452.0078758993987,-151.0695421905554,35,5,72
decision_forecast,7.0282702247252455,15.597753406503404,8.569483181778159,3.1847103110208033,10.200482228362237,7.015771917341434,True,42,,25,1,12617,15,3,0.45021748542785645,650.7393335954553,461.40642853470956,-189.3329050607457,40,5,72
decision_forecast,7.0282702247252455,11.292903738697808,4.264633513972562,3.1847103110208033,20.40978477294441,17.225074461923604,True,42,,25,1,12617,20,4,0.4531324803829193,753.7534196503383,507.61301993781285,-246.14039971252544,45,5,72
decision_forecast,7.0282702247252455,11.287466908118477,4.259196683393231,3.1847103110208033,19.294079458397466,16.10936914737666,True,42,,25,1,12617,25,5,0.4144383370876312,787.4173008344688,526.4288925469981,-260.98840828747075,50,5,72
executed_action_flow,0.1183362528027026,3.7689221000127775,3.650585847210075,2.9820457184371865,3.4504487649717355,0.468403046534549,True,,,0,0,1251,5,1,0.011924952268600464,7.287435356605947,9.55664706630384,2.2692117096978937,5,5,32
executed_action_flow,0.8165490279798413,7.617914799695138,6.801365771715297,6.614512170767548,8.49533569851325,1.8808235277457017,True,,,0,0,1251,10,2,0.0196912232786417,12.882062515329796,16.810779041908113,3.9287165265783166,10,5,32
executed_action_flow,0.8886618699548517,8.340720038484088,7.452058168529236,3.3844270443833704,4.860812135240219,1.4763850908568488,True,,,0,0,1251,15,3,0.061642054468393326,4.36066708913181,10.960550511166733,6.599883422034924,15,5,32
executed_action_flow,0.17470377708193421,7.924213521828196,7.749509744746262,1.2148865120223327,9.252935058495291,8.03804854647296,True,,,0,0,1251,20,4,0.0834551453590393,5.178131506865581,8.134103188814962,2.9559716819493804,20,5,32
executed_action_flow,1.0537889364576059,6.985886716686418,5.932097780228812,5.406435842049678,10.96762023504145,5.5611843929917715,True,,,0,0,1251,25,5,0.15431030094623566,2.636083006961442,6.284431582903372,3.6483485759419305,25,5,32
executed_action_flow,1.604569988330335,0.49225319142624857,-1.1123167969040866,5.873009892238862,5.2436275170778845,-0.6293823751609775,True,,,25,1,1251,5,1,0.0049922289326786995,10.113243981768052,11.63008017838351,1.5168361966154578,30,5,32
executed_action_flow,1.3482090831176614,0.44565422581383657,-0.9025548573038249,5.866079990970964,3.4160592187358456,-2.4500207722351184,True,,,25,1,1251,10,2,0.01015778910368681,18.508476930210257,17.716870199593007,-0.7916067306172501,35,5,32
executed_action_flow,1.4061256721847846,0.49932243721721176,-0.9068032349675728,5.6514936200294,1.9073226201887723,-3.7441709998406276,True,,,25,1,1251,15,3,0.011828288435935974,18.75053524468907,16.241732614425906,-2.508802630263162,40,5,32
executed_action_flow,1.482944809779918,0.653715448310765,-0.829229361469153,5.635873628048771,2.578496052393267,-3.0573775756555044,True,,,25,1,1251,20,4,0.01796215958893299,19.23899968447535,17.828475910985794,-1.4105237734895546,45,5,32
executed_action_flow,1.2363954713099679,2.0822670878995826,0.8458716165896147,6.268942271745453,8.957863224499185,2.6889209527537323,True,,,25,1,1251,25,5,0.07189152389764786,7.965639696300236,11.153777360094645,3.18813766379441,50,5,32
executed_action_flow,2.4515178132051307,2.495654495621753,0.044136682416622275,5.739200202668861,1.6915494406089355,-4.047650762059925,True,,,0,0,1766,5,1,0.004148079082369804,6.696737611183806,12.087648054664417,5.39091044348061,5,5,2
executed_action_flow,2.561386313102661,3.2590764764411233,0.6976901633384625,3.908132401021326,1.3190258408065803,-2.589106560214746,True,,,0,0,1766,10,2,0.007681708782911301,18.565541791856766,18.35215586634911,-0.21338592550765512,10,5,2
executed_action_flow,2.6567835633501398,2.6849785842439524,0.02819502089381265,4.158436549256078,4.367830434255162,0.20939388499908418,True,,,0,0,1766,15,3,0.014015511609613895,6.9907600456972245,11.742779463761021,4.752019418063797,15,5,2
executed_action_flow,1.6074233594377567,8.512730949942307,6.905307590504551,2.9552517702001024,13.349407490809705,10.394155720609604,True,,,0,0,1766,20,4,0.05247018113732338,18.280294947504395,26.347538656856763,8.067243709352368,20,5,2
executed_action_flow,0.3285356728923346,12.503402509953423,12.174866837061089,4.797691208559618,23.64173754590116,18.844046337341545,True,,,0,0,1766,25,5,0.10343348979949951,6.406331453850023,26.1885232289274,19.78219177507738,25,5,2
executed_action_flow,1.1058432736718276,2.685720670209137,1.5798773965373094,2.5039295651816147,7.106588940295555,4.60265937511394,True,,,25,1,1766,5,1,0.02260974980890751,21.36567001350457,24.30384649461092,2.9381764811063498,30,5,2
executed_action_flow,1.2654238134400053,2.045663643087242,0.7802398296472366,2.2515066150272056,6.988767394912677,4.737260779885471,True,,,25,1,1766,10,2,0.019439416006207466,21.13560821208121,21.731760886385022,0.5961526743038128,35,5,2
executed_action_flow,1.3192017307628596,4.105812621303168,2.7866108905403086,3.463881183568151,8.94645783913666,5.482576655568508,True,,,25,1,1766,15,3,0.07730882614850998,138.9835203437914,55.59148739135288,-83.39203295243854,40,5,2
executed_action_flow,2.165175300982299,7.150751934429873,4.9855766334475735,6.085995853377123,14.625029266247251,8.539033412870129,True,,,25,1,1766,20,4,0.10545524954795837,74.48524907714433,27.7567424348442,-46.72850664230013,45,5,2
executed_action_flow,0.778920107036511,11.032184515208039,10.253264408171528,5.919315449737442,22.88786462535351,16.96854917561607,True,,,25,1,1766,25,5,0.1438162922859192,56.58551998113553,19.613144217165562,-36.97237576396997,50,5,2
executed_action_flow,1.0045600373779338,1.5098574321754772,0.5052973947975434,6.790385455922326,5.676605955568577,-1.1137795003537496,True,,,0,0,2579,5,1,0.005255980417132378,14.507604148949799,13.805172730331774,-0.7024314186180245,5,5,28
executed_action_flow,0.36261044431821454,0.8642742381763734,0.5016637938581588,0.826734735457046,3.666015192780397,2.8392804573233508,True,,,0,0,2579,10,2,0.010906651616096497,7.383228232692241,2.962713543938034,-4.420514688754207,10,5,28
executed_action_flow,0.12667347155650946,4.146492515108304,4.019819043551794,6.122050144163175,7.5620981842081685,1.440048040044993,True,,,0,0,2579,15,3,0.050126414746046066,7.275611292720559,5.7478944453483205,-1.527716847372239,15,5,28
executed_action_flow,0.21167224117116443,2.788396144203141,2.5767239030319766,4.6176318120838244,5.444833064706105,0.827201252622281,True,,,0,0,2579,20,4,0.09776031225919724,12.845727035198802,18.773710870999906,5.927983835801104,20,5,28
executed_action_flow,0.18260726469079047,3.230715785592381,3.0481085209015903,8.13224567767126,4.580728756090385,-3.551516921580876,True,,,0,0,2579,25,5,0.11314111948013306,22.92882980816731,17.459510244436363,-5.469319563730949,25,5,28
executed_action_flow,0.572395015973249,1.5744051571480437,1.0020101411747948,8.425298063795093,6.477524044986892,-1.9477740188082011,True,,,25,1,2579,5,1,0.010531599633395672,20.141903769658505,15.192278292802651,-4.949625476855854,30,5,28
executed_action_flow,0.3814297569688625,2.7988190187103794,2.417389261741517,8.353605194374772,3.9018841142217577,-4.451721080153014,True,,,25,1,2579,10,2,0.02264932543039322,19.834086655730065,13.338797943879557,-6.495288711850508,35,5,28
executed_action_flow,0.383833983556707,2.531215622123865,2.147381638567158,8.359302753082881,3.153220518415399,-5.206082234667482,True,,,25,1,2579,15,3,0.029398387297987938,20.340160698652987,14.269542969354488,-6.070617729298499,40,5,28
executed_action_flow,0.5020952939408928,3.165415762032474,2.663320468091581,7.413603880339761,1.486658452281723,-5.926945428058039,True,,,25,1,2579,20,4,0.043561000376939774,17.9076648143288,14.454723429218685,-3.4529413851101154,45,5,28
executed_action_flow,0.19586466186978524,3.396788420166656,3.200923758296871,8.199488149568147,2.5152619062361694,-5.6842262433319775,True,,,25,1,2579,25,5,0.041076745837926865,22.53306770525337,14.877405614321528,-7.655662090931841,50,5,28
executed_action_flow,7.0282702247252455,6.038220644153557,-0.9900495805716885,3.1847103110208033,27.50278862483498,24.318078313814176,True,,,0,0,12617,5,1,0.3330017626285553,332.8731595428946,95.09649884674899,-237.7766606961456,5,5,72
executed_action_flow,9.968639341659054,9.110166525258492,-0.8584728164005622,24.8357054890297,21.583085972840873,-3.252619516188826,True,,,0,0,12617,10,2,0.0182895977050066,64.85003815370737,75.11945788931904,10.269419735611663,10,5,72
executed_action_flow,7.0282702247252455,7.5698769051505765,0.541606680425331,3.1847103110208033,26.280467328587786,23.09575701756698,True,,,0,0,12617,15,3,0.3569701611995697,417.4312249321073,163.33235109935373,-254.09887383275355,15,5,72
executed_action_flow,7.0282702247252455,8.751363027779382,1.7230928030541364,3.1847103110208033,24.093858707340377,20.909148396319573,True,,,0,0,12617,20,4,0.3833020031452179,397.7726902238954,148.31535730259455,-249.45733292130083,20,5,72
executed_action_flow,7.0282702247252455,11.173088560277444,4.144818335552198,3.1847103110208033,20.80045513804734,17.615744827026536,True,,,0,0,12617,25,5,0.3951416015625,419.2411442594113,154.1652615517068,-265.0758827077045,25,5,72
executed_action_flow,7.0282702247252455,8.224605178609659,1.1963349538844135,3.1847103110208033,8.23985998469535,5.055149673674547,True,,,25,1,12617,5,1,0.01348628755658865,442.53575534979615,440.45189503700954,-2.083860312786612,30,5,72
executed_action_flow,7.0282702247252455,21.400504540427818,14.372234315702572,3.1847103110208033,5.568561413640888,2.3838511026200844,True,,,25,1,12617,10,2,0.34339913725852966,603.0774180899541,452.00793078901694,-151.06948730093717,35,5,72
executed_action_flow,7.0282702247252455,15.597753406503404,8.569483181778159,3.1847103110208033,10.200503426277422,7.015793115256619,True,,,25,1,12617,15,3,0.4502173960208893,650.7393335954553,461.40642853470956,-189.3329050607457,40,5,72
executed_action_flow,7.0282702247252455,11.292903738697808,4.264633513972562,3.1847103110208033,20.409773623405783,17.22506331238498,True,,,25,1,12617,20,4,0.4531324803829193,753.7534196503383,507.61301640113646,-246.14040324920182,45,5,72
executed_action_flow,7.0282702247252455,11.287466908118477,4.259196683393231,3.1847103110208033,19.294079458397466,16.10936914737666,True,,,25,1,12617,25,5,0.41443827748298645,787.4173008344688,526.42891776848,-260.98838306598884,50,5,72
decision_forecast,2.9761264469475917,2.178701861348603,-0.7974245855989888,2.42744539706353,5.085642456057488,2.6581970589939576,True,42,,0,0,1768,5,1,0.018306652083992958,6.168410290935912,5.450860074319754,-0.717550216616158,5,5,31
decision_forecast,0.7239118030538242,0.2535508258608961,-0.4703609771929281,2.247626655873183,6.083055324930209,3.8354286690570256,True,42,,0,0,1768,10,2,0.03421727940440178,5.66981992776539,4.325788622715493,-1.3440313050498975,10,5,31
decision_forecast,2.6410945808410395,0.9159108445506909,-1.7251837362903486,4.236219303518293,4.985756369609858,0.7495370660915643,True,42,,0,0,1768,15,3,0.06166241690516472,4.651523478907209,6.503765692404131,1.8522422134969219,15,5,31
decision_forecast,1.137363702020984,2.3745829654161725,1.2372192633951886,6.501683779348825,8.213969777201083,1.7122859978522573,True,42,,0,0,1768,20,4,0.14230461418628693,10.375004187478467,8.398255489741304,-1.9767486977371629,20,5,31
decision_forecast,1.9146611162355498,1.1473468396270166,-0.7673142766085332,5.2472147212091595,14.669564576280903,9.422349855071744,True,42,,0,0,1768,25,5,0.3102567493915558,2.3492144697475474,11.653361998474812,9.304147528727265,25,5,31
decision_forecast,1.8270161288059463,0.7666975620531667,-1.0603185667527795,2.090811216767645,4.4652153147251346,2.3744040979574894,True,42,,25,1,1768,5,1,0.022312650457024574,6.992329444970423,7.128924727242974,0.1365952822725509,30,5,31
decision_forecast,1.328794809988536,0.07433095120718329,-1.2544638587813528,2.8608356874319316,2.9637246615357293,0.10288897410379771,True,42,,25,1,1768,10,2,0.03081420622766018,6.0456915908224325,8.760575447829932,2.7148838570075,35,5,31
decision_forecast,1.7999549193143558,0.2865967351038005,-1.5133581842105552,1.6558436627357596,4.041314438879733,2.3854707761439737,True,42,,25,1,1768,15,3,0.045861463993787766,4.088314559234406,14.828419527455308,10.740104968220901,40,5,31
decision_forecast,1.9771983282761867,0.122952232779465,-1.8542460954967217,1.4985137035262537,2.6213384608991235,1.1228247573728698,True,42,,25,1,1768,20,4,0.053565334528684616,5.774154477895714,19.305565638771412,13.531411160875699,45,5,31
decision_forecast,0.9322834678311595,5.706107160098464,4.773823692267304,5.414821596287708,12.866769018986862,7.451947422699154,True,42,,25,1,1768,25,5,0.37760838866233826,14.73972488210387,23.4190460742215,8.679321192117632,50,5,31
decision_forecast,0.8519090046081804,0.584937400519892,-0.26697160408828846,3.002452012969405,6.173083029540323,3.170631016570918,True,42,,0,0,5689,5,1,0.002748314058408141,7.386679044874467,5.344244742287194,-2.0424343025872727,5,5,59
decision_forecast,0.6883532947430551,0.789583528431814,0.10123023368875894,2.790840419885331,8.58973224425975,5.798891824374419,True,42,,0,0,5689,10,2,0.008583202958106995,3.135344560782795,3.425530119564934,0.2901855587821389,10,5,59
decision_forecast,0.3618464504052753,3.796635678581533,3.4347892281762578,4.801507161851133,9.193119648639966,4.391612486788833,True,42,,0,0,5689,15,3,0.2882626950740814,4.355180921283197,4.4451674442548965,0.0899865229716994,15,5,59
decision_forecast,0.39419081121987065,3.930008782504372,3.5358179712845015,3.846020018696488,14.26559200951677,10.41957199082028,True,42,,0,0,5689,20,4,0.3991945683956146,2.3699838074146826,8.715503692997366,6.345519885582684,20,5,59
decision_forecast,0.4302200590916879,3.534882339019134,3.1046622799274464,4.659144346475623,13.387898041742956,8.728753695267333,True,42,,0,0,5689,25,5,0.5380997061729431,3.364154993241989,14.958820915152668,11.594665921910678,25,5,59
decision_forecast,0.555075917119521,0.5587983702171779,0.0037224530976569525,5.460874453114115,7.074337377149856,1.6134629240357414,True,42,,25,1,5689,5,1,0.006992228329181671,6.209657932966111,10.005855919954538,3.7961979869884273,30,5,59
decision_forecast,0.9647370031585458,0.4322349648968417,-0.5325020382617041,7.43017552575389,6.132620874457364,-1.2975546512965268,True,42,,25,1,5689,10,2,0.012181776575744152,12.446082058795536,27.648872440735744,15.202790381940208,35,5,59
decision_forecast,0.6616200379825499,0.1331239056690583,-0.5284961323134916,6.635182236315066,6.913375719990597,0.27819348367553154,True,42,,25,1,5689,15,3,0.01955011673271656,1.600000983795951,16.43055814995206,14.830557166156108,40,5,59
decision_forecast,0.4488118340124626,2.0999518019532504,1.6511399679407877,5.105615820189548,4.857574018909347,-0.24804180128020104,True,42,,25,1,5689,20,4,0.0888679027557373,1.296688451890857,15.311710392432282,14.015021940541425,45,5,59
decision_forecast,0.5119296121325505,2.7741768503981343,2.2622472382655836,4.930206987409914,13.452441654590181,8.522234667180268,True,42,,25,1,5689,25,5,0.5409677624702454,6.547383957935768,15.352466234773454,8.805082276837686,50,5,59
decision_forecast,0.3247736870697053,2.364312770299335,2.03953908322963,6.8942278378694635,11.563873141893817,4.669645304024353,True,42,,0,0,12054,5,1,0.004674646537750959,17.517473199708242,21.446560723121895,3.929087523413653,5,5,94
decision_forecast,2.022034714682854,1.0545010535443295,-0.9675336611385243,7.8103510819034785,12.935606218966772,5.125255137063293,True,42,,0,0,12054,10,2,0.011030707508325577,20.04658812695592,14.325877614523247,-5.7207105124326745,10,5,94
decision_forecast,3.13431736064109,0.9353379573554851,-2.198979403285605,8.572461939291792,12.124674096185078,3.5522121568932867,True,42,,0,0,12054,15,3,0.01614045910537243,20.417199239775645,12.678048369994428,-7.739150869781216,15,5,94
decision_forecast,1.4101727084547715,0.8234731191290163,-0.5866995893257552,9.390575905300718,9.15715890695454,-0.23341699834617735,True,42,,0,0,12054,20,4,0.020257042720913887,19.811401774901597,4.33938985446593,-15.472011920435667,20,5,94
decision_forecast,0.8537035363954927,0.9230299564711222,0.0693264200756295,8.712451325255113,6.308982164556099,-2.4034691606990144,True,42,,0,0,12054,25,5,0.029106110334396362,22.103183515036118,3.6149686046651053,-18.488214910371013,25,5,94
decision_forecast,1.083556678273564,1.4772588264826367,0.3937021482090728,8.374724973231473,7.7455324017679335,-0.6291925714635394,True,42,,25,1,12054,5,1,0.003921071533113718,24.103955323262696,19.587263076553413,-4.516692246709283,30,5,94
decision_forecast,1.2597446221744109,3.488339725701191,2.2285951035267804,8.716376091634366,8.041612083649154,-0.6747640079852122,True,42,,25,1,12054,10,2,0.004757262300699949,16.55906810832349,10.012595692679364,-6.546472415644127,35,5,94
decision_forecast,1.9700159939640367,3.4418534582100846,1.4718374642460479,9.399662851724504,7.743175680757358,-1.6564871709671456,True,42,,25,1,12054,15,3,0.015890048816800117,19.564727956851517,1.1003198076272958,-18.46440814922422,40,5,94
decision_forecast,1.1819897486629856,1.2733640193794162,0.09137427071643067,8.508234495845947,5.940690402358268,-2.5675440934876796,True,42,,25,1,12054,20,4,0.023554494604468346,19.545542881254747,6.5240531395379575,-13.021489741716788,45,5,94
decision_forecast,1.0937027234514007,2.426723423006109,1.3330206995547085,9.126083609476849,4.390807725286132,-4.735275884190717,True,42,,25,1,12054,25,5,0.03005465306341648,20.65090398541003,8.083285801810923,-12.567618183599105,50,5,94
decision_forecast,0.10095702612195848,0.9526457571294059,0.8516887310074475,5.851263265572802,5.664644199952815,-0.1866190656199871,True,42,,0,0,13235,5,1,0.005988819524645805,8.827298915558313,16.024271893875163,7.19697297831685,5,5,68
decision_forecast,0.07910725096708768,1.5402486389728953,1.4611413880058077,7.336501486097272,8.760177842047524,1.4236763559502519,True,42,,0,0,13235,10,2,0.009681882336735725,10.037307258821818,15.459792267894235,5.4224850090724175,10,5,68
decision_forecast,0.6784426902573666,2.830025703344961,2.1515830130875946,7.221645247604264,9.573491488235407,2.3518462406311427,True,42,,0,0,13235,15,3,0.018285004422068596,8.384832165584356,11.495092557018705,3.1102603914343483,15,5,68
decision_forecast,1.0909383048019465,3.672357075189491,2.581418770387544,5.260604181386142,6.860424448623919,1.599820267237777,True,42,,0,0,13235,20,4,0.05328018590807915,4.6799511251098735,8.937727877390497,4.257776752280623,20,5,68
decision_forecast,0.5111555405450193,16.51042629390925,15.999270753364232,11.694333026348373,24.599430862699087,12.905097836350715,True,42,,0,0,13235,25,5,0.9602609276771545,11.72862121149995,24.732069949920074,13.003448738420124,25,5,68
decision_forecast,1.0991315657244793,0.028136515272765148,-1.0709950504517143,9.585929350578969,10.059381948717807,0.473452598138838,True,42,,25,1,13235,5,1,0.013820144347846508,25.623416737510176,35.85019246495478,10.226775727444604,30,5,68
decision_forecast,2.078177711543277,0.6485525239152007,-1.4296251876280763,7.688581506721176,9.604364677769645,1.915783171048469,True,42,,25,1,13235,10,2,0.039826009422540665,57.91229132512331,64.04461697403502,6.13232564891171,35,5,68
decision_forecast,1.9201886058517121,0.03907766880203783,-1.8811109370496744,6.915000146269804,8.403926937943204,1.4889267916734,True,42,,25,1,13235,15,3,0.05715368688106537,61.7167072054454,67.23742726998003,5.520720064534629,40,5,68
decision_forecast,0.4525978117221198,1.2683451892907553,0.8157473775686355,8.503183539668541,4.718469690472481,-3.78471384919606,True,42,,25,1,13235,20,4,0.18534503877162933,10.6085754245331,57.83257007756675,47.22399465303365,45,5,68
decision_forecast,0.20197085031767192,8.504618133764737,8.302647283447065,10.456229037885528,12.635552283729904,2.179323245844376,True,42,,25,1,13235,25,5,0.39638015627861023,6.090698644255522,24.43093367988214,18.34023503562662,50,5,68
executed_action_flow,2.9761264469475917,2.178701861348603,-0.7974245855989888,2.42744539706353,5.085642456057488,2.6581970589939576,True,,,0,0,1768,5,1,0.018306652083992958,6.168410290935912,5.450860074319754,-0.717550216616158,5,5,31
executed_action_flow,0.7239118030538242,0.2535439956717261,-0.4703678073820981,2.247626655873183,6.083055324930209,3.8354286690570256,True,,,0,0,1768,10,2,0.034217286854982376,5.66981992776539,4.325788622715493,-1.3440313050498975,10,5,31
executed_action_flow,2.6410945808410395,0.9159108445506909,-1.7251837362903486,4.236219303518293,4.985756369609858,0.7495370660915643,True,,,0,0,1768,15,3,0.06166240945458412,4.651523478907209,6.503765692404131,1.8522422134969219,15,5,31
executed_action_flow,1.137363702020984,2.3745829654161725,1.2372192633951886,6.501683779348825,8.213999063584328,1.712315284235503,True,,,0,0,1768,20,4,0.14230459928512573,10.375004187478467,8.39826712190884,-1.976737065569628,20,5,31
executed_action_flow,1.9146611162355498,1.1473468396270166,-0.7673142766085332,5.2472147212091595,14.669564576280903,9.422349855071744,True,,,0,0,1768,25,5,0.3102567195892334,2.3492144697475474,11.653361998474812,9.304147528727265,25,5,31
executed_action_flow,1.8270161288059463,0.7666975620531667,-1.0603185667527795,2.090811216767645,4.4652153147251346,2.3744040979574894,True,,,25,1,1768,5,1,0.022312650457024574,6.992329444970423,7.128924727242974,0.1365952822725509,30,5,31
executed_action_flow,1.328794809988536,0.0743377813963533,-1.2544570285921828,2.8608356874319316,2.9637379357354057,0.10290224830347405,True,,,25,1,1768,10,2,0.030814209952950478,6.0456915908224325,8.760575447829932,2.7148838570075,35,5,31
executed_action_flow,1.7999549193143558,0.2865967351038005,-1.5133581842105552,1.6558436627357596,4.041288827139159,2.385445164403399,True,,,25,1,1768,15,3,0.045861463993787766,4.088314559234406,14.828428115640111,10.740113556405706,40,5,31
executed_action_flow,1.9771983282761867,0.122952232779465,-1.8542460954967217,1.4985137035262537,2.621348240867737,1.1228345373414834,True,,,25,1,1768,20,4,0.053565334528684616,5.774154477895714,19.305587897688472,13.531433419792759,45,5,31
executed_action_flow,0.9322834678311595,5.706107160098464,4.773823692267304,5.414821596287708,12.86673867883782,7.4519170825501115,True,,,25,1,1768,25,5,0.37760838866233826,14.73972488210387,23.41906402237457,8.6793391402707,50,5,31
executed_action_flow,0.8519090046081804,0.584937400519892,-0.26697160408828846,3.002452012969405,6.173083029540323,3.170631016570918,True,,,0,0,5689,5,1,0.002748314058408141,7.386679044874467,5.344244742287194,-2.0424343025872727,5,5,59
executed_action_flow,0.6883532947430551,0.789583528431814,0.10123023368875894,2.790840419885331,8.58973224425975,5.798891824374419,True,,,0,0,5689,10,2,0.008583202958106995,3.135344560782795,3.425530119564934,0.2901855587821389,10,5,59
executed_action_flow,0.3618464504052753,3.796635678581533,3.4347892281762578,4.801507161851133,9.193119648639966,4.391612486788833,True,,,0,0,5689,15,3,0.2882626950740814,4.355180921283197,4.4451674442548965,0.0899865229716994,15,5,59
executed_action_flow,0.39419081121987065,3.930008782504372,3.5358179712845015,3.846020018696488,14.26559200951677,10.41957199082028,True,,,0,0,5689,20,4,0.3991945683956146,2.3699838074146826,8.715503692997366,6.345519885582684,20,5,59
executed_action_flow,0.4302200590916879,3.5348891692083044,3.1046691101166166,4.659144346475623,13.387909398240625,8.728765051765002,True,,,0,0,5689,25,5,0.5380997061729431,3.364154993241989,14.958820915152668,11.594665921910678,25,5,59
executed_action_flow,0.555075917119521,0.5587983702171779,0.0037224530976569525,5.460874453114115,7.074322936309434,1.6134484831953193,True,,,25,1,5689,5,1,0.006992228329181671,6.209657932966111,10.005848729883835,3.796190796917725,30,5,59
executed_action_flow,0.9647370031585458,0.4322349648968417,-0.5325020382617041,7.43017552575389,6.132620874457364,-1.2975546512965268,True,,,25,1,5689,10,2,0.0121817821636796,12.446082058795536,27.64887966897364,15.202797610178102,35,5,59
executed_action_flow,0.6616200379825499,0.13312049057447328,-0.5284995474080766,6.635182236315066,6.913383990889245,0.2782017545741793,True,,,25,1,5689,15,3,0.019550126045942307,1.600000983795951,16.43053690404017,14.83053592024422,40,5,59
executed_action_flow,0.4488118340124626,2.0999483868586655,1.6511365528462028,5.105615820189548,4.857574018909347,-0.24804180128020104,True,,,25,1,5689,20,4,0.08886787295341492,1.296688451890857,15.311695600105528,14.015007148214671,45,5,59
executed_action_flow,0.5119296121325505,2.7741768503981343,2.2622472382655836,4.930206987409914,13.452412293757918,8.522205306348004,True,,,25,1,5689,25,5,0.5409674644470215,6.547383957935768,15.352466234773454,8.805082276837686,50,5,59
executed_action_flow,0.3247736870697053,2.364312770299335,2.03953908322963,6.8942278378694635,11.563873141893817,4.669645304024353,True,,,0,0,12054,5,1,0.004674646072089672,17.517473199708242,21.446548653678025,3.9290754539697836,5,5,94
executed_action_flow,2.022034714682854,1.0544873931659895,-0.9675473215168644,7.8103510819034785,12.935572105702175,5.125221023798696,True,,,0,0,12054,10,2,0.01103071216493845,20.04658812695592,14.325883233808476,-5.720704893147445,10,5,94
executed_action_flow,3.13431736064109,0.9353242969771451,-2.198993063663945,8.572461939291792,12.12471199259538,3.552250053303588,True,,,0,0,12054,15,3,0.016140470281243324,20.417199239775645,12.678048369994428,-7.739150869781216,15,5,94
executed_action_flow,1.4101727084547715,0.8234731191290163,-0.5866995893257552,9.390575905300718,9.157169158117515,-0.23340674718320287,True,,,0,0,12054,20,4,0.02025706321001053,19.811401774901597,4.339427962886448,-15.47197381201515,20,5,94
executed_action_flow,0.8537035363954927,0.9230299564711222,0.0693264200756295,8.712451325255113,6.3089652472534885,-2.4034860780016247,True,,,0,0,12054,25,5,0.029106130823493004,22.103183515036118,3.6149478613114954,-18.488235653724622,25,5,94
executed_action_flow,1.083556678273564,1.4772724868609768,0.39371580858741284,8.374724973231473,7.7455324017679335,-0.6291925714635394,True,,,25,1,12054,5,1,0.003921072464436293,24.103955323262696,19.587234212858572,-4.516721110404124,30,5,94
executed_action_flow,1.2597446221744109,3.488339725701191,2.2285951035267804,8.716376091634366,8.041612083649154,-0.6747640079852122,True,,,25,1,12054,10,2,0.004757260903716087,16.55906810832349,10.012569502796339,-6.546498605527152,35,5,94
executed_action_flow,1.9700159939640367,3.4418534582100846,1.4718374642460479,9.399662851724504,7.743204535660897,-1.6564583160636062,True,,,25,1,12054,15,3,0.015890056267380714,19.564727956851517,1.1003139254379963,-18.46441403141352,40,5,94
executed_action_flow,1.1819897486629856,1.2733640193794162,0.09137427071643067,8.508234495845947,5.940710427675956,-2.567524068169991,True,,,25,1,12054,20,4,0.023554513230919838,19.545542881254747,6.5240671559200365,-13.02147572533471,45,5,94
executed_action_flow,1.0937027234514007,2.426723423006109,1.3330206995547085,9.126083609476849,4.390823760161999,-4.73525984931485,True,,,25,1,12054,25,5,0.03005467914044857,20.65090398541003,8.083308530167391,-12.567595455242637,50,5,94
executed_action_flow,0.10095702612195848,0.9526457571294059,0.8516887310074475,5.851263265572802,5.664644199952815,-0.1866190656199871,True,,,0,0,13235,5,1,0.005988819524645805,8.827298915558313,16.024271893875163,7.19697297831685,5,5,68
executed_action_flow,0.07910725096708768,1.540250346520188,1.4611430955531004,7.336501486097272,8.760177842047524,1.4236763559502519,True,,,0,0,13235,10,2,0.009681880474090576,10.037307258821818,15.459792267894235,5.4224850090724175,10,5,68
executed_action_flow,0.6784426902573666,2.830023995797668,2.1515813055403017,7.221645247604264,9.573462319776274,2.35181707217201,True,,,0,0,13235,15,3,0.018285002559423447,8.384832165584356,11.495092557018705,3.1102603914343483,15,5,68
executed_action_flow,1.0909383048019465,3.672355367642198,2.5814170628402513,5.260604181386142,6.860424448623919,1.599820267237777,True,,,0,0,13235,20,4,0.05328017845749855,4.6799511251098735,8.937727877390497,4.257776752280623,20,5,68
executed_action_flow,0.5111555405450193,16.510429709003837,15.999274168458818,11.694333026348373,24.599430017082916,12.905096990734544,True,,,0,0,13235,25,5,0.960260808467865,11.72862121149995,24.732047133625937,13.003425922125986,25,5,68
executed_action_flow,1.0991315657244793,0.028136515272765148,-1.0709950504517143,9.585929350578969,10.059381948717807,0.473452598138838,True,,,25,1,13235,5,1,0.013820146210491657,25.623416737510176,35.850205954681186,10.22678921717101,30,5,68
executed_action_flow,2.078177711543277,0.6485542314624931,-1.4296234800807839,7.688581506721176,9.604389397479148,1.9158078907579714,True,,,25,1,13235,10,2,0.03982602432370186,57.91229132512331,64.0446268366,6.13233551147669,35,5,68
executed_action_flow,1.9201886058517121,0.03907254616016032,-1.8811160596915517,6.915000146269804,8.403920981439779,1.4889208351699743,True,,,25,1,13235,15,3,0.05715370550751686,61.7167072054454,67.23738180436067,5.520674598915264,40,5,68
executed_action_flow,0.4525978117221198,1.2683486043853405,0.8157507926632206,8.503183539668541,4.718505565496942,-3.784677974171599,True,,,25,1,13235,20,4,0.18534497916698456,10.6085754245331,57.83258258184889,47.22400715731579,45,5,68
executed_action_flow,0.20197085031767192,8.504618133764737,8.302647283447065,10.456229037885528,12.63557836306882,2.179349325183292,True,,,25,1,13235,25,5,0.396380215883255,6.090698644255522,24.43093046731336,18.340231823057838,50,5,68
decision_forecast,1.0846396050344045,0.2290354680852471,-0.8556041369491574,12.04953405104579,10.099592319308384,-1.9499417317374057,True,42,,0,0,3306,5,1,0.023434139788150787,9.951126908608737,11.187367792157362,1.236240883548625,5,5,40
decision_forecast,2.494471082756193,2.0843318834752673,-0.41013919928092557,11.549855092001316,6.228414504276851,-5.321440587724465,True,42,,0,0,3306,10,2,0.026520630344748497,12.769529579098162,21.199469219473208,8.429939640375046,10,5,40
decision_forecast,3.350375748028831,2.8845022051206013,-0.4658735429082297,11.576834796231717,3.9505146076723117,-7.626320188559405,True,42,,0,0,3306,15,3,0.028367720544338226,13.257066628782143,16.03993112522761,2.782864496445468,15,5,40
decision_forecast,3.2494528728527223,2.24104374379204,-1.0084091290606825,8.662295755034245,4.218104495376125,-4.44419125965812,True,42,,0,0,3306,20,4,0.03504179045557976,4.25046076769917,6.900559461602896,2.6500986939037254,20,5,40
decision_forecast,1.447630082472347,7.642819354041037,6.19518927156869,7.627375972036583,9.055224858673544,1.4278488866369612,True,42,,0,0,3306,25,5,0.04726578667759895,4.409698521475887,15.343998412135203,10.934299890659316,25,5,40
decision_forecast,7.633366372229739,4.871210551119903,-2.762155821109836,17.163047932957074,11.614830296938376,-5.548217636018698,True,42,,25,1,3306,5,1,0.015473919920623302,25.45002760771978,21.966575350658065,-3.483452257061714,30,5,40
decision_forecast,8.149154937592423,6.38549081086841,-1.763664126724013,16.556314667488557,10.609019359001215,-5.947295308487343,True,42,,25,1,3306,10,2,0.013527282513678074,19.401499691030928,16.85781697520476,-2.5436827158261686,35,5,40
decision_forecast,8.135303313955637,6.330903939021668,-1.8043993749339693,14.220327444091458,8.48486767911022,-5.735459764981238,True,42,,25,1,3306,15,3,0.012635785154998302,26.18432029711919,13.341096946608918,-12.843223350510272,40,5,40
decision_forecast,6.521193009298223,4.579069699940117,-1.9421233093581058,13.30789530751249,8.341985413435639,-4.965909894076852,True,42,,25,1,3306,20,4,0.012945958413183689,18.9702505575089,3.3162290265860683,-15.654021530922833,45,5,40
decision_forecast,3.688385711413775,1.0393232948796887,-2.649062416534086,12.815054245348726,9.403419808869575,-3.411634436479151,True,42,,25,1,3306,25,5,0.015874609351158142,10.406282796262392,3.3633302072380507,-7.042952589024342,50,5,40
decision_forecast,0.41955767533665694,0.9497852606047468,0.5302275852680898,4.286187095490576,2.294167679339999,-1.992019416150577,True,42,,0,0,8913,5,1,0.004261537920683622,9.042186612575124,8.124823716839902,-0.9173628957352218,5,5,54
decision_forecast,0.13517591905400603,1.5236953207096533,1.3885194016556472,5.116807506408772,2.5315878736230997,-2.5852196327856727,True,42,,0,0,8913,10,2,0.010368705727159977,16.72752673061909,12.551657062593625,-4.175869668025465,10,5,54
decision_forecast,0.45028057584280695,1.202686675002809,0.7524060991600019,6.913701076213238,5.837919112477008,-1.0757819637362305,True,42,,0,0,8913,15,3,0.009971827268600464,23.96493521405212,17.376130285651303,-6.588804928400815,15,5,54
decision_forecast,1.1981453088241831,0.005252770281456129,-1.192892538542727,6.141132258423478,4.886171802913144,-1.254960455510334,True,42,,0,0,8913,20,4,0.013276384212076664,17.40860109693289,15.610634193638047,-1.797966903294844,20,5,54
decision_forecast,0.127129956211731,1.085470383561635,0.9583404273499041,2.049043071453404,2.861775919945924,0.8127328484925203,True,42,,0,0,8913,25,5,0.02377302013337612,9.103437890379228,6.77342322755588,-2.3300146628233476,25,5,54
decision_forecast,1.3452675835462578,0.5434402314077632,-0.8018273521384945,5.724314482051136,10.259252370538954,4.534937888487819,True,42,,25,1,8913,5,1,0.037048932164907455,22.489557856530634,25.176408269177937,2.6868504126473027,30,5,54
decision_forecast,1.2212176878404861,1.0245963225838965,-0.19662136525658958,6.0655057837965485,14.524434065566213,8.458928281769666,True,42,,25,1,8913,10,2,0.043040234595537186,24.216846914032388,24.217759203795218,0.0009122897628301985,35,5,54
decision_forecast,1.2171298196222335,1.5388344350049865,0.32170461538275297,4.694523111097498,14.683533514338494,9.989010403240997,True,42,,25,1,8913,15,3,0.044140953570604324,14.530352174538255,17.615063149763103,3.084710975224848,40,5,54
decision_forecast,1.012746653993357,1.6375272534170857,0.6247805994237288,1.9615461449722693,10.23888610555225,8.277339960579981,True,42,,25,1,8913,20,4,0.05090111494064331,11.34582761789248,6.984373197716156,-4.361454420176324,45,5,54
decision_forecast,0.3717163249147353,1.6870700305617732,1.315353705647038,0.9244473087121262,9.380941903057803,8.456494594345676,True,42,,25,1,8913,25,5,0.044987648725509644,7.272807497676155,5.585541672244519,-1.687265825431636,50,5,54
decision_forecast,0.24637001749880236,2.2826235789034386,2.0362535614046364,0.8710332467924194,7.631814227036585,6.760780980244166,True,42,,0,0,10817,5,1,0.007616931106895208,7.02251511528084,15.194255085482428,8.171739970201589,5,5,98
decision_forecast,0.4284498082008822,3.252195701546419,2.823745893345537,0.5346335399292604,9.669980162968383,9.135346623039123,True,42,,0,0,10817,10,2,0.0922735333442688,1.641243720228887,15.574735732137512,13.933492011908625,10,5,98
decision_forecast,0.5947580843015227,1.783916765857948,1.1891586815564255,1.2417822504468972,9.016040599395936,7.774258348949038,True,42,,0,0,10817,15,3,0.08818940073251724,5.75072231873034,11.702488011136658,5.951765692406319,15,5,98
decision_forecast,0.6754431089668833,1.316899166263741,0.6414560572968577,1.4532709849060645,8.63085315793258,7.177582173026515,True,42,,0,0,10817,20,4,0.08113351464271545,6.531202027541118,6.784577761706357,0.25337573416523895,20,5,98
decision_forecast,0.6008130470007389,0.8972864946040078,0.2964734476032689,1.1163319339979743,9.141961541528856,8.025629607530881,True,42,,0,0,10817,25,5,0.08424129337072372,11.063047063901898,8.492686876147268,-2.5703601877546305,25,5,98
decision_forecast,0.5701659881948917,0.6632853722442605,0.09311938404936881,1.5255984498405526,1.9372495122221638,0.4116510623816112,True,42,,25,1,10817,5,1,0.0060440232045948505,7.211360929605525,11.795179084881774,4.583818155276249,30,5,98
decision_forecast,0.840798573678307,0.7736987952721017,-0.06709977840620529,2.0565441962415103,3.827076082759802,1.7705318865182917,True,42,,25,1,10817,10,2,0.011323206126689911,20.890276736108607,18.651910333767162,-2.2383664023414447,35,5,98
decision_forecast,1.0755111943166251,1.2534751882358923,0.1779639939192672,1.3708570487433223,6.059750102829703,4.688893054086381,True,42,,25,1,10817,15,3,0.0537056066095829,68.71027841852637,42.31691389875351,-26.39336451977286,40,5,98
decision_forecast,1.1634088987455193,1.3388901189014868,0.17548122015596745,1.8359459854337736,7.549238816314936,5.713292830881163,True,42,,25,1,10817,20,4,0.05317407846450806,55.23620813559213,41.26732502600185,-13.96888310959028,45,5,98
decision_forecast,0.7497897180824721,1.6627845195326616,0.9129948014501895,1.7668917960055803,7.775041115866983,6.008149319861403,True,42,,25,1,10817,25,5,0.054083749651908875,29.40570001180043,31.572316015712314,2.1666160039118836,50,5,98
decision_forecast,0.06455894803496053,0.558163058973442,0.49360411093848144,6.93415261140289,7.309555133279521,0.37540252187663103,True,42,,0,0,17449,5,1,0.006704937666654587,13.236156825158265,22.13101281690565,8.894855991747384,5,5,30
decision_forecast,0.011611321589021676,0.11911849912502237,0.1075071775360007,5.890567690882938,5.596789816018474,-0.29377787486446394,True,42,,0,0,17449,10,2,0.011163170449435711,11.478469221260804,22.801493734150323,11.32302451288952,10,5,30
decision_forecast,0.24894673486862476,0.5290664531091877,0.2801197182405629,6.479179102276663,6.570125805571511,0.09094670329484789,True,42,,0,0,17449,15,3,0.01853947341442108,17.12541153449578,26.085272528413963,8.959860993918184,15,5,30
decision_forecast,0.3704148190681315,2.3753212272769946,2.0049064082088632,6.838712490904063,11.4622427549719,4.623530264067837,True,42,,0,0,17449,20,4,0.04430720582604408,4.18768779605894,22.068652857808726,17.880965061749784,20,5,30
decision_forecast,2.5912997668947986,1.013479644017672,-1.5778201228771265,4.142457066913467,3.605832991039114,-0.5366240758743532,True,42,,0,0,17449,25,5,0.2600705623626709,14.999686713684909,29.481038956407595,14.481352242722686,25,5,30
decision_forecast,3.9806422063454323,2.7365369094059497,-1.2441052969394826,7.93621930339728,12.2383786296622,4.3021593262649205,True,42,,25,1,17449,5,1,0.009519005194306374,21.124620766375894,6.184165239896864,-14.940455526479031,30,5,30
decision_forecast,4.475038619227635,2.7663438549438855,-1.7086947642837496,12.398970893541154,10.971633692861783,-1.4273372006793714,True,42,,25,1,17449,10,2,0.010101312771439552,11.25131587264115,5.715096632779642,-5.536219239861508,35,5,30
decision_forecast,4.269012793103371,2.632772675535116,-1.6362401175682546,11.537090846083474,8.243514968435452,-3.2935758776480224,True,42,,25,1,17449,15,3,0.012684732675552368,11.103259157816431,5.9088487803966405,-5.194410377419791,40,5,30
decision_forecast,4.865780081265725,3.686944072034884,-1.178836009230841,8.945426565959938,5.939347996446744,-3.0060785695131935,True,42,,25,1,17449,20,4,0.02258380316197872,14.527251589656304,8.515692301386784,-6.01155928826952,45,5,30
decision_forecast,3.986488848274963,0.6584069640246146,-3.3280818842503486,8.059296375139402,5.487503292505434,-2.5717930826339677,True,42,,25,1,17449,25,5,0.029846200719475746,16.619254025386265,14.170040827490192,-2.449213197896073,50,5,30
executed_action_flow,1.0846396050344045,0.2290354680852471,-0.8556041369491574,12.04953405104579,10.099592319308384,-1.9499417317374057,True,,,0,0,3306,5,1,0.023434139788150787,9.951126908608737,11.187367792157362,1.236240883548625,5,5,40
executed_action_flow,2.494471082756193,2.0843318834752673,-0.41013919928092557,11.549855092001316,6.2284450153663435,-5.321410076634972,True,,,0,0,3306,10,2,0.026520634070038795,12.769529579098162,21.199469219473208,8.429939640375046,10,5,40
executed_action_flow,3.350375748028831,2.8845022051206013,-0.4658735429082297,11.576834796231717,3.9505146076723117,-7.626320188559405,True,,,0,0,3306,15,3,0.028367722406983376,13.257066628782143,16.039916769932688,2.7828501411505453,15,5,40
executed_action_flow,3.2494528728527223,2.24104374379204,-1.0084091290606825,8.662295755034245,4.218097367562269,-4.444198387471976,True,,,0,0,3306,20,4,0.03504177927970886,4.25046076769917,6.900583531281495,2.650122763582325,20,5,40
executed_action_flow,1.447630082472347,7.642819354041037,6.19518927156869,7.627375972036583,9.055194920175806,1.4278189481392234,True,,,0,0,3306,25,5,0.04726573824882507,4.409698521475887,15.343998412135203,10.934299890659316,25,5,40
executed_action_flow,7.633366372229739,4.871210551119903,-2.762155821109836,17.163047932957074,11.614854438527395,-5.548193494429679,True,,,25,1,3306,5,1,0.015473917126655579,25.45002760771978,21.96658145768932,-3.48344615003046,30,5,40
executed_action_flow,8.149154937592423,6.38549081086841,-1.763664126724013,16.556314667488557,10.609019359001215,-5.947295308487343,True,,,25,1,3306,10,2,0.013527278788387775,19.401499691030928,16.857792792796108,-2.54370689823482,35,5,40
executed_action_flow,8.135303313955637,6.330903939021668,-1.8043993749339693,14.220327444091458,8.484893926709681,-5.735433517381777,True,,,25,1,3306,15,3,0.012635785154998302,26.18432029711919,13.341072102007773,-12.843248195111416,40,5,40
executed_action_flow,6.521193009298223,4.579069699940117,-1.9421233093581058,13.30789530751249,8.341985413435639,-4.965909894076852,True,,,25,1,3306,20,4,0.012945957481861115,18.9702505575089,3.3162834353964508,-15.653967122112451,45,5,40
executed_action_flow,3.688385711413775,1.039324148653335,-2.6490615627604397,12.815054245348726,9.403428447652834,-3.4116257976958924,True,,,25,1,3306,25,5,0.015874605625867844,10.406282796262392,3.3633302072380507,-7.042952589024342,50,5,40
executed_action_flow,0.41955767533665694,0.9497852606047468,0.5302275852680898,4.286187095490576,2.294167679339999,-1.992019416150577,True,,,0,0,8913,5,1,0.004261537920683622,9.042186612575124,8.124823716839902,-0.9173628957352218,5,5,54
executed_action_flow,0.13517591905400603,1.523702150898823,1.388526231844817,5.116807506408772,2.5316143934302655,-2.585193112978507,True,,,0,0,8913,10,2,0.010368706658482552,16.72752673061909,12.551687579533827,-4.175839151085263,10,5,54
executed_action_flow,0.45028057584280695,1.202690090097394,0.752409514254587,6.913701076213238,5.837919112477008,-1.0757819637362305,True,,,0,0,8913,15,3,0.00997182633727789,23.96493521405212,17.37615834304843,-6.588776871003688,15,5,54
executed_action_flow,1.1981453088241831,0.0052459400922861155,-1.192899368731897,6.141132258423478,4.886171802913144,-1.254960455510334,True,,,0,0,8913,20,4,0.013276389800012112,17.40860109693289,15.610634193638047,-1.797966903294844,20,5,54
executed_action_flow,0.127129956211731,1.085477213750805,0.9583472575390741,2.049043071453404,2.861775919945924,0.8127328484925203,True,,,0,0,8913,25,5,0.02377304434776306,9.103437890379228,6.773412543861506,-2.330025346517722,25,5,54
executed_action_flow,1.3452675835462578,0.5434402314077632,-0.8018273521384945,5.724314482051136,10.259252370538954,4.534937888487819,True,,,25,1,8913,5,1,0.037048935890197754,22.489557856530634,25.176322299732966,2.686764443202332,30,5,54
executed_action_flow,1.2212176878404861,1.0245929074893114,-0.1966247803511747,6.0655057837965485,14.524434065566213,8.458928281769666,True,,,25,1,8913,10,2,0.043040234595537186,24.216846914032388,24.217759203795218,0.0009122897628301985,35,5,54
executed_action_flow,1.2171298196222335,1.5388241897212314,0.3216943700989978,4.694523111097498,14.683533514338494,9.989010403240997,True,,,25,1,8913,15,3,0.044140953570604324,14.530352174538255,17.615069521470875,3.084717346932621,40,5,54
executed_action_flow,1.012746653993357,1.6375306685116706,0.6247840145183137,1.9615461449722693,10.23892602646226,8.27737988148999,True,,,25,1,8913,20,4,0.050901103764772415,11.34582761789248,6.984416320251395,-4.3614112976410855,45,5,54
executed_action_flow,0.3717163249147353,1.6870632003726032,1.3153468754578679,0.9244473087121262,9.380918989689853,8.456471680977726,True,,,25,1,8913,25,5,0.04498768225312233,7.272807497676155,5.585557713242435,-1.6872497844337193,50,5,54
executed_action_flow,0.24637001749880236,2.2826235789034386,2.0362535614046364,0.8710332467924194,7.631814227036585,6.760780980244166,True,,,0,0,10817,5,1,0.007616931106895208,7.02251511528084,15.194255085482428,8.171739970201589,5,5,98
executed_action_flow,0.4284498082008822,3.252195701546419,2.823745893345537,0.5346335399292604,9.669952066673934,9.135318526744674,True,,,0,0,10817,10,2,0.09227351099252701,1.641243720228887,15.574736137023713,13.933492416794826,10,5,98
executed_action_flow,0.5947580843015227,1.783920180952533,1.1891620966510104,1.2417822504468972,9.016040599395936,7.774258348949038,True,,,0,0,10817,15,3,0.08818941563367844,5.75072231873034,11.702459598510234,5.951737279779895,15,5,98
executed_action_flow,0.6754431089668833,1.3168957511691561,0.6414526422022728,1.4532709849060645,8.630860333182811,7.177589348276747,True,,,0,0,10817,20,4,0.08113350719213486,6.531202027541118,6.784577761706357,0.25337573416523895,20,5,98
executed_action_flow,0.6008130470007389,0.8972864946040078,0.2964734476032689,1.1163319339979743,9.141975824899731,8.025643890901756,True,,,0,0,10817,25,5,0.08424129337072372,11.063047063901898,8.492686876147268,-2.5703601877546305,25,5,98
executed_action_flow,0.5701659881948917,0.6632819571496755,0.0931159689547838,1.5255984498405526,1.9372495122221638,0.4116510623816112,True,,,25,1,10817,5,1,0.0060440232045948505,7.211360929605525,11.795179084881774,4.583818155276249,30,5,98
executed_action_flow,0.840798573678307,0.7737056254612718,-0.06709294821703526,2.0565441962415103,3.8270418412147795,1.7704976449732692,True,,,25,1,10817,10,2,0.011323206126689911,20.890276736108607,18.651925570893738,-2.238351165214869,35,5,98
executed_action_flow,1.0755111943166251,1.2534751882358923,0.1779639939192672,1.3708570487433223,6.059753825395657,4.688896776652335,True,,,25,1,10817,15,3,0.05370565131306648,68.71027841852637,42.31691389875351,-26.39336451977286,40,5,98
executed_action_flow,1.1634088987455193,1.3388901189014868,0.17548122015596745,1.8359459854337736,7.549238816314936,5.713292830881163,True,,,25,1,10817,20,4,0.053174108266830444,55.23620813559213,41.26732502600185,-13.96888310959028,45,5,98
executed_action_flow,0.7497897180824721,1.6627879346272465,0.9129982165447744,1.7668917960055803,7.775056258202639,6.008164462197058,True,,,25,1,10817,25,5,0.05408378317952156,29.40570001180043,31.572316015712314,2.1666160039118836,50,5,98
executed_action_flow,0.06455894803496053,0.558163058973442,0.49360411093848144,6.93415261140289,7.3095447946598675,0.3753921832569773,True,,,0,0,17449,5,1,0.006704939994961023,13.236156825158265,22.13101281690565,8.894855991747384,5,5,30
executed_action_flow,0.011611321589021676,0.11911849912502237,0.1075071775360007,5.890567690882938,5.5967777813459,-0.293789909537038,True,,,0,0,17449,10,2,0.01116317231208086,11.478469221260804,22.801524736993773,11.32305551573297,10,5,30
executed_action_flow,0.24894673486862476,0.5290664531091877,0.2801197182405629,6.479179102276663,6.570171520621342,0.09099241834467886,True,,,0,0,17449,15,3,0.01853948086500168,17.12541153449578,26.08525288385468,8.9598413493589,15,5,30
executed_action_flow,0.3704148190681315,2.3753212272769946,2.0049064082088632,6.838712490904063,11.4622427549719,4.623530264067837,True,,,0,0,17449,20,4,0.044307220727205276,4.18768779605894,22.06865437068914,17.8809665746302,20,5,30
executed_action_flow,2.5912997668947986,1.013477723026968,-1.5778220438678305,4.142457066913467,3.6058164427219466,-0.5366406241915205,True,,,0,0,17449,25,5,0.26007068157196045,14.999686713684909,29.481038956407595,14.481352242722686,25,5,30
executed_action_flow,3.9806422063454323,2.7365369094059497,-1.2441052969394826,7.93621930339728,12.2383786296622,4.3021593262649205,True,,,25,1,17449,5,1,0.009519005194306374,21.124620766375894,6.184165239896864,-14.940455526479031,30,5,30
executed_action_flow,4.475038619227635,2.7663438549438855,-1.7086947642837496,12.398970893541154,10.971633692861783,-1.4273372006793714,True,,,25,1,17449,10,2,0.010101312771439552,11.25131587264115,5.715096632779642,-5.536219239861508,35,5,30
executed_action_flow,4.269012793103371,2.632772675535116,-1.6362401175682546,11.537090846083474,8.243514968435452,-3.2935758776480224,True,,,25,1,17449,15,3,0.012684732675552368,11.103259157816431,5.908880358979768,-5.194378798836664,40,5,30
executed_action_flow,4.865780081265725,3.686944072034884,-1.178836009230841,8.945426565959938,5.939360611895693,-3.006065954064245,True,,,25,1,17449,20,4,0.022583818063139915,14.527251589656304,8.515672771994112,-6.011578817662192,45,5,30
executed_action_flow,3.986488848274963,0.6584095787064063,-3.328079269568557,8.059296375139402,5.487474504250712,-2.57182187088869,True,,,25,1,17449,25,5,0.029846223071217537,16.619254025386265,14.170045340991278,-2.4492086843949874,50,5,30
decision_forecast,2.1761496209848095,2.6276524458793324,0.451502824894523,7.014074097322269,8.825878560843284,1.8118044635210149,True,42,,0,0,2012,5,1,0.008683525957167149,2.5052718988832465,8.394932708543415,5.889660809660168,5,5,11
decision_forecast,2.2885281105137834,0.9959459368052683,-1.292582173708515,6.1062563204582965,13.272347296861318,7.166090976403021,True,42,,0,0,2012,10,2,0.011684991419315338,2.7564380839649734,8.296107167663498,5.539669083698525,10,5,11
decision_forecast,2.5838740881006954,1.7460013928238276,-0.8378726952768678,1.196859292239092,5.782659846253601,4.58580055401451,True,42,,0,0,2012,15,3,0.0332510881125927,9.725061523246255,14.16668481151762,4.441623288271364,15,5,11
decision_forecast,0.7592736873800062,1.5587285923822412,0.7994549050022349,8.800069889097031,6.46929303507819,-2.3307768540188416,True,42,,0,0,2012,20,4,0.03186587616801262,10.97825518307183,9.097131737215332,-1.881123445856499,20,5,11
decision_forecast,0.15953688238854977,5.6837392415815025,5.5242023591929525,8.199843914495084,11.491791069978115,3.2919471554830313,True,42,,0,0,2012,25,5,0.03779144585132599,6.532467943536424,10.521253335645051,3.9887853921086274,25,5,11
decision_forecast,1.186756784539764,1.4848262399191205,0.2980694553793566,10.930599483622437,13.899742428239517,2.9691429446170794,True,42,,25,1,2012,5,1,0.0062219128012657166,8.098508312104741,16.062989698642895,7.964481386538154,30,5,11
decision_forecast,2.540527598792971,1.572935680212285,-0.9675919185806863,12.18705138077109,16.31516331931392,4.1281119385428315,True,42,,25,1,2012,10,2,0.01049934234470129,2.1745650388930677,21.027651333447018,18.85308629455395,35,5,11
decision_forecast,1.9229692147970985,0.2583428310382708,-1.6646263837588275,9.853149530774555,15.156002512585935,5.30285298181138,True,42,,25,1,2012,15,3,0.020791584625840187,10.343404568412264,19.72887753716153,9.385472968749266,40,5,11
decision_forecast,2.1811230446669003,1.1377205145556555,-1.0434025301112448,11.076195105661363,16.02630809474104,4.950112989079678,True,42,,25,1,2012,20,4,0.015182138420641422,2.1767385450088415,15.908470400824434,13.731731855815593,45,5,11
decision_forecast,0.4496224686651686,3.684536663366608,3.2349141947014393,4.446319881159624,3.5077260392669545,-0.9385938418926698,True,42,,25,1,2012,25,5,0.031076515093445778,13.863627477694724,8.546584254861951,-5.317043222832773,50,5,11
decision_forecast,0.6519177593570628,0.7246046325043384,0.07268687314727562,3.9253887193212704,3.733694334406599,-0.19169438491467128,True,42,,0,0,11734,5,1,0.010965131223201752,1.3296763111354104,3.0026838962617903,1.67300758512638,5,5,63
decision_forecast,1.5045097828822445,0.9245618355510468,-0.5799479473311977,7.990717173278751,10.516678430750552,2.525961257471801,True,42,,0,0,11734,10,2,0.006362391170114279,11.376479049817853,3.9324339979365197,-7.444045051881333,10,5,63
decision_forecast,2.025362933514492,1.5489777294736125,-0.47638520404087936,11.851966987223387,17.54521447425308,5.6932474870296925,True,42,,0,0,11734,15,3,0.005192400421947241,17.265074385909998,17.026261214907432,-0.23881317100256538,15,5,63
decision_forecast,2.0363834437403074,1.5782553353508721,-0.4581281083894353,14.192435249034096,20.198909016853705,6.0064737678196085,True,42,,0,0,11734,20,4,0.007005458232015371,11.523189736525563,23.79971321648742,12.276523479961856,20,5,63
decision_forecast,1.6449350571231216,0.9329732135139174,-0.7119618436092042,2.130077288019758,4.529568239726911,2.3994909517071528,True,42,,0,0,11734,25,5,0.013714968226850033,3.7764025310564064,8.714707326989537,4.93830479593313,25,5,63
decision_forecast,0.6522114574913733,2.0680925969620914,1.415881139470718,8.396232257400106,9.95540176057253,1.5591695031724235,True,42,,25,1,11734,5,1,0.006503045558929443,6.84367409443673,15.193031083237436,8.349356988800707,30,5,63
decision_forecast,0.8174029976627166,1.508006839737291,0.6906038420745744,5.694409053346225,9.221040708778983,3.526631655432758,True,42,,25,1,11734,10,2,0.00955332163721323,5.7641969782177735,11.46929340615,5.705096427932226,35,5,63
decision_forecast,1.101023187852911,2.108585373456512,1.007562185603601,12.492451930032091,14.594058532200123,2.1016066021680313,True,42,,25,1,11734,15,3,0.0141521617770195,15.808565187305716,22.36332711506888,6.554761927763165,40,5,63
decision_forecast,1.1011358859742164,2.0846899566452226,0.9835540706710062,11.419357156356513,14.032810853891146,2.6134536975346325,True,42,,25,1,11734,20,4,0.013225953094661236,14.390263679260123,17.27872753008948,2.888463850829357,45,5,63
decision_forecast,0.611892850820788,1.2172900829994533,0.6053972321786653,3.037602054849212,2.60695925747935,-0.4306427973698619,True,42,,25,1,11734,25,5,0.01649687997996807,7.2985489898021925,3.588097140590137,-3.7104518492120553,50,5,63
decision_forecast,0.32590482525469217,2.529759700687204,2.203854875432512,4.408190354056997,1.3350247088772056,-3.0731656451797917,True,42,,0,0,12678,5,1,0.014084936119616032,3.2034137848810915,2.380168117089714,-0.8232456677913773,5,5,14
decision_forecast,0.07081646740174347,2.4536304121982417,2.3828139447964984,6.493950606589444,4.766754217810398,-1.7271963887790465,True,42,,0,0,12678,10,2,0.028953738510608673,13.273426000986797,3.6827564875801215,-9.590669513406676,10,5,14
decision_forecast,0.40720669911945645,2.8074000602590523,2.400193361139596,3.2297205775938473,4.827895970521232,1.5981753929273848,True,42,,0,0,12678,15,3,0.039639152586460114,16.438869018739023,15.938789202295782,-0.5000798164432414,15,5,14
decision_forecast,0.5825547305866088,2.2489296427729597,1.666374912186351,1.9030009256345346,8.519098935460377,6.616098009825842,True,42,,0,0,12678,20,4,0.04745931550860405,8.944641891157307,8.230651765845545,-0.7139901253117618,20,5,14
decision_forecast,0.28199695417526516,2.3600192545286323,2.078022300353367,2.3771772463833165,7.233074264688696,4.855897018305379,True,42,,0,0,12678,25,5,0.05233451724052429,8.26293107453997,4.696915280436203,-3.566015794103768,25,5,14
decision_forecast,0.5029966871343002,2.201995997891217,1.6989993107569168,0.5855818165026366,6.360715046916813,5.775133230414177,True,42,,25,1,12678,5,1,0.007060216274112463,19.13290149476458,6.5190165130649795,-12.613884981699602,30,5,14
decision_forecast,0.9185693018999711,3.2135777498213707,2.2950084479213997,5.556782000357523,11.6720447069372,6.115262706579677,True,42,,25,1,12678,10,2,0.018211549147963524,24.06758131312309,35.13868747968481,11.071106166561723,35,5,14
decision_forecast,1.0454127449762778,3.9435781230285785,2.8981653780523007,6.482271855374838,14.39399988774437,7.911728032369531,True,42,,25,1,12678,15,3,0.02373279631137848,36.46080766216267,49.77715889108006,13.31635122891739,40,5,14
decision_forecast,0.8999433760333463,2.7193316011009077,1.8193882250675615,5.739835659273361,14.433309399242454,8.693473739969093,True,42,,25,1,12678,20,4,0.0378444530069828,24.98691059878763,40.34753221299389,15.36062161420626,45,5,14
decision_forecast,0.23000896930771314,0.7068539281970858,0.47684495888937267,0.3753048232424003,8.804339580556352,8.429034757313952,True,42,,25,1,12678,25,5,0.06482220441102982,18.182618808365813,41.44012946788928,23.257510659523465,50,5,14
decision_forecast,6.555369678568118,7.371659246654682,0.8162895680865638,4.374239787002658,4.679436926634061,0.30519713963140305,True,42,,0,0,16653,5,1,0.0030429773032665253,16.607890891466017,21.302266047165467,4.694375155699451,5,5,3
decision_forecast,6.836418302535803,10.232442999379503,3.3960246968437,2.69640779769189,3.0821229276813358,0.3857151299894457,True,42,,0,0,16653,10,2,0.008600905537605286,10.842472156217887,15.010998916633122,4.168526760415235,10,5,3
decision_forecast,5.184687315929959,10.180506240930725,4.9958189250007665,4.035611063344774,4.175747658270601,0.14013659492582686,True,42,,0,0,16653,15,3,0.011733231134712696,25.882764635977278,16.61840763694815,-9.264356999029129,15,5,3
decision_forecast,3.2216363069549345,5.158677955570551,1.9370416486156161,8.239198894161213,13.483980942038976,5.244782047877763,True,42,,0,0,16653,20,4,0.027894536033272743,3.7519169799510736,29.02927799447524,25.277361014524168,20,5,3
decision_forecast,11.543492097440604,32.71698825184472,21.173496154404113,21.526123675950576,30.260546437368575,8.734422761418,True,42,,0,0,16653,25,5,0.18921591341495514,16.023690120417466,40.656424941598246,24.63273482118078,25,5,3
decision_forecast,6.820678190141973,4.862872766449518,-1.957805423692455,10.691216814503875,14.359141582935099,3.6679247684312237,True,42,,25,1,16653,5,1,0.015145680867135525,18.433952265664335,21.88226972501071,3.4483174593463737,30,5,3
decision_forecast,9.460764870405342,8.256438595192014,-1.2043262752133277,10.489420890929257,12.739591661197013,2.250170770267756,True,42,,25,1,16653,10,2,0.0316164456307888,19.2453888375258,6.674003368663095,-12.571385468862708,35,5,3
decision_forecast,11.4848504498036,11.207626731771123,-0.27722371803247725,17.149942907541522,14.084749364312936,-3.0651935432285864,True,42,,25,1,16653,15,3,0.05486582592129707,31.584256782831197,26.63444414334286,-4.949812639488336,40,5,3
decision_forecast,13.083551847693466,6.453487220362088,-6.630064627331378,18.238394280320254,14.493477644893328,-3.744916635426925,True,42,,25,1,16653,20,4,0.07279220223426819,43.816850725503976,33.606251486787585,-10.21059923871639,45,5,3
decision_forecast,1.6262646848339157,7.859201506156312,6.232936821322396,9.833988845149351,35.799105559289444,25.965116714140095,True,42,,25,1,16653,25,5,0.10691522806882858,11.446781309119443,38.10955867583535,26.662777366715908,50,5,3
executed_action_flow,2.1761496209848095,2.6276524458793324,0.451502824894523,7.014074097322269,8.825878560843284,1.8118044635210149,True,,,0,0,2012,5,1,0.008683528751134872,2.5052718988832465,8.394932708543415,5.889660809660168,5,5,11
executed_action_flow,2.2885281105137834,0.9959459368052683,-1.292582173708515,6.1062563204582965,13.272371276639939,7.166114956181643,True,,,0,0,2012,10,2,0.011684981174767017,2.7564380839649734,8.296107167663498,5.539669083698525,10,5,11
executed_action_flow,2.5838740881006954,1.7460013928238276,-0.8378726952768678,1.196859292239092,5.782659846253601,4.58580055401451,True,,,0,0,2012,15,3,0.0332510881125927,9.725061523246255,14.166671060683264,4.441609537437008,15,5,11
executed_action_flow,0.7592736873800062,1.5587285923822412,0.7994549050022349,8.800069889097031,6.46929303507819,-2.3307768540188416,True,,,0,0,2012,20,4,0.03186587616801262,10.97825518307183,9.09710419078092,-1.8811509922909107,20,5,11
executed_action_flow,0.15953688238854977,5.683766562338183,5.524229679949633,8.199843914495084,11.491821587505935,3.2919776730108516,True,,,0,0,2012,25,5,0.03779144957661629,6.532467943536424,10.521283064305528,3.9888151207691047,25,5,11
executed_action_flow,1.186756784539764,1.4848262399191205,0.2980694553793566,10.930599483622437,13.899732603356142,2.969133119733705,True,,,25,1,2012,5,1,0.006221909075975418,8.098508312104741,16.062989698642895,7.964481386538154,30,5,11
executed_action_flow,2.540527598792971,1.572935680212285,-0.9675919185806863,12.18705138077109,16.31516331931392,4.1281119385428315,True,,,25,1,2012,10,2,0.010499346069991589,2.1745650388930677,21.027651333447018,18.85308629455395,35,5,11
executed_action_flow,1.9229692147970985,0.2583428310382708,-1.6646263837588275,9.853149530774555,15.156002512585935,5.30285298181138,True,,,25,1,2012,15,3,0.020791590213775635,10.343404568412264,19.728900396033794,9.38549582762153,40,5,11
executed_action_flow,2.1811230446669003,1.1377205145556555,-1.0434025301112448,11.076195105661363,16.026322620526464,4.950127514865102,True,,,25,1,2012,20,4,0.015182134695351124,2.1767385450088415,15.908470400824434,13.731731855815593,45,5,11
executed_action_flow,0.4496224686651686,3.684536663366608,3.2349141947014393,4.446319881159624,3.5077572708261817,-0.9385626103334426,True,,,25,1,2012,25,5,0.031076515093445778,13.863627477694724,8.546584254861951,-5.317043222832773,50,5,11
executed_action_flow,0.6519177593570628,0.7246012174097535,0.07268345805269072,3.9253887193212704,3.733694334406599,-0.19169438491467128,True,,,0,0,11734,5,1,0.010965130291879177,1.3296763111354104,3.0026569439468718,1.6729806328114614,5,5,63
executed_action_flow,1.5045097828822445,0.9245652506456318,-0.5799445322366127,7.990717173278751,10.516678430750552,2.525961257471801,True,,,0,0,11734,10,2,0.006362391170114279,11.376479049817853,3.932422765737409,-7.444056284080444,10,5,63
executed_action_flow,2.025362933514492,1.5489777294736125,-0.47638520404087936,11.851966987223387,17.54521447425308,5.6932474870296925,True,,,0,0,11734,15,3,0.005192400421947241,17.265074385909998,17.026261214907432,-0.23881317100256538,15,5,63
executed_action_flow,2.0363834437403074,1.5782485051617021,-0.4581349385786053,14.192435249034096,20.198904482075367,6.006469233041271,True,,,0,0,11734,20,4,0.007005453575402498,11.523189736525563,23.79971321648742,12.276523479961856,20,5,63
executed_action_flow,1.6449350571231216,0.9329732135139174,-0.7119618436092042,2.130077288019758,4.529592549320818,2.3995152613010604,True,,,0,0,11734,25,5,0.013714966364204884,3.7764025310564064,8.714736328003239,4.938333796946832,25,5,63
executed_action_flow,0.6522114574913733,2.0680925969620914,1.415881139470718,8.396232257400106,9.95540176057253,1.5591695031724235,True,,,25,1,11734,5,1,0.006503045558929443,6.84367409443673,15.193031083237436,8.349356988800707,30,5,63
executed_action_flow,0.8174029976627166,1.508006839737291,0.6906038420745744,5.694409053346225,9.221040708778983,3.526631655432758,True,,,25,1,11734,10,2,0.00955332163721323,5.7641969782177735,11.46929340615,5.705096427932226,35,5,63
executed_action_flow,1.101023187852911,2.1085922036456823,1.0075690157927712,12.492451930032091,14.594028221605145,2.1015762915730534,True,,,25,1,11734,15,3,0.014152157120406628,15.808565187305716,22.36332711506888,6.554761927763165,40,5,63
executed_action_flow,1.1011358859742164,2.0846933717398075,0.9835574857655911,11.419357156356513,14.032840898435456,2.6134837420789427,True,,,25,1,11734,20,4,0.013225954957306385,14.390263679260123,17.278756667622876,2.888492988362753,45,5,63
executed_action_flow,0.611892850820788,1.2172900829994533,0.6053972321786653,3.037602054849212,2.60695925747935,-0.4306427973698619,True,,,25,1,11734,25,5,0.016496874392032623,7.2985489898021925,3.5881012672261825,-3.71044772257601,50,5,63
executed_action_flow,0.32590482525469217,2.529759700687204,2.203854875432512,4.408190354056997,1.3349943181218713,-3.0731960359351262,True,,,0,0,12678,5,1,0.014084938913583755,3.2034137848810915,2.380168117089714,-0.8232456677913773,5,5,14
executed_action_flow,0.07081646740174347,2.4536304121982417,2.3828139447964984,6.493950606589444,4.766754217810398,-1.7271963887790465,True,,,0,0,12678,10,2,0.02895374596118927,13.273426000986797,3.682708951650953,-9.590717049335844,10,5,14
executed_action_flow,0.40720669911945645,2.807393230069882,2.4001865309504256,3.2297205775938473,4.827895970521232,1.5981753929273848,True,,,0,0,12678,15,3,0.03963916376233101,16.438869018739023,15.938789202295782,-0.5000798164432414,15,5,14
executed_action_flow,0.5825547305866088,2.2489364729621295,1.6663817423755207,1.9030009256345346,8.519097546912315,6.61609662127778,True,,,0,0,12678,20,4,0.04745932295918465,8.944641891157307,8.230649120904522,-0.7139927702527853,20,5,14
executed_action_flow,0.28199695417526516,2.3600192545286323,2.078022300353367,2.3771772463833165,7.233074264688696,4.855897018305379,True,,,0,0,12678,25,5,0.05233454704284668,8.26293107453997,4.696915280436203,-3.566015794103768,25,5,14
executed_action_flow,0.5029966871343002,2.201989167702047,1.698992480567747,0.5855818165026366,6.360715046916813,5.775133230414177,True,,,25,1,12678,5,1,0.0070602186024188995,19.13290149476458,6.5190393031623515,-12.61386219160223,30,5,14
executed_action_flow,0.9185693018999711,3.2135777498213707,2.2950084479213997,5.556782000357523,11.6720447069372,6.115262706579677,True,,,25,1,12678,10,2,0.018211549147963524,24.06758131312309,35.138712071830035,11.071130758706946,35,5,14
executed_action_flow,1.0454127449762778,3.943571292839408,2.8981585478631304,6.482271855374838,14.39399988774437,7.911728032369531,True,,,25,1,12678,15,3,0.023732809349894524,36.46080766216267,49.777179504718575,13.316371842555903,40,5,14
executed_action_flow,0.8999433760333463,2.7193316011009077,1.8193882250675615,5.739835659273361,14.433309399242454,8.693473739969093,True,,,25,1,12678,20,4,0.0378444530069828,24.98691059878763,40.34758544008762,15.36067484129999,45,5,14
executed_action_flow,0.23000896930771314,0.7068505131025008,0.47684154379478766,0.3753048232424003,8.804339580556352,8.429034757313952,True,,,25,1,12678,25,5,0.06482220441102982,18.182618808365813,41.44011987496649,23.25750106660068,50,5,14
executed_action_flow,6.555369678568118,7.371659246654682,0.8162895680865638,4.374239787002658,4.679436926634061,0.30519713963140305,True,,,0,0,16653,5,1,0.0030429773032665253,16.607890891466017,21.302266047165467,4.694375155699451,5,5,3
executed_action_flow,6.836418302535803,10.232442999379503,3.3960246968437,2.69640779769189,3.0821077732928606,0.38569997560097047,True,,,0,0,16653,10,2,0.008600905537605286,10.842472156217887,15.010976032629927,4.168503876412039,10,5,3
executed_action_flow,5.184687315929959,10.180506240930725,4.9958189250007665,4.035611063344774,4.175747658270601,0.14013659492582686,True,,,0,0,16653,15,3,0.011733231134712696,25.882764635977278,16.6183927093518,-9.26437192662548,15,5,3
executed_action_flow,3.2216363069549345,5.158705276327231,1.9370689693722962,8.239198894161213,13.48396569335426,5.244766799193048,True,,,0,0,16653,20,4,0.027894532307982445,3.7519169799510736,29.02927799447524,25.277361014524168,20,5,3
executed_action_flow,11.543492097440604,32.71697117637179,21.173479078931187,21.526123675950576,30.260561533266394,8.734437857315818,True,,,0,0,16653,25,5,0.18921589851379395,16.023690120417466,40.65643465945643,24.632744539038963,25,5,3
executed_action_flow,6.820678190141973,4.8629000872061985,-1.9577781029357748,10.691216814503875,14.359141582935099,3.6679247684312237,True,,,25,1,16653,5,1,0.015145679004490376,18.433952265664335,21.882296750964777,3.448344485300442,30,5,3
executed_action_flow,9.460764870405342,8.256438595192014,-1.2043262752133277,10.489420890929257,12.739591661197013,2.250170770267756,True,,,25,1,16653,10,2,0.031616419553756714,19.2453888375258,6.674014719986131,-12.571374117539671,35,5,3
executed_action_flow,11.4848504498036,11.207626731771123,-0.27722371803247725,17.149942907541522,14.084747119207147,-3.065195788334375,True,,,25,1,16653,15,3,0.05486581102013588,31.584256782831197,26.634432466788216,-4.949824316042982,40,5,3
executed_action_flow,13.083551847693466,6.453514541118768,-6.630037306574698,18.238394280320254,14.493422427186724,-3.7449718531335296,True,,,25,1,16653,20,4,0.07279220223426819,43.816850725503976,33.606277522074144,-10.210573203429831,45,5,3
executed_action_flow,1.6262646848339157,7.859174185399632,6.232909500565716,9.833988845149351,35.79913607680171,25.96514723165236,True,,,25,1,16653,25,5,0.10691521316766739,11.446781309119443,38.109554366601955,26.66277305748251,50,5,3
decision_forecast,2.6666850484257347,0.2669631623647822,-2.3997218860609526,3.118853146720191,5.023096928127591,1.9042437814073994,True,42,,0,0,2828,5,1,0.006157655268907547,8.074843990645675,3.324354969399999,-4.750489021245676,5,1,43
decision_forecast,,,,,,,False,42,counterfactual branch intentionally excluded from error aggregates,0,0,2828,10,2,,,,,10,1,43
decision_forecast,,,,,,,False,42,counterfactual branch intentionally excluded from error aggregates,0,0,2828,15,3,,,,,15,1,43
decision_forecast,,,,,,,False,42,counterfactual branch intentionally excluded from error aggregates,0,0,2828,20,4,,,,,20,1,43
decision_forecast,,,,,,,False,42,counterfactual branch intentionally excluded from error aggregates,0,0,2828,25,5,,,,,25,1,43
decision_forecast,0.23476895540270826,3.8871682464299466,3.6523992910272383,4.342966733754245,4.7969152599505325,0.4539485261962879,True,42,,5,1,2828,5,1,0.007922799326479435,7.514754260046642,5.421649754722724,-2.093104505323918,10,1,43
decision_forecast,,,,,,,False,42,counterfactual branch intentionally excluded from error aggregates,5,1,2828,10,2,,,,,15,1,43
decision_forecast,,,,,,,False,42,counterfactual branch intentionally excluded from error aggregates,5,1,2828,15,3,,,,,20,1,43
decision_forecast,,,,,,,False,42,counterfactual branch intentionally excluded from error aggregates,5,1,2828,20,4,,,,,25,1,43
decision_forecast,,,,,,,False,42,counterfactual branch intentionally excluded from error aggregates,5,1,2828,25,5,,,,,30,1,43
decision_forecast,0.07417898970116638,0.10570714290994523,0.03152815320877886,5.905858614812123,5.805023995804854,-0.10083461900726931,True,42,,10,2,2828,5,1,0.008075953461229801,5.301120623099464,6.210631764911742,0.9095111418122785,15,1,43
decision_forecast,,,,,,,False,42,counterfactual branch intentionally excluded from error aggregates,10,2,2828,10,2,,,,,20,1,43
decision_forecast,,,,,,,False,42,counterfactual branch intentionally excluded from error aggregates,10,2,2828,15,3,,,,,25,1,43
decision_forecast,,,,,,,False,42,counterfactual branch intentionally excluded from error aggregates,10,2,2828,20,4,,,,,30,1,43
decision_forecast,,,,,,,False,42,counterfactual branch intentionally excluded from error aggregates,10,2,2828,25,5,,,,,35,1,43
decision_forecast,0.08203360893476894,3.697246662616686,3.6152130536819174,4.667322238537997,4.811951271318969,0.14462903278097183,True,42,,15,3,2828,5,1,0.028967997059226036,9.613880250803115,9.423442503348827,-0.190437747454288,20,1,43
decision_forecast,,,,,,,False,42,counterfactual branch intentionally excluded from error aggregates,15,3,2828,10,2,,,,,25,1,43
decision_forecast,,,,,,,False,42,counterfactual branch intentionally excluded from error aggregates,15,3,2828,15,3,,,,,30,1,43
decision_forecast,,,,,,,False,42,counterfactual branch intentionally excluded from error aggregates,15,3,2828,20,4,,,,,35,1,43
decision_forecast,,,,,,,False,42,counterfactual branch intentionally excluded from error aggregates,15,3,2828,25,5,,,,,40,1,43
decision_forecast,3.1508376030214977,4.859013272928327,1.7081756699068293,11.534119726528639,14.352534104036891,2.818414377508253,True,42,,20,4,2828,5,1,0.01569190062582493,13.028881220259905,15.517554177934676,2.488672957674771,25,1,43
decision_forecast,,,,,,,False,42,counterfactual branch intentionally excluded from error aggregates,20,4,2828,10,2,,,,,30,1,43
decision_forecast,,,,,,,False,42,counterfactual branch intentionally excluded from error aggregates,20,4,2828,15,3,,,,,35,1,43
decision_forecast,,,,,,,False,42,counterfactual branch intentionally excluded from error aggregates,20,4,2828,20,4,,,,,40,1,43
decision_forecast,,,,,,,False,42,counterfactual branch intentionally excluded from error aggregates,20,4,2828,25,5,,,,,45,1,43
decision_forecast,4.290359043389746,4.16424643055463,-0.126112612835116,16.19791198405514,14.969523622476428,-1.2283883615787108,True,42,,25,5,2828,5,1,0.004791219253093004,25.697140370440483,31.143406347473107,5.446265977032624,30,1,43
decision_forecast,,,,,,,False,42,counterfactual branch intentionally excluded from error aggregates,25,5,2828,10,2,,,,,35,1,43
decision_forecast,,,,,,,False,42,counterfactual branch intentionally excluded from error aggregates,25,5,2828,15,3,,,,,40,1,43
decision_forecast,,,,,,,False,42,counterfactual branch intentionally excluded from error aggregates,25,5,2828,20,4,,,,,45,1,43
decision_forecast,,,,,,,False,42,counterfactual branch intentionally excluded from error aggregates,25,5,2828,25,5,,,,,50,1,43
decision_forecast,3.647802167031626,2.5344813323195474,-1.1133208347120784,12.811035592042554,10.168887548650591,-2.6421480433919626,True,42,,30,6,2828,5,1,0.003612719476222992,16.31642953090236,16.809279722332672,0.4928501914303105,35,1,43
decision_forecast,,,,,,,False,42,counterfactual branch intentionally excluded from error aggregates,30,6,2828,10,2,,,,,40,1,43
decision_forecast,,,,,,,False,42,counterfactual branch intentionally excluded from error aggregates,30,6,2828,15,3,,,,,45,1,43
decision_forecast,,,,,,,False,42,counterfactual branch intentionally excluded from error aggregates,30,6,2828,20,4,,,,,50,1,43
decision_forecast,3.2395207792049434,3.5237932524608744,0.28427247325593097,12.197485495935805,10.137086770437152,-2.0603987254986524,True,42,,35,7,2828,5,1,0.0034643367398530245,14.549393712382352,14.876552382529233,0.32715867014688094,40,1,43
decision_forecast,,,,,,,False,42,counterfactual branch intentionally excluded from error aggregates,35,7,2828,10,2,,,,,45,1,43
decision_forecast,,,,,,,False,42,counterfactual branch intentionally excluded from error aggregates,35,7,2828,15,3,,,,,50,1,43
decision_forecast,0.020753151701414542,2.528218805033984,2.5074656533325697,2.7010399493991484,0.1914881460431872,-2.5095518033559614,True,42,,40,8,2828,5,1,0.009527976624667645,14.96569392590581,19.796252007782435,4.8305580818766245,45,1,43
decision_forecast,,,,,,,False,42,counterfactual branch intentionally excluded from error aggregates,40,8,2828,10,2,,,,,50,1,43
decision_forecast,2.8473039963061315,2.5224328786236447,-0.3248711176824868,9.62603531119945,9.698129052684154,0.0720937414847036,True,42,,45,9,2828,5,1,0.01258817594498396,7.067377129608298,15.447441977504774,8.380064847896476,50,1,43
decision_forecast,1.3456672459681291,8.180664869156569,6.83499762318844,6.941633894153945,14.901512599098698,7.959878704944753,True,42,,0,0,3876,5,1,0.06612325459718704,5.2225634711241105,12.09606230090726,6.873498829783149,5,1,16
decision_forecast,,,,,,,False,42,counterfactual branch intentionally excluded from error aggregates,0,0,3876,10,2,,,,,10,1,16
decision_forecast,,,,,,,False,42,counterfactual branch intentionally excluded from error aggregates,0,0,3876,15,3,,,,,15,1,16
decision_forecast,,,,,,,False,42,counterfactual branch intentionally excluded from error aggregates,0,0,3876,20,4,,,,,20,1,16
decision_forecast,,,,,,,False,42,counterfactual branch intentionally excluded from error aggregates,0,0,3876,25,5,,,,,25,1,16
decision_forecast,0.31563608155934697,2.9964865715199163,2.6808504899605694,11.886777027727396,15.875376520222801,3.988599492495405,True,42,,5,1,3876,5,1,0.009909586049616337,3.3806708951011983,13.727304682966075,10.346633787864876,10,1,16
decision_forecast,,,,,,,False,42,counterfactual branch intentionally excluded from error aggregates,5,1,3876,10,2,,,,,15,1,16
decision_forecast,,,,,,,False,42,counterfactual branch intentionally excluded from error aggregates,5,1,3876,15,3,,,,,20,1,16
decision_forecast,,,,,,,False,42,counterfactual branch intentionally excluded from error aggregates,5,1,3876,20,4,,,,,25,1,16
decision_forecast,,,,,,,False,42,counterfactual branch intentionally excluded from error aggregates,5,1,3876,25,5,,,,,30,1,16
decision_forecast,2.214880704038677,3.918685052876698,1.703804348838021,15.728974165791865,20.156763897642012,4.427789731850147,True,42,,10,2,3876,5,1,0.006385428365319967,24.487697072534804,26.946463247784557,2.458766175249753,15,1,16
decision_forecast,,,,,,,False,42,counterfactual branch intentionally excluded from error aggregates,10,2,3876,10,2,,,,,20,1,16
decision_forecast,,,,,,,False,42,counterfactual branch intentionally excluded from error aggregates,10,2,3876,15,3,,,,,25,1,16
decision_forecast,,,,,,,False,42,counterfactual branch intentionally excluded from error aggregates,10,2,3876,20,4,,,,,30,1,16
decision_forecast,,,,,,,False,42,counterfactual branch intentionally excluded from error aggregates,10,2,3876,25,5,,,,,35,1,16
decision_forecast,1.043597643299306,1.4376188368695662,0.3940211935702602,11.184543900187341,12.57488998744519,1.3903460872578481,True,42,,15,3,3876,5,1,0.006124261766672134,71.9643320324532,65.54119866254395,-6.423133369909252,20,1,16
decision_forecast,,,,,,,False,42,counterfactual branch intentionally excluded from error aggregates,15,3,3876,10,2,,,,,25,1,16
decision_forecast,,,,,,,False,42,counterfactual branch intentionally excluded from error aggregates,15,3,3876,15,3,,,,,30,1,16
decision_forecast,,,,,,,False,42,counterfactual branch intentionally excluded from error aggregates,15,3,3876,20,4,,,,,35,1,16
decision_forecast,,,,,,,False,42,counterfactual branch intentionally excluded from error aggregates,15,3,3876,25,5,,,,,40,1,16
decision_forecast,3.8121875026072947,3.069827902096949,-0.7423596005103459,5.849123752280042,8.856769764133364,3.007646011853322,True,42,,20,4,3876,5,1,0.007936232723295689,54.425492088016874,60.21593434325884,5.790442255241963,25,1,16
decision_forecast,,,,,,,False,42,counterfactual branch intentionally excluded from error aggregates,20,4,3876,10,2,,,,,30,1,16
decision_forecast,,,,,,,False,42,counterfactual branch intentionally excluded from error aggregates,20,4,3876,15,3,,,,,35,1,16
decision_forecast,,,,,,,False,42,counterfactual branch intentionally excluded from error aggregates,20,4,3876,20,4,,,,,40,1,16
decision_forecast,,,,,,,False,42,counterfactual branch intentionally excluded from error aggregates,20,4,3876,25,5,,,,,45,1,16
decision_forecast,2.6017550382759747,1.4049556315280005,-1.1967994067479741,8.844366164303908,9.838865768185965,0.9944996038820566,True,42,,25,5,3876,5,1,0.009321373887360096,54.11394427891969,48.94914643449461,-5.164797844425081,30,1,16
decision_forecast,,,,,,,False,42,counterfactual branch intentionally excluded from error aggregates,25,5,3876,10,2,,,,,35,1,16
decision_forecast,,,,,,,False,42,counterfactual branch intentionally excluded from error aggregates,25,5,3876,15,3,,,,,40,1,16
decision_forecast,,,,,,,False,42,counterfactual branch intentionally excluded from error aggregates,25,5,3876,20,4,,,,,45,1,16
decision_forecast,,,,,,,False,42,counterfactual branch intentionally excluded from error aggregates,25,5,3876,25,5,,,,,50,1,16
decision_forecast,1.903368195642171,1.2005702915351035,-0.7027979041070676,11.497150928860865,14.236076191746214,2.738925262885349,True,42,,30,6,3876,5,1,0.004851738456636667,63.37308036200246,53.66229717630913,-9.71078318569333,35,1,16
decision_forecast,,,,,,,False,42,counterfactual branch intentionally excluded from error aggregates,30,6,3876,10,2,,,,,40,1,16
decision_forecast,,,,,,,False,42,counterfactual branch intentionally excluded from error aggregates,30,6,3876,15,3,,,,,45,1,16
decision_forecast,,,,,,,False,42,counterfactual branch intentionally excluded from error aggregates,30,6,3876,20,4,,,,,50,1,16
decision_forecast,2.468498047569026,2.0515559798747676,-0.41694206769425834,10.80488699399498,9.009856631158414,-1.7950303628365667,True,42,,35,7,3876,5,1,0.09295997768640518,171.33498353118517,76.9724361000716,-94.36254743111357,40,1,16
decision_forecast,,,,,,,False,42,counterfactual branch intentionally excluded from error aggregates,35,7,3876,10,2,,,,,45,1,16
decision_forecast,,,,,,,False,42,counterfactual branch intentionally excluded from error aggregates,35,7,3876,15,3,,,,,50,1,16
decision_forecast,3.053025636738717,2.9524989125344696,-0.10052672420424758,14.550707156154651,13.516456269657409,-1.034250886497242,True,42,,40,8,3876,5,1,0.09864356368780136,105.02291760176692,166.71320329830016,61.69028569653324,45,1,16
decision_forecast,,,,,,,False,42,counterfactual branch intentionally excluded from error aggregates,40,8,3876,10,2,,,,,50,1,16
decision_forecast,0.5634229249996341,5.775430997609644,5.2120080726100095,17.82229109720712,22.552848014953845,4.730556917746725,True,42,,45,9,3876,5,1,0.02686239778995514,177.36555386348854,119.9333190121683,-57.432234851320246,50,1,16
decision_forecast,2.0367508348671564,8.733583222029191,6.6968323871620345,11.33750002292496,12.102733025277608,0.7652330023526481,True,42,,0,0,4981,5,1,0.010051766410470009,2.727850018165165,8.834793708902051,6.106943690736886,5,1,40
decision_forecast,,,,,,,False,42,counterfactual branch intentionally excluded from error aggregates,0,0,4981,10,2,,,,,10,1,40
decision_forecast,,,,,,,False,42,counterfactual branch intentionally excluded from error aggregates,0,0,4981,15,3,,,,,15,1,40
decision_forecast,,,,,,,False,42,counterfactual branch intentionally excluded from error aggregates,0,0,4981,20,4,,,,,20,1,40
decision_forecast,,,,,,,False,42,counterfactual branch intentionally excluded from error aggregates,0,0,4981,25,5,,,,,25,1,40
decision_forecast,2.3204667149078997,4.106998314973115,1.7865316000652154,5.21918568595999,2.8406986014780733,-2.3784870844819164,True,42,,5,1,4981,5,1,0.004791394807398319,9.853345902096079,9.471230609122792,-0.38211529297328717,10,1,40
decision_forecast,,,,,,,False,42,counterfactual branch intentionally excluded from error aggregates,5,1,4981,10,2,,,,,15,1,40
decision_forecast,,,,,,,False,42,counterfactual branch intentionally excluded from error aggregates,5,1,4981,15,3,,,,,20,1,40
decision_forecast,,,,,,,False,42,counterfactual branch intentionally excluded from error aggregates,5,1,4981,20,4,,,,,25,1,40
decision_forecast,,,,,,,False,42,counterfactual branch intentionally excluded from error aggregates,5,1,4981,25,5,,,,,30,1,40
decision_forecast,0.3349580439418731,2.006605862167474,1.6716478182256007,4.254057899365643,2.871543103587876,-1.3825147957777668,True,42,,10,2,4981,5,1,0.004849358927458525,27.035295898268274,18.77792436911949,-8.257371529148784,15,1,40
decision_forecast,,,,,,,False,42,counterfactual branch intentionally excluded from error aggregates,10,2,4981,10,2,,,,,20,1,40
decision_forecast,,,,,,,False,42,counterfactual branch intentionally excluded from error aggregates,10,2,4981,15,3,,,,,25,1,40
decision_forecast,,,,,,,False,42,counterfactual branch intentionally excluded from error aggregates,10,2,4981,20,4,,,,,30,1,40
decision_forecast,,,,,,,False,42,counterfactual branch intentionally excluded from error aggregates,10,2,4981,25,5,,,,,35,1,40
decision_forecast,0.0712469663771252,0.8023615492241857,0.7311145828470604,4.1068342895489,4.995387317844319,0.8885530282954193,True,42,,15,3,4981,5,1,0.002683228114619851,25.869820945224493,25.17104823783434,-0.6987727073901517,20,1,40
decision_forecast,,,,,,,False,42,counterfactual branch intentionally excluded from error aggregates,15,3,4981,10,2,,,,,25,1,40
decision_forecast,,,,,,,False,42,counterfactual branch intentionally excluded from error aggregates,15,3,4981,15,3,,,,,30,1,40
decision_forecast,,,,,,,False,42,counterfactual branch intentionally excluded from error aggregates,15,3,4981,20,4,,,,,35,1,40
decision_forecast,,,,,,,False,42,counterfactual branch intentionally excluded from error aggregates,15,3,4981,25,5,,,,,40,1,40
decision_forecast,0.030358927715984488,0.7468730924070021,0.7165141646910176,1.818831835468961,4.125247572675518,2.3064157372065566,True,42,,20,4,4981,5,1,0.002954053459689021,19.16985960374327,27.427346901353616,8.257487297610346,25,1,40
decision_forecast,,,,,,,False,42,counterfactual branch intentionally excluded from error aggregates,20,4,4981,10,2,,,,,30,1,40
decision_forecast,,,,,,,False,42,counterfactual branch intentionally excluded from error aggregates,20,4,4981,15,3,,,,,35,1,40
decision_forecast,,,,,,,False,42,counterfactual branch intentionally excluded from error aggregates,20,4,4981,20,4,,,,,40,1,40
decision_forecast,,,,,,,False,42,counterfactual branch intentionally excluded from error aggregates,20,4,4981,25,5,,,,,45,1,40
decision_forecast,0.35462898875150983,0.45149725785007505,0.09686826909856522,3.8873313619109835,2.9577204681120652,-0.9296108937989183,True,42,,25,5,4981,5,1,0.010160458274185658,24.938201289982572,9.661259887484293,-15.276941402498279,30,1,40
decision_forecast,,,,,,,False,42,counterfactual branch intentionally excluded from error aggregates,25,5,4981,10,2,,,,,35,1,40
decision_forecast,,,,,,,False,42,counterfactual branch intentionally excluded from error aggregates,25,5,4981,15,3,,,,,40,1,40
decision_forecast,,,,,,,False,42,counterfactual branch intentionally excluded from error aggregates,25,5,4981,20,4,,,,,45,1,40
decision_forecast,,,,,,,False,42,counterfactual branch intentionally excluded from error aggregates,25,5,4981,25,5,,,,,50,1,40
decision_forecast,0.2929387201679547,1.8207154337164069,1.5277767135484521,4.847500343006311,5.182334508114891,0.33483416510858,True,42,,30,6,4981,5,1,0.002380966441705823,23.69682551643795,26.851875972741226,3.1550504563032753,35,1,40
decision_forecast,,,,,,,False,42,counterfactual branch intentionally excluded from error aggregates,30,6,4981,10,2,,,,,40,1,40
decision_forecast,,,,,,,False,42,counterfactual branch intentionally excluded from error aggregates,30,6,4981,15,3,,,,,45,1,40
decision_forecast,,,,,,,False,42,counterfactual branch intentionally excluded from error aggregates,30,6,4981,20,4,,,,,50,1,40
decision_forecast,0.32255442040912996,0.7029686364221601,0.38041421601303016,4.1465552604420095,8.185643297521855,4.039088037079845,True,42,,35,7,4981,5,1,0.003737645922228694,23.738435046447677,19.862597852646946,-3.8758371938007308,40,1,40
decision_forecast,,,,,,,False,42,counterfactual branch intentionally excluded from error aggregates,35,7,4981,10,2,,,,,45,1,40
decision_forecast,,,,,,,False,42,counterfactual branch intentionally excluded from error aggregates,35,7,4981,15,3,,,,,50,1,40
decision_forecast,0.31736347663992026,1.3379030216665455,1.0205395450266252,4.177068557469942,5.1981980404163055,1.021129482946363,True,42,,40,8,4981,5,1,0.005015827715396881,22.938412815116692,22.73712544908354,-0.2012873660331529,45,1,40
decision_forecast,,,,,,,False,42,counterfactual branch intentionally excluded from error aggregates,40,8,4981,10,2,,,,,50,1,40
decision_forecast,0.4292692960014092,1.1419858755138996,0.7127165795124905,4.2886678718733195,5.564596756078633,1.2759288842053138,True,42,,45,9,4981,5,1,0.0034257210791110992,18.283248615571022,26.522394559748175,8.239145944177153,50,1,40
decision_forecast,0.4188271999051819,1.071902567585121,0.6530753676799391,4.690970627715593,5.448174992618938,0.7572043649033446,True,42,,0,0,5172,5,1,0.004694614093750715,19.367330102558597,15.465613712013226,-3.9017163905453707,5,1,24
decision_forecast,,,,,,,False,42,counterfactual branch intentionally excluded from error aggregates,0,0,5172,10,2,,,,,10,1,24
decision_forecast,,,,,,,False,42,counterfactual branch intentionally excluded from error aggregates,0,0,5172,15,3,,,,,15,1,24
decision_forecast,,,,,,,False,42,counterfactual branch intentionally excluded from error aggregates,0,0,5172,20,4,,,,,20,1,24
decision_forecast,,,,,,,False,42,counterfactual branch intentionally excluded from error aggregates,0,0,5172,25,5,,,,,25,1,24
decision_forecast,0.539967435024528,0.7519765068617238,0.21200907183719575,8.817865569695806,7.3898550344720375,-1.4280105352237689,True,42,,5,1,5172,5,1,0.0030722853261977434,15.457586838947119,15.128705496662413,-0.32888134228470634,10,1,24
decision_forecast,,,,,,,False,42,counterfactual branch intentionally excluded from error aggregates,5,1,5172,10,2,,,,,15,1,24
decision_forecast,,,,,,,False,42,counterfactual branch intentionally excluded from error aggregates,5,1,5172,15,3,,,,,20,1,24
decision_forecast,,,,,,,False,42,counterfactual branch intentionally excluded from error aggregates,5,1,5172,20,4,,,,,25,1,24
decision_forecast,,,,,,,False,42,counterfactual branch intentionally excluded from error aggregates,5,1,5172,25,5,,,,,30,1,24
decision_forecast,0.2308057524330709,0.20282929759269866,-0.027976454840372228,8.239232942567492,6.441200428945489,-1.7980325136220028,True,42,,10,2,5172,5,1,0.006198596209287643,12.134133364454751,16.46110735648832,4.326973992033569,15,1,24
decision_forecast,,,,,,,False,42,counterfactual branch intentionally excluded from error aggregates,10,2,5172,10,2,,,,,20,1,24
decision_forecast,,,,,,,False,42,counterfactual branch intentionally excluded from error aggregates,10,2,5172,15,3,,,,,25,1,24
decision_forecast,,,,,,,False,42,counterfactual branch intentionally excluded from error aggregates,10,2,5172,20,4,,,,,30,1,24
decision_forecast,,,,,,,False,42,counterfactual branch intentionally excluded from error aggregates,10,2,5172,25,5,,,,,35,1,24
decision_forecast,0.06021494772283241,2.8602373375912196,2.800022389868387,3.5579667408194933,11.31075048329264,7.752783742473147,True,42,,15,3,5172,5,1,0.012795078568160534,5.688507116762487,10.343933086705276,4.6554259699427885,20,1,24
decision_forecast,,,,,,,False,42,counterfactual branch intentionally excluded from error aggregates,15,3,5172,10,2,,,,,25,1,24
decision_forecast,,,,,,,False,42,counterfactual branch intentionally excluded from error aggregates,15,3,5172,15,3,,,,,30,1,24
decision_forecast,,,,,,,False,42,counterfactual branch intentionally excluded from error aggregates,15,3,5172,20,4,,,,,35,1,24
decision_forecast,,,,,,,False,42,counterfactual branch intentionally excluded from error aggregates,15,3,5172,25,5,,,,,40,1,24
decision_forecast,0.3247071931424062,2.617710980542407,2.293003787400001,2.311531526443017,7.107737639618635,4.796206113175618,True,42,,20,4,5172,5,1,0.007869183085858822,5.886470001346351,7.43095112088877,1.5444811195424197,25,1,24
decision_forecast,,,,,,,False,42,counterfactual branch intentionally excluded from error aggregates,20,4,5172,10,2,,,,,30,1,24
decision_forecast,,,,,,,False,42,counterfactual branch intentionally excluded from error aggregates,20,4,5172,15,3,,,,,35,1,24
decision_forecast,,,,,,,False,42,counterfactual branch intentionally excluded from error aggregates,20,4,5172,20,4,,,,,40,1,24
decision_forecast,,,,,,,False,42,counterfactual branch intentionally excluded from error aggregates,20,4,5172,25,5,,,,,45,1,24
decision_forecast,1.0477621471178966,2.772494195572836,1.7247320484549395,4.2341755920595,4.012170292229311,-0.22200529983018846,True,42,,25,5,5172,5,1,0.011301897466182709,4.668721998972888,8.010429214624228,3.34170721565134,30,1,24
decision_forecast,,,,,,,False,42,counterfactual branch intentionally excluded from error aggregates,25,5,5172,10,2,,,,,35,1,24
decision_forecast,,,,,,,False,42,counterfactual branch intentionally excluded from error aggregates,25,5,5172,15,3,,,,,40,1,24
decision_forecast,,,,,,,False,42,counterfactual branch intentionally excluded from error aggregates,25,5,5172,20,4,,,,,45,1,24
decision_forecast,,,,,,,False,42,counterfactual branch intentionally excluded from error aggregates,25,5,5172,25,5,,,,,50,1,24
decision_forecast,0.6141578884921612,0.3117971969081274,-0.30236069158403384,7.761777895690409,4.044277513885988,-3.717500381804421,True,42,,30,6,5172,5,1,0.01760994829237461,2.7789192145758186,6.570361024324753,3.7914418097489344,35,1,24
decision_forecast,,,,,,,False,42,counterfactual branch intentionally excluded from error aggregates,30,6,5172,10,2,,,,,40,1,24
decision_forecast,,,,,,,False,42,counterfactual branch intentionally excluded from error aggregates,30,6,5172,15,3,,,,,45,1,24
decision_forecast,,,,,,,False,42,counterfactual branch intentionally excluded from error aggregates,30,6,5172,20,4,,,,,50,1,24
decision_forecast,0.10353294614200796,0.40192837319561564,0.29839542705360766,4.472090924423156,1.7634331043502682,-2.7086578200728884,True,42,,35,7,5172,5,1,0.009215286932885647,4.783408395310585,13.337912811567632,8.554504416257046,40,1,24
decision_forecast,,,,,,,False,42,counterfactual branch intentionally excluded from error aggregates,35,7,5172,10,2,,,,,45,1,24
decision_forecast,,,,,,,False,42,counterfactual branch intentionally excluded from error aggregates,35,7,5172,15,3,,,,,50,1,24
decision_forecast,2.0018828076052633,1.6310854979436111,-0.37079730966165214,5.593573858592243,5.1610037973991885,-0.4325700611930543,True,42,,40,8,5172,5,1,0.00682638818398118,2.7796678764912484,4.675506874696533,1.895838998205285,45,1,24
decision_forecast,,,,,,,False,42,counterfactual branch intentionally excluded from error aggregates,40,8,5172,10,2,,,,,50,1,24
decision_forecast,1.4201164289061587,2.0008737536540027,0.5807573247478439,4.3543275141568465,2.845347382243888,-1.5089801319129585,True,42,,45,9,5172,5,1,0.008155670017004013,3.2943169961277423,8.41993560366024,5.125618607532498,50,1,24
executed_action_flow,2.6666850484257347,0.2669631623647822,-2.3997218860609526,3.118853146720191,5.02306709290271,1.9042139461825185,True,,,0,0,2828,5,1,0.006157655734568834,8.074843990645675,3.3243547166446747,-4.7504892740010005,5,1,43
executed_action_flow,0.23476895540270826,2.8597711914766286,2.6250022360739202,4.342966733754245,6.199126716051497,1.8561599822972523,True,,,0,0,2828,10,2,0.01025383360683918,7.514754260046642,1.8859695149549023,-5.62878474509174,10,1,43
executed_action_flow,0.07417898970116638,4.181526907466674,4.107347917765508,5.905858614812123,5.869286342656314,-0.03657227215580949,True,,,0,0,2828,15,3,0.009562038816511631,5.301120623099464,10.585248899087022,5.284128275987558,15,1,43
executed_action_flow,0.08203360893476894,0.5258532271963658,0.4438196182615969,4.667322238537997,7.733890598029763,3.0665683594917663,True,,,0,0,2828,20,4,0.028246527537703514,9.613880250803115,19.046180002622627,9.432299751819512,20,1,43
executed_action_flow,3.1508376030214977,3.5632990666202278,0.41246146359873004,11.534119726528639,7.474655619603781,-4.059464106924858,True,,,0,0,2828,25,5,0.029990695416927338,13.028881220259905,14.140062863597713,1.1111816433378081,25,1,43
executed_action_flow,0.23476895540270826,3.8871682464299466,3.6523992910272383,4.342966733754245,4.7969152599505325,0.4539485261962879,True,,,5,1,2828,5,1,0.007922801189124584,7.514754260046642,5.421649754722724,-2.093104505323918,10,1,43
executed_action_flow,0.07417898970116638,4.313786690554801,4.239607700853635,5.905858614812123,3.8190903873825164,-2.086768227429607,True,,,5,1,2828,10,2,0.011845976114273071,5.301120623099464,7.0870443115811845,1.785923688481721,15,1,43
executed_action_flow,0.08203360893476894,0.7433264503695719,0.6612928414348029,4.667322238537997,10.722028728907972,6.054706490369975,True,,,5,1,2828,15,3,0.025265326723456383,9.613880250803115,11.49132525024227,1.8774449994391542,20,1,43
executed_action_flow,3.1508376030214977,3.4894783820707302,0.3386407790492325,11.534119726528639,9.110751117756385,-2.423368608772254,True,,,5,1,2828,20,4,0.04211898148059845,13.028881220259905,8.839536412715821,-4.189344807544083,25,1,43
executed_action_flow,4.290359043389746,5.611973327030532,1.3216142836407867,16.19791198405514,11.131849533819338,-5.066062450235801,True,,,5,1,2828,25,5,0.041239067912101746,25.697140370440483,19.12480060732705,-6.572339763113433,30,1,43
executed_action_flow,0.07417898970116638,0.10570714290994523,0.03152815320877886,5.905858614812123,5.805023995804854,-0.10083461900726931,True,,,10,2,2828,5,1,0.008075953461229801,5.301120623099464,6.210631764911742,0.9095111418122785,15,1,43
executed_action_flow,0.08203360893476894,4.801387723084268,4.719354114149499,4.667322238537997,10.987186720859434,6.319864482321437,True,,,10,2,2828,10,2,0.03280479460954666,9.613880250803115,6.4148139626039535,-3.1990662881991616,20,1,43
executed_action_flow,3.1508376030214977,0.29084007823456715,-2.8599975247869307,11.534119726528639,11.252838992943802,-0.2812807335848362,True,,,10,2,2828,15,3,0.06040576100349426,13.028881220259905,4.920671193074901,-8.108210027185002,25,1,43
executed_action_flow,4.290359043389746,2.090655640052119,-2.199703403337627,16.19791198405514,13.424948427124262,-2.7729635569308773,True,,,10,2,2828,20,4,0.06302473694086075,25.697140370440483,18.20555892265719,-7.491581447783293,30,1,43
executed_action_flow,3.647802167031626,0.9054538945148262,-2.7423482725167996,12.811035592042554,11.695218525789013,-1.1158170662535412,True,,,10,2,2828,25,5,0.05778774991631508,16.31642953090236,13.598609952288758,-2.7178195786136037,35,1,43
executed_action_flow,0.08203360893476894,3.697246662616686,3.6152130536819174,4.667322238537997,4.811951271318969,0.14462903278097183,True,,,15,3,2828,5,1,0.028967997059226036,9.613880250803115,9.423442503348827,-0.190437747454288,20,1,43
executed_action_flow,3.1508376030214977,0.3663334029473797,-2.7845042000741183,11.534119726528639,10.576905686122561,-0.9572140404060772,True,,,15,3,2828,10,2,0.037836551666259766,13.028881220259905,4.334950020745244,-8.693931199514662,25,1,43
executed_action_flow,4.290359043389746,2.560408730408916,-1.7299503129808298,16.19791198405514,13.904257143580557,-2.2936548404745825,True,,,15,3,2828,15,3,0.04018860682845116,25.697140370440483,17.288000105508992,-8.40914026493149,30,1,43
executed_action_flow,3.647802167031626,1.6305740975600598,-2.017228069471566,12.811035592042554,10.807239366472608,-2.003796225569946,True,,,15,3,2828,20,4,0.0372995100915432,16.31642953090236,11.242949234115903,-5.0734802967864585,35,1,43
executed_action_flow,3.2395207792049434,1.8007004494067373,-1.438820329798206,12.197485495935805,11.019003135087763,-1.178482360848042,True,,,15,3,2828,25,5,0.039824072271585464,14.549393712382352,11.692932216466627,-2.8564614959157257,40,1,43
executed_action_flow,3.1508376030214977,4.859013272928327,1.7081756699068293,11.534119726528639,14.352534104036891,2.818414377508253,True,,,20,4,2828,5,1,0.01569190062582493,13.028881220259905,15.517554177934676,2.488672957674771,25,1,43
executed_action_flow,4.290359043389746,6.7109234437289045,2.420564400339159,16.19791198405514,18.509013266148354,2.3111012820932153,True,,,20,4,2828,10,2,0.018085263669490814,25.697140370440483,28.00413192784553,2.3069915574050484,30,1,43
executed_action_flow,3.647802167031626,4.77497462538049,1.127172458348864,12.811035592042554,13.779009812776902,0.967974220734348,True,,,20,4,2828,15,3,0.01687736064195633,16.31642953090236,19.460976594435035,3.1445470635326735,35,1,43
executed_action_flow,3.2395207792049434,4.966793658031128,1.7272728788261849,12.197485495935805,13.282091747509433,1.0846062515736286,True,,,20,4,2828,20,4,0.020812975242733955,14.549393712382352,18.0579992682529,3.508605555870547,40,1,43
executed_action_flow,0.020753151701414542,0.2980861527606123,0.2773330010591977,2.7010399493991484,7.735093937001037,5.034053987601888,True,,,20,4,2828,25,5,0.026393594220280647,14.96569392590581,21.719229960260446,6.753536034354635,45,1,43
executed_action_flow,4.290359043389746,4.16424643055463,-0.126112612835116,16.19791198405514,14.969523622476428,-1.2283883615787108,True,,,25,5,2828,5,1,0.004791220184415579,25.697140370440483,31.143406347473107,5.446265977032624,30,1,43
executed_action_flow,3.647802167031626,2.2528862932182614,-1.3949158738133645,12.811035592042554,8.557102588500657,-4.253933003541897,True,,,25,5,2828,10,2,0.007232510019093752,16.31642953090236,22.127490851193475,5.811061320291113,35,1,43
executed_action_flow,3.2395207792049434,2.4045438135492248,-0.8349769656557187,12.197485495935805,7.958462536840877,-4.239022959094928,True,,,25,5,2828,15,3,0.010695777833461761,14.549393712382352,20.430464887758227,5.881071175375874,40,1,43
executed_action_flow,0.020753151701414542,1.8389434347529772,1.8181902830515626,2.7010399493991484,2.3613324221173486,-0.33970752728179976,True,,,25,5,2828,20,4,0.015205050818622112,14.96569392590581,18.8051948524529,3.839500926547089,45,1,43
executed_action_flow,2.8473039963061315,0.6298694218831516,-2.2174345744229798,9.62603531119945,7.194534624702644,-2.431500686496806,True,,,25,5,2828,25,5,0.027045689523220062,7.067377129608298,21.30230410210774,14.234926972499442,50,1,43
executed_action_flow,1.3456672459681291,8.180664869156569,6.83499762318844,6.941633894153945,14.901520618609979,7.959886724456034,True,,,0,0,3876,5,1,0.06612325459718704,5.2225634711241105,12.096077540793472,6.873514069669361,5,1,16
executed_action_flow,0.31563608155934697,3.4387947210610372,3.1231586395016904,11.886777027727396,22.4164009410246,10.529623913297206,True,,,0,0,3876,10,2,0.044854894280433655,3.3806708951011983,15.337074416089735,11.956403520988536,10,1,16
executed_action_flow,2.214880704038677,0.5329876020580573,-1.6818931019806198,15.728974165791865,29.449694928481517,13.720720762689652,True,,,0,0,3876,15,3,0.041284024715423584,24.487697072534804,34.368135173420924,9.88043810088612,15,1,16
executed_action_flow,1.043597643299306,0.6352752743376037,-0.40832236896170226,11.184543900187341,22.559759989926633,11.375216089739292,True,,,0,0,3876,20,4,0.04107105731964111,71.9643320324532,67.8997499643653,-4.064582068087901,20,1,16
executed_action_flow,3.8121875026072947,4.004197780554693,0.19201027794739867,5.849123752280042,14.363802770186803,8.514679017906762,True,,,0,0,3876,25,5,0.03594328835606575,54.425492088016874,58.892065130715494,4.46657304269862,25,1,16
executed_action_flow,0.31563608155934697,2.9964865715199163,2.6808504899605694,11.886777027727396,15.875376520222801,3.988599492495405,True,,,5,1,3876,5,1,0.009909586980938911,3.3806708951011983,13.727304682966075,10.346633787864876,10,1,16
executed_action_flow,2.214880704038677,6.458204027800798,4.243323323762121,15.728974165791865,21.550875009748914,5.821900843957049,True,,,5,1,3876,10,2,0.015587273985147476,24.487697072534804,29.552781826864294,5.06508475432949,15,1,16
executed_action_flow,1.043597643299306,4.840801571963439,3.7972039286641333,11.184543900187341,15.502998947609296,4.3184550474219545,True,,,5,1,3876,15,3,0.014501489698886871,71.9643320324532,66.02710738044418,-5.9372246520090215,20,1,16
executed_action_flow,3.8121875026072947,1.0613437154935637,-2.7508437871137312,5.849123752280042,7.6423119069333865,1.7931881546533441,True,,,5,1,3876,20,4,0.01312797237187624,54.425492088016874,55.96551935904354,1.5400272710266663,25,1,16
executed_action_flow,2.6017550382759747,0.6494696481634548,-1.95228539011252,8.844366164303908,10.90133793325743,2.056971768953522,True,,,5,1,3876,25,5,0.027712998911738396,54.11394427891969,51.92382529714653,-2.1901189817731606,30,1,16
executed_action_flow,2.214880704038677,3.918685052876698,1.703804348838021,15.728974165791865,20.156763897642012,4.427789731850147,True,,,10,2,3876,5,1,0.006385429296642542,24.487697072534804,26.946456185091705,2.4587591125569013,15,1,16
executed_action_flow,1.043597643299306,2.7698882156155733,1.7262905723162674,11.184543900187341,13.773045024383888,2.588501124196547,True,,,10,2,3876,10,2,0.008203983306884766,71.9643320324532,64.33838998255611,-7.625942049897091,20,1,16
executed_action_flow,3.8121875026072947,0.1071240665771977,-3.705063436030097,5.849123752280042,7.1321974624605025,1.2830737101804601,True,,,10,2,3876,15,3,0.008741085417568684,54.425492088016874,55.39838065856991,0.9728885705530388,25,1,16
executed_action_flow,2.6017550382759747,0.18472867592688258,-2.417026362349092,8.844366164303908,10.844859049246157,2.0004928849422488,True,,,10,2,3876,20,4,0.024293681606650352,54.11394427891969,51.120096896016925,-2.9938473829027643,30,1,16
executed_action_flow,1.903368195642171,1.5015767282575656,-0.40179146738460547,11.497150928860865,14.86169733157461,3.3645464027137457,True,,,10,2,3876,25,5,0.03201417997479439,63.37308036200246,54.86516150449929,-8.50791885750317,35,1,16
executed_action_flow,1.043597643299306,1.4376188368695662,0.3940211935702602,11.184543900187341,12.57488998744519,1.3903460872578481,True,,,15,3,3876,5,1,0.006124259438365698,71.9643320324532,65.5412177533209,-6.423114279132307,20,1,16
executed_action_flow,3.8121875026072947,1.2231359958222612,-2.5890515067850335,5.849123752280042,7.196160538894504,1.3470367866144617,True,,,15,3,3876,10,2,0.006680220831185579,54.425492088016874,55.21272799776411,0.7872359097472383,25,1,16
executed_action_flow,2.6017550382759747,1.0010319043917866,-1.600723133884188,8.844366164303908,11.027132571332688,2.1827664070287796,True,,,15,3,3876,15,3,0.017729787155985832,54.11394427891969,51.02457123913445,-3.0893730397852366,30,1,16
executed_action_flow,1.903368195642171,1.0598274134978207,-0.8435407821443504,11.497150928860865,15.244561445376826,3.747410516515961,True,,,15,3,3876,20,4,0.024060750380158424,63.37308036200246,54.89623340927223,-8.476846952730234,35,1,16
executed_action_flow,2.468498047569026,0.18095841150503553,-2.2875396360639906,10.80488699399498,12.695598405380489,1.8907114113855084,True,,,15,3,3876,25,5,0.13501577079296112,171.33498353118517,72.43916182633225,-98.89582170485292,40,1,16
executed_action_flow,3.8121875026072947,3.069827902096949,-0.7423596005103459,5.849123752280042,8.856769764133364,3.007646011853322,True,,,20,4,3876,5,1,0.007936232723295689,54.425492088016874,60.21593434325884,5.790442255241963,25,1,16
executed_action_flow,2.6017550382759747,3.0880645071808828,0.4863094689049081,8.844366164303908,12.569772577296595,3.7254064129926867,True,,,20,4,3876,10,2,0.02802366018295288,54.11394427891969,56.71026154734413,2.5963172684244427,30,1,16
executed_action_flow,1.903368195642171,0.7863863795349658,-1.1169818161072054,11.497150928860865,16.08010574139889,4.5829548125380235,True,,,20,4,3876,15,3,0.03222625330090523,63.37308036200246,61.15685464584109,-2.216225716161368,35,1,16
executed_action_flow,2.468498047569026,1.2125218818520613,-1.2559761657169646,10.80488699399498,13.508556597915103,2.7036696039201225,True,,,20,4,3876,20,4,0.13268938660621643,171.33498353118517,76.9749281390506,-94.36005539213457,40,1,16
executed_action_flow,3.053025636738717,0.9917987293644939,-2.0612269073742233,14.550707156154651,17.68691046576767,3.1362033096130197,True,,,20,4,3876,25,5,0.06444092839956284,105.02291760176692,76.44867098048543,-28.57424662128149,45,1,16
executed_action_flow,2.6017550382759747,1.4049556315280005,-1.1967994067479741,8.844366164303908,9.838865768185965,0.9944996038820566,True,,,25,5,3876,5,1,0.009321379475295544,54.11394427891969,48.94914598023699,-5.1647982986826975,30,1,16
executed_action_flow,1.903368195642171,0.7973022625592108,-1.1060659330829603,11.497150928860865,13.859411661081829,2.362260732220964,True,,,25,5,3876,10,2,0.015898844227194786,63.37308036200246,51.41353334689273,-11.959547015109735,35,1,16
executed_action_flow,2.468498047569026,0.4291538255649589,-2.039344222004067,10.80488699399498,12.01934695862954,1.2144599646345604,True,,,25,5,3876,15,3,0.11988979578018188,171.33498353118517,71.0246563600673,-100.31032717111788,40,1,16
executed_action_flow,3.053025636738717,1.6177855667961625,-1.4352400699425547,14.550707156154651,16.04462564200353,1.49391848584888,True,,,25,5,3876,20,4,0.04938008263707161,105.02291760176692,68.88018037077255,-36.14273723099437,45,1,16
executed_action_flow,0.5634229249996341,7.797440199500219,7.234017274500585,17.82229109720712,27.99239118630831,10.17010008910119,True,,,25,5,3876,25,5,0.09553840011358261,177.36555386348854,94.11392456959193,-83.25162929389661,50,1,16
executed_action_flow,2.0367508348671564,8.733583222029191,6.6968323871620345,11.33750002292496,12.102733025277608,0.7652330023526481,True,,,0,0,4981,5,1,0.010051760822534561,2.727850018165165,8.834778810653173,6.106928792488008,5,1,40
executed_action_flow,2.3204667149078997,12.833876375985048,10.513409661077148,5.21918568595999,8.38786248606923,3.16867680010924,True,,,0,0,4981,10,2,0.01109073031693697,9.853345902096079,5.626662305440561,-4.226683596655517,10,1,40
executed_action_flow,0.3349580439418731,8.719971476616326,8.385013432674453,4.254057899365643,12.427426187167471,8.173368287801829,True,,,0,0,4981,15,3,0.01689763553440571,27.035295898268274,12.085555994363387,-14.949739903904886,15,1,40
executed_action_flow,0.0712469663771252,7.690498044155325,7.619251077778199,4.1068342895489,10.254232437218617,6.147398147669717,True,,,0,0,4981,20,4,0.015974950045347214,25.869820945224493,15.06922667169818,-10.800594273526313,20,1,40
executed_action_flow,0.030358927715984488,7.175611063763084,7.145252136047099,1.818831835468961,9.319094978852176,7.500263143383215,True,,,0,0,4981,25,5,0.017970822751522064,19.16985960374327,13.948827704728059,-5.221031899015211,25,1,40
executed_action_flow,2.3204667149078997,4.106970994216435,1.7865042793085353,5.21918568595999,2.8406986014780733,-2.3784870844819164,True,,,5,1,4981,5,1,0.004791393876075745,9.853345902096079,9.471230609122792,-0.38211529297328717,10,1,40
executed_action_flow,0.3349580439418731,2.7992902964824737,2.4643322525406006,4.254057899365643,6.271699455005377,2.0176415556397345,True,,,5,1,4981,10,2,0.0072455327026546,27.035295898268274,21.71827053143261,-5.317025366835665,15,1,40
executed_action_flow,0.0712469663771252,2.4257062696394565,2.354459303262331,4.1068342895489,5.515343560870491,1.4085092713215914,True,,,5,1,4981,15,3,0.007096907589584589,25.869820945224493,23.553767519797905,-2.3160534254265883,20,1,40
executed_action_flow,0.030358927715984488,2.3675403786676275,2.337181450951643,1.818831835468961,3.6051616169759297,1.7863297815069688,True,,,5,1,4981,20,4,0.008919871412217617,19.16985960374327,21.533207594555684,2.3633479908124144,25,1,40
executed_action_flow,0.35462898875150983,0.38998204789549584,0.03535305914398601,3.8873313619109835,3.483479664118719,-0.4038516977922644,True,,,5,1,4981,25,5,0.01744895428419113,24.938201289982572,9.485832232543471,-15.452369057439101,30,1,40
executed_action_flow,0.3349580439418731,2.006605862167474,1.6716478182256007,4.254057899365643,2.8715643515143383,-1.3824935478513045,True,,,10,2,4981,5,1,0.004849359393119812,27.035295898268274,18.77792436911949,-8.257371529148784,15,1,40
executed_action_flow,0.0712469663771252,2.1860212712853686,2.1147743049082433,4.1068342895489,3.7732761825274164,-0.33355810702148325,True,,,10,2,4981,10,2,0.005509498063474894,25.869820945224493,18.219469373515608,-7.650351571708885,20,1,40
executed_action_flow,0.030358927715984488,2.2481213512191247,2.21776242350314,1.818831835468961,1.4181763114858772,-0.4006555239830838,True,,,10,2,4981,15,3,0.006758761126548052,19.16985960374327,14.535089660084683,-4.634769943658586,25,1,40
executed_action_flow,0.35462898875150983,0.29941373950112676,-0.05521524925038307,3.8873313619109835,1.6546018532681364,-2.232729508642847,True,,,10,2,4981,20,4,0.017504548653960228,24.938201289982572,2.8147459031405475,-22.123455386842025,30,1,40
executed_action_flow,0.2929387201679547,0.8873291024991443,0.5943903823311896,4.847500343006311,3.5113618512002343,-1.3361384918060764,True,,,10,2,4981,25,5,0.018300829455256462,23.69682551643795,3.9300677955265706,-19.76675772091138,35,1,40
executed_action_flow,0.0712469663771252,0.8023615492241857,0.7311145828470604,4.1068342895489,4.995387317844319,0.8885530282954193,True,,,15,3,4981,5,1,0.002683228114619851,25.869820945224493,25.17104823783434,-0.6987727073901517,20,1,40
executed_action_flow,0.030358927715984488,1.6272844764216456,1.596925548705661,1.818831835468961,3.868214652793173,2.049382817324212,True,,,15,3,4981,10,2,0.0038562603294849396,19.16985960374327,20.09775184020618,0.9278922364629096,25,1,40
executed_action_flow,0.35462898875150983,0.12812878178499137,-0.22650020696651846,3.8873313619109835,3.555412661181152,-0.33191870072983143,True,,,15,3,4981,15,3,0.013450155965983868,24.938201289982572,8.413080960778318,-16.525120329204256,30,1,40
executed_action_flow,0.2929387201679547,0.5503548896073952,0.2574161694394405,4.847500343006311,5.8154579591482545,0.9679576161419439,True,,,15,3,4981,20,4,0.014037072658538818,23.69682551643795,10.409229566872796,-13.287595949565155,35,1,40
executed_action_flow,0.32255442040912996,0.09956240438655369,-0.2229920160225763,4.1465552604420095,8.596353252990609,4.449797992548599,True,,,15,3,4981,25,5,0.01774083636701107,23.738435046447677,6.287796700742319,-17.450638345705357,40,1,40
executed_action_flow,0.030358927715984488,0.7468730924070021,0.7165141646910176,1.818831835468961,4.125247572675518,2.3064157372065566,True,,,20,4,4981,5,1,0.002954053459689021,19.16985960374327,27.427346901353616,8.257487297610346,25,1,40
executed_action_flow,0.35462898875150983,0.28634328371916673,-0.0682857050323431,3.8873313619109835,3.1330694152657808,-0.7542619466452027,True,,,20,4,4981,10,2,0.012676634825766087,24.938201289982572,11.223854327346618,-13.714346962635954,30,1,40
executed_action_flow,0.2929387201679547,0.4038609922889618,0.11092227212100708,4.847500343006311,5.02624449953808,0.17874415653176978,True,,,20,4,4981,15,3,0.013774269260466099,23.69682551643795,13.315751033879812,-10.38107448255814,35,1,40
executed_action_flow,0.32255442040912996,0.13730855602948852,-0.18524586437964144,4.1465552604420095,7.377777427641599,3.231222167199589,True,,,20,4,4981,20,4,0.017355287447571754,23.738435046447677,9.941761146141964,-13.796673900305713,40,1,40
executed_action_flow,0.31736347663992026,0.19935399444988436,-0.1180094821900359,4.177068557469942,7.119329352757852,2.9422607952879094,True,,,20,4,4981,25,5,0.025410592555999756,22.938412815116692,14.207934991200794,-8.730477823915898,45,1,40
executed_action_flow,0.35462898875150983,0.45149725785007505,0.09686826909856522,3.8873313619109835,2.9577204681120652,-0.9296108937989183,True,,,25,5,4981,5,1,0.010160456411540508,24.938201289982572,9.661274921857313,-15.27692636812526,30,1,40
executed_action_flow,0.2929387201679547,0.8840506116975382,0.5911118915295834,4.847500343006311,5.1532902809791885,0.3057899379728779,True,,,25,5,4981,10,2,0.011115125380456448,23.69682551643795,11.078661979904412,-12.618163536533539,35,1,40
executed_action_flow,0.32255442040912996,0.5372955679143309,0.2147411475052009,4.1465552604420095,7.9775304097895,3.8309751493474904,True,,,25,5,4981,15,3,0.015241466462612152,23.738435046447677,7.452813158839766,-16.28562188760791,40,1,40
executed_action_flow,0.31736347663992026,0.4568086187349006,0.13944514209498032,4.177068557469942,7.005325641765429,2.828257084295487,True,,,25,5,4981,20,4,0.02189241163432598,22.938412815116692,10.833001014490566,-12.105411800626126,45,1,40
executed_action_flow,0.4292692960014092,0.2975012865335232,-0.13176800946788597,4.2886678718733195,7.340751933343699,3.0520840614703797,True,,,25,5,4981,25,5,0.024007702246308327,18.283248615571022,11.039121899008835,-7.244126716562187,50,1,40
executed_action_flow,0.4188271999051819,1.071902567585121,0.6530753676799391,4.690970627715593,5.448174992618938,0.7572043649033446,True,,,0,0,5172,5,1,0.004694614093750715,19.367330102558597,15.465613712013226,-3.9017163905453707,5,1,24
executed_action_flow,0.539967435024528,0.2505313387560677,-0.28943609626846034,8.817865569695806,7.962732754955941,-0.8551328147398651,True,,,0,0,5172,10,2,0.007464221213012934,15.457586838947119,13.485202601522696,-1.9723842374244231,10,1,24
executed_action_flow,0.2308057524330709,0.9726462585664958,0.7418405061334249,8.239232942567492,7.005613102358387,-1.233619840209105,True,,,0,0,5172,15,3,0.016188478097319603,12.134133364454751,17.510757648492408,5.376624284037657,15,1,24
executed_action_flow,0.06021494772283241,4.101200747512497,4.040985799789665,3.5579667408194933,6.482082817960554,2.9241160771410604,True,,,0,0,5172,20,4,0.06370217353105545,5.688507116762487,22.077641276368013,16.389134159605526,20,1,24
executed_action_flow,0.3247071931424062,8.213657646777174,7.888950453634767,2.311531526443017,8.79903405174257,6.487502525299552,True,,,0,0,5172,25,5,0.08327110856771469,5.886470001346351,24.215514367320523,18.329044365974173,25,1,24
executed_action_flow,0.539967435024528,0.7519765068617238,0.21200907183719575,8.817865569695806,7.389857254582222,-1.4280083151135843,True,,,5,1,5172,5,1,0.0030722857918590307,15.457586838947119,15.128705496662413,-0.32888134228470634,10,1,24
executed_action_flow,0.2308057524330709,0.4727310528349225,0.24192530040185162,8.239232942567492,5.288843726817657,-2.9503892157498353,True,,,5,1,5172,10,2,0.011562743224203587,12.134133364454751,11.55899995884927,-0.5751334056054809,15,1,24
executed_action_flow,0.06021494772283241,4.325613442882435,4.265398495159603,3.5579667408194933,5.98447608255444,2.4265093417349464,True,,,5,1,5172,15,3,0.06188969686627388,5.688507116762487,18.533308150635662,12.844801033873175,20,1,24
executed_action_flow,0.3247071931424062,8.542408311908227,8.21770111876582,2.311531526443017,7.269622898001319,4.958091371558302,True,,,5,1,5172,20,4,0.08633768558502197,5.886470001346351,21.466053578096627,15.579583576750277,25,1,24
executed_action_flow,1.0477621471178966,12.670394529405113,11.622632382287216,4.2341755920595,6.546086610480012,2.3119110184205125,True,,,5,1,5172,25,5,0.05268906429409981,4.668721998972888,22.618443717307585,17.949721718334697,30,1,24
executed_action_flow,0.2308057524330709,0.20282929759269866,-0.027976454840372228,8.239232942567492,6.441200428945489,-1.7980325136220028,True,,,10,2,5172,5,1,0.006198597606271505,12.134133364454751,16.46110735648832,4.326973992033569,15,1,24
executed_action_flow,0.06021494772283241,4.883885784882597,4.823670837159765,3.5579667408194933,9.16617786241589,5.608211121596396,True,,,10,2,5172,10,2,0.04860864207148552,5.688507116762487,20.074746510050336,14.386239393287848,20,1,24
executed_action_flow,0.3247071931424062,9.146606845887556,8.821899652745149,2.311531526443017,9.588341425615402,7.276809899172385,True,,,10,2,5172,15,3,0.0679183304309845,5.886470001346351,22.365747825330875,16.479277823984525,25,1,24
executed_action_flow,1.0477621471178966,12.363719035671542,11.315956888553645,4.2341755920595,8.712027203159378,4.4778516110998785,True,,,10,2,5172,20,4,0.04023588076233864,4.668721998972888,22.434343483535116,17.765621484562228,30,1,24
executed_action_flow,0.6141578884921612,11.67491158889745,11.06075370040529,7.761777895690409,6.4774122938593095,-1.2843656018310998,True,,,10,2,5172,25,5,0.05691118910908699,2.7789192145758186,19.54911760529472,16.770198390718903,35,1,24
executed_action_flow,0.06021494772283241,2.8602373375912196,2.800022389868387,3.5579667408194933,11.310695334703782,7.752728593884289,True,,,15,3,5172,5,1,0.012795074842870235,5.688507116762487,10.343933086705276,4.6554259699427885,20,1,24
executed_action_flow,0.3247071931424062,6.493624768471203,6.168917575328797,2.311531526443017,12.217377823609748,9.90584629716673,True,,,15,3,5172,10,2,0.027771634981036186,5.886470001346351,10.303917976526787,4.417447975180436,25,1,24
executed_action_flow,1.0477621471178966,7.389019055584455,6.341256908466558,4.2341755920595,8.788418114120448,4.554242522060949,True,,,15,3,5172,15,3,0.02156636118888855,4.668721998972888,12.528641771810832,7.859919772837944,30,1,24
executed_action_flow,0.6141578884921612,6.811707616821651,6.19754972832949,7.761777895690409,7.428245742023959,-0.33353215366645017,True,,,15,3,5172,20,4,0.03161570802330971,2.7789192145758186,10.62430482759463,7.845385613018811,35,1,24
executed_action_flow,0.10353294614200796,6.3329659975171175,6.22943305137511,4.472090924423156,4.456143213319511,-0.015947711103645013,True,,,15,3,5172,25,5,0.04176656901836395,4.783408395310585,18.976453119374643,14.193044724064059,40,1,24
executed_action_flow,0.3247071931424062,2.617710980542407,2.293003787400001,2.311531526443017,7.107770192929621,4.7962386664866035,True,,,20,4,5172,5,1,0.007869184017181396,5.886470001346351,7.430938496452025,1.544468495105674,25,1,24
executed_action_flow,1.0477621471178966,1.8399001662992953,0.7921380191813987,4.2341755920595,5.6587084138034625,1.4245328217439628,True,,,20,4,5172,10,2,0.015144956298172474,4.668721998972888,5.446618518292935,0.7778965193200467,30,1,24
executed_action_flow,0.6141578884921612,1.28307929504653,0.6689214065543687,7.761777895690409,5.4566950732562045,-2.305082822434205,True,,,20,4,5172,15,3,0.028110504150390625,2.7789192145758186,1.6766099515326234,-1.1023092630431952,35,1,24
executed_action_flow,0.10353294614200796,0.7722904281562964,0.6687574820142885,4.472090924423156,6.131377315882707,1.6592863914595508,True,,,20,4,5172,20,4,0.028643598780035973,4.783408395310585,11.612330185351832,6.828921790041247,40,1,24
executed_action_flow,2.0018828076052633,0.3940382702084895,-1.6078445373967738,5.593573858592243,4.21645981537044,-1.3771140432218028,True,,,20,4,5172,25,5,0.011421941220760345,2.7796678764912484,5.842706202131687,3.0630383256404388,45,1,24
executed_action_flow,1.0477621471178966,2.772494195572836,1.7247320484549395,4.2341755920595,4.012201260557561,-0.22197433150193824,True,,,25,5,5172,5,1,0.011301892809569836,4.668721998972888,8.010429214624228,3.34170721565134,30,1,24
executed_action_flow,0.6141578884921612,1.5303867845143517,0.9162288960221905,7.761777895690409,4.0608518493548615,-3.700926046335548,True,,,25,5,5172,10,2,0.02255401201546192,2.7789192145758186,4.662327335768674,1.883408121192855,35,1,24
executed_action_flow,0.10353294614200796,1.5282011239799476,1.4246681778379395,4.472090924423156,4.812613257743725,0.34052233332056847,True,,,25,5,5172,15,3,0.027779266238212585,4.783408395310585,16.163394022565573,11.379985627254989,40,1,24
executed_action_flow,2.0018828076052633,0.12456433309223863,-1.8773184745130247,5.593573858592243,5.82066955245871,0.22709569386646766,True,,,25,5,5172,20,4,0.014424885623157024,2.7796678764912484,7.431506739122509,4.65183886263126,45,1,24
executed_action_flow,1.4201164289061587,0.6428409013587076,-0.7772755275474511,4.3543275141568465,4.465119837067835,0.11079232291098862,True,,,25,5,5172,25,5,0.016851769760251045,3.2943169961277423,8.712078825377143,5.4177618292494,50,1,24
decision_forecast,0.19598544804434587,0.5251083584851653,0.3291229104408195,6.681343655550406,3.541312253287563,-3.140031402262843,True,42,,0,0,1625,5,1,0.0022646323777735233,4.109313903529263,8.78204816440176,4.672734260872496,5,1,73
decision_forecast,,,,,,,False,42,counterfactual branch intentionally excluded from error aggregates,0,0,1625,10,2,,,,,10,1,73
decision_forecast,,,,,,,False,42,counterfactual branch intentionally excluded from error aggregates,0,0,1625,15,3,,,,,15,1,73
decision_forecast,,,,,,,False,42,counterfactual branch intentionally excluded from error aggregates,0,0,1625,20,4,,,,,20,1,73
decision_forecast,,,,,,,False,42,counterfactual branch intentionally excluded from error aggregates,0,0,1625,25,5,,,,,25,1,73
decision_forecast,0.16629461572230045,0.11386608365328257,-0.052428532069017875,3.8341463305468206,3.824452158806017,-0.009694171740803448,True,42,,5,1,1625,5,1,0.001690006349235773,4.892134766659567,8.186370134671705,3.2942353680121377,10,1,73
decision_forecast,,,,,,,False,42,counterfactual branch intentionally excluded from error aggregates,5,1,1625,10,2,,,,,15,1,73
decision_forecast,,,,,,,False,42,counterfactual branch intentionally excluded from error aggregates,5,1,1625,15,3,,,,,20,1,73
decision_forecast,,,,,,,False,42,counterfactual branch intentionally excluded from error aggregates,5,1,1625,20,4,,,,,25,1,73
decision_forecast,,,,,,,False,42,counterfactual branch intentionally excluded from error aggregates,5,1,1625,25,5,,,,,30,1,73
decision_forecast,0.1187018575856516,0.06588058963935799,-0.05282126794629362,4.6324796645528235,0.3252136437229731,-4.30726602082985,True,42,,10,2,1625,5,1,0.004478003364056349,11.10923215391952,16.662806213210875,5.553574059291355,15,1,73
decision_forecast,,,,,,,False,42,counterfactual branch intentionally excluded from error aggregates,10,2,1625,10,2,,,,,20,1,73
decision_forecast,,,,,,,False,42,counterfactual branch intentionally excluded from error aggregates,10,2,1625,15,3,,,,,25,1,73
decision_forecast,,,,,,,False,42,counterfactual branch intentionally excluded from error aggregates,10,2,1625,20,4,,,,,30,1,73
decision_forecast,,,,,,,False,42,counterfactual branch intentionally excluded from error aggregates,10,2,1625,25,5,,,,,35,1,73
decision_forecast,0.027894492570332077,1.233562899955568,1.2056684073852357,4.006771340129548,5.631390434578293,1.6246190944487449,True,42,,15,3,1625,5,1,0.011739819310605526,5.8014117896675526,17.017913098539747,11.216501308872195,20,1,73
decision_forecast,,,,,,,False,42,counterfactual branch intentionally excluded from error aggregates,15,3,1625,10,2,,,,,25,1,73
decision_forecast,,,,,,,False,42,counterfactual branch intentionally excluded from error aggregates,15,3,1625,15,3,,,,,30,1,73
decision_forecast,,,,,,,False,42,counterfactual branch intentionally excluded from error aggregates,15,3,1625,20,4,,,,,35,1,73
decision_forecast,,,,,,,False,42,counterfactual branch intentionally excluded from error aggregates,15,3,1625,25,5,,,,,40,1,73
decision_forecast,0.012331906546458021,0.6900505967518032,0.6777186902053453,2.692932283150708,6.771358187146541,4.078425903995833,True,42,,20,4,1625,5,1,0.005180148873478174,2.6559128651069797,16.941187829899146,14.285274964792166,25,1,73
decision_forecast,,,,,,,False,42,counterfactual branch intentionally excluded from error aggregates,20,4,1625,10,2,,,,,30,1,73
decision_forecast,,,,,,,False,42,counterfactual branch intentionally excluded from error aggregates,20,4,1625,15,3,,,,,35,1,73
decision_forecast,,,,,,,False,42,counterfactual branch intentionally excluded from error aggregates,20,4,1625,20,4,,,,,40,1,73
decision_forecast,,,,,,,False,42,counterfactual branch intentionally excluded from error aggregates,20,4,1625,25,5,,,,,45,1,73
decision_forecast,0.014169227433191453,0.8305339276006255,0.816364700167434,4.191101110217466,1.9508445055101125,-2.2402566047073535,True,42,,25,5,1625,5,1,0.0033057171385735273,5.039278418120003,6.931172076743826,1.8918936586238226,30,1,73
decision_forecast,,,,,,,False,42,counterfactual branch intentionally excluded from error aggregates,25,5,1625,10,2,,,,,35,1,73
decision_forecast,,,,,,,False,42,counterfactual branch intentionally excluded from error aggregates,25,5,1625,15,3,,,,,40,1,73
decision_forecast,,,,,,,False,42,counterfactual branch intentionally excluded from error aggregates,25,5,1625,20,4,,,,,45,1,73
decision_forecast,,,,,,,False,42,counterfactual branch intentionally excluded from error aggregates,25,5,1625,25,5,,,,,50,1,73
decision_forecast,0.01951043536414142,0.7368886189851657,0.7173781836210242,4.4349705815362634,10.465422198047282,6.0304516165110185,True,42,,30,6,1625,5,1,0.007783280219882727,4.708451374716629,29.02736807222884,24.31891669751221,35,1,73
decision_forecast,,,,,,,False,42,counterfactual branch intentionally excluded from error aggregates,30,6,1625,10,2,,,,,40,1,73
decision_forecast,,,,,,,False,42,counterfactual branch intentionally excluded from error aggregates,30,6,1625,15,3,,,,,45,1,73
decision_forecast,,,,,,,False,42,counterfactual branch intentionally excluded from error aggregates,30,6,1625,20,4,,,,,50,1,73
decision_forecast,0.5582962476622573,1.304852999417576,0.7465567517553187,3.223393504601349,4.169413651421917,0.946020146820568,True,42,,35,7,1625,5,1,0.004738764837384224,9.176619184497202,10.751017323022278,1.5743981385250763,40,1,73
decision_forecast,,,,,,,False,42,counterfactual branch intentionally excluded from error aggregates,35,7,1625,10,2,,,,,45,1,73
decision_forecast,,,,,,,False,42,counterfactual branch intentionally excluded from error aggregates,35,7,1625,15,3,,,,,50,1,73
decision_forecast,0.03948190849725871,1.365402626409739,1.3259207179124803,3.7311602706729126,2.1125696239199527,-1.6185906467529598,True,42,,40,8,1625,5,1,0.004553396720439196,0.8981857186289429,5.402274241230513,4.50408852260157,45,1,73
decision_forecast,,,,,,,False,42,counterfactual branch intentionally excluded from error aggregates,40,8,1625,10,2,,,,,50,1,73
decision_forecast,0.05386287179472055,0.5723425316903885,0.5184796598956679,3.3369903278036417,8.647245587349717,5.310255259546075,True,42,,45,9,1625,5,1,0.005909152328968048,2.944853796372013,29.071893425216334,26.127039628844322,50,1,73
decision_forecast,0.45635769613661636,0.7079921104436412,0.2516344143070248,3.086193899127988,5.839146456407442,2.752952557279454,True,42,,0,0,11537,5,1,0.005746010225266218,7.462551822445187,7.604995536702907,0.14244371425771973,5,1,66
decision_forecast,,,,,,,False,42,counterfactual branch intentionally excluded from error aggregates,0,0,11537,10,2,,,,,10,1,66
decision_forecast,,,,,,,False,42,counterfactual branch intentionally excluded from error aggregates,0,0,11537,15,3,,,,,15,1,66
decision_forecast,,,,,,,False,42,counterfactual branch intentionally excluded from error aggregates,0,0,11537,20,4,,,,,20,1,66
decision_forecast,,,,,,,False,42,counterfactual branch intentionally excluded from error aggregates,0,0,11537,25,5,,,,,25,1,66
decision_forecast,0.5002006804189282,1.0532991541228058,0.5530984737038777,1.3512933621294894,5.583428045693111,4.232134683563622,True,42,,5,1,11537,5,1,0.006141792982816696,4.913985859985977,12.469222000162254,7.5552361401762775,10,1,66
decision_forecast,,,,,,,False,42,counterfactual branch intentionally excluded from error aggregates,5,1,11537,10,2,,,,,15,1,66
decision_forecast,,,,,,,False,42,counterfactual branch intentionally excluded from error aggregates,5,1,11537,15,3,,,,,20,1,66
decision_forecast,,,,,,,False,42,counterfactual branch intentionally excluded from error aggregates,5,1,11537,20,4,,,,,25,1,66
decision_forecast,,,,,,,False,42,counterfactual branch intentionally excluded from error aggregates,5,1,11537,25,5,,,,,30,1,66
decision_forecast,0.1720271662727406,0.21374254662859346,0.04171538035585287,2.907194198231134,5.217685831938031,2.310491633706897,True,42,,10,2,11537,5,1,0.009306258521974087,17.034276974899267,15.428767352725469,-1.6055096221737983,15,1,66
decision_forecast,,,,,,,False,42,counterfactual branch intentionally excluded from error aggregates,10,2,11537,10,2,,,,,20,1,66
decision_forecast,,,,,,,False,42,counterfactual branch intentionally excluded from error aggregates,10,2,11537,15,3,,,,,25,1,66
decision_forecast,,,,,,,False,42,counterfactual branch intentionally excluded from error aggregates,10,2,11537,20,4,,,,,30,1,66
decision_forecast,,,,,,,False,42,counterfactual branch intentionally excluded from error aggregates,10,2,11537,25,5,,,,,35,1,66
decision_forecast,0.16292593920369858,1.5180627912909084,1.3551368520872098,1.6421068831249925,9.185211341012884,7.543104457887892,True,42,,15,3,11537,5,1,0.010712365619838238,7.897322971397317,21.510875387343443,13.613552415946126,20,1,66
decision_forecast,,,,,,,False,42,counterfactual branch intentionally excluded from error aggregates,15,3,11537,10,2,,,,,25,1,66
decision_forecast,,,,,,,False,42,counterfactual branch intentionally excluded from error aggregates,15,3,11537,15,3,,,,,30,1,66
decision_forecast,,,,,,,False,42,counterfactual branch intentionally excluded from error aggregates,15,3,11537,20,4,,,,,35,1,66
decision_forecast,,,,,,,False,42,counterfactual branch intentionally excluded from error aggregates,15,3,11537,25,5,,,,,40,1,66
decision_forecast,0.016520834344475273,2.2728465059015077,2.2563256715570326,1.9156102781991649,9.857195963342752,7.941585685143587,True,42,,20,4,11537,5,1,0.015456915833055973,13.710835388410686,16.32654969281025,2.615714304399564,25,1,66
decision_forecast,,,,,,,False,42,counterfactual branch intentionally excluded from error aggregates,20,4,11537,10,2,,,,,30,1,66
decision_forecast,,,,,,,False,42,counterfactual branch intentionally excluded from error aggregates,20,4,11537,15,3,,,,,35,1,66
decision_forecast,,,,,,,False,42,counterfactual branch intentionally excluded from error aggregates,20,4,11537,20,4,,,,,40,1,66
decision_forecast,,,,,,,False,42,counterfactual branch intentionally excluded from error aggregates,20,4,11537,25,5,,,,,45,1,66
decision_forecast,0.45087646932768116,0.05596113312770004,-0.3949153361999811,2.019597841620362,5.712919516892292,3.69332167527193,True,42,,25,5,11537,5,1,0.005697314161807299,7.3038187276796975,19.050373620109134,11.746554892429437,30,1,66
decision_forecast,,,,,,,False,42,counterfactual branch intentionally excluded from error aggregates,25,5,11537,10,2,,,,,35,1,66
decision_forecast,,,,,,,False,42,counterfactual branch intentionally excluded from error aggregates,25,5,11537,15,3,,,,,40,1,66
decision_forecast,,,,,,,False,42,counterfactual branch intentionally excluded from error aggregates,25,5,11537,20,4,,,,,45,1,66
decision_forecast,,,,,,,False,42,counterfactual branch intentionally excluded from error aggregates,25,5,11537,25,5,,,,,50,1,66
decision_forecast,0.1859163559499615,0.15421744801193232,-0.03169890793802918,2.1236408331170376,5.894874110538481,3.7712332774214437,True,42,,30,6,11537,5,1,0.005998461972922087,9.228322523451906,8.868023510730001,-0.3602990127219048,35,1,66
decision_forecast,,,,,,,False,42,counterfactual branch intentionally excluded from error aggregates,30,6,11537,10,2,,,,,40,1,66
decision_forecast,,,,,,,False,42,counterfactual branch intentionally excluded from error aggregates,30,6,11537,15,3,,,,,45,1,66
decision_forecast,,,,,,,False,42,counterfactual branch intentionally excluded from error aggregates,30,6,11537,20,4,,,,,50,1,66
decision_forecast,0.06169570551493961,0.5655860813434603,0.5038903758285207,1.8392015116926954,6.598909635818077,4.759708124125382,True,42,,35,7,11537,5,1,0.006858602166175842,14.754443611742332,20.42552857836939,5.67108496662706,40,1,66
decision_forecast,,,,,,,False,42,counterfactual branch intentionally excluded from error aggregates,35,7,11537,10,2,,,,,45,1,66
decision_forecast,,,,,,,False,42,counterfactual branch intentionally excluded from error aggregates,35,7,11537,15,3,,,,,50,1,66
decision_forecast,0.05867613332278011,0.37589123752469616,0.31721510420191606,1.8485826788190807,7.1879256235118785,5.339342944692798,True,42,,40,8,11537,5,1,0.006354729179292917,15.89283405832273,26.799399298537022,10.906565240214292,45,1,66
decision_forecast,,,,,,,False,42,counterfactual branch intentionally excluded from error aggregates,40,8,11537,10,2,,,,,50,1,66
decision_forecast,0.25789320234714813,0.7900968729537583,0.5322036706066102,1.442487147802574,7.364823350074756,5.922336202272183,True,42,,45,9,11537,5,1,0.006634051445871592,3.5399524880048494,14.226316250324935,10.686363762320084,50,1,66
decision_forecast,1.4931633942504297,0.0433149803006187,-1.449848413949811,2.0489566205851286,1.3325172480250327,-0.7164393725600959,True,42,,0,0,14783,5,1,0.030713148415088654,2.1046228786686534,2.635635992192894,0.5310131135242404,5,1,32
decision_forecast,,,,,,,False,42,counterfactual branch intentionally excluded from error aggregates,0,0,14783,10,2,,,,,10,1,32
decision_forecast,,,,,,,False,42,counterfactual branch intentionally excluded from error aggregates,0,0,14783,15,3,,,,,15,1,32
decision_forecast,,,,,,,False,42,counterfactual branch intentionally excluded from error aggregates,0,0,14783,20,4,,,,,20,1,32
decision_forecast,,,,,,,False,42,counterfactual branch intentionally excluded from error aggregates,0,0,14783,25,5,,,,,25,1,32
decision_forecast,0.6321838984244723,2.3178506799215244,1.685666781497052,1.908501194404756,7.0771392940008475,5.168638099596091,True,42,,5,1,14783,5,1,0.01764594577252865,5.330727093693897,8.507473436948356,3.176746343254459,10,1,32
decision_forecast,,,,,,,False,42,counterfactual branch intentionally excluded from error aggregates,5,1,14783,10,2,,,,,15,1,32
decision_forecast,,,,,,,False,42,counterfactual branch intentionally excluded from error aggregates,5,1,14783,15,3,,,,,20,1,32
decision_forecast,,,,,,,False,42,counterfactual branch intentionally excluded from error aggregates,5,1,14783,20,4,,,,,25,1,32
decision_forecast,,,,,,,False,42,counterfactual branch intentionally excluded from error aggregates,5,1,14783,25,5,,,,,30,1,32
decision_forecast,1.3072141654547982,1.4771936682343205,0.16997950277952234,3.6091897215326743,8.372342606557819,4.763152885025145,True,42,,10,2,14783,5,1,0.02007506787776947,51.32487798789638,49.978862719991966,-1.3460152679044128,15,1,32
decision_forecast,,,,,,,False,42,counterfactual branch intentionally excluded from error aggregates,10,2,14783,10,2,,,,,20,1,32
decision_forecast,,,,,,,False,42,counterfactual branch intentionally excluded from error aggregates,10,2,14783,15,3,,,,,25,1,32
decision_forecast,,,,,,,False,42,counterfactual branch intentionally excluded from error aggregates,10,2,14783,20,4,,,,,30,1,32
decision_forecast,,,,,,,False,42,counterfactual branch intentionally excluded from error aggregates,10,2,14783,25,5,,,,,35,1,32
decision_forecast,2.494133703568349,2.471563343456042,-0.022570360112307064,5.979468041126665,7.464048865583506,1.4845808244568408,True,42,,15,3,14783,5,1,0.022177763283252716,63.19732283311857,104.88808439149953,41.69076155838096,20,1,32
decision_forecast,,,,,,,False,42,counterfactual branch intentionally excluded from error aggregates,15,3,14783,10,2,,,,,25,1,32
decision_forecast,,,,,,,False,42,counterfactual branch intentionally excluded from error aggregates,15,3,14783,15,3,,,,,30,1,32
decision_forecast,,,,,,,False,42,counterfactual branch intentionally excluded from error aggregates,15,3,14783,20,4,,,,,35,1,32
decision_forecast,,,,,,,False,42,counterfactual branch intentionally excluded from error aggregates,15,3,14783,25,5,,,,,40,1,32
decision_forecast,1.5602931647712808,3.929275976498503,2.3689828117272222,3.3017593609972296,10.554637321042799,7.25287796004557,True,42,,20,4,14783,5,1,0.25239527225494385,307.5346389845719,124.46126142034201,-183.07337756422993,25,1,32
decision_forecast,,,,,,,False,42,counterfactual branch intentionally excluded from error aggregates,20,4,14783,10,2,,,,,30,1,32
decision_forecast,,,,,,,False,42,counterfactual branch intentionally excluded from error aggregates,20,4,14783,15,3,,,,,35,1,32
decision_forecast,,,,,,,False,42,counterfactual branch intentionally excluded from error aggregates,20,4,14783,20,4,,,,,40,1,32
decision_forecast,,,,,,,False,42,counterfactual branch intentionally excluded from error aggregates,20,4,14783,25,5,,,,,45,1,32
decision_forecast,1.5602931647712808,3.061459461313363,1.5011662965420824,3.3017593609972296,2.770768907841235,-0.5309904531559946,True,42,,25,5,14783,5,1,0.1334831267595291,355.5760755989325,310.13239970704404,-45.44367589188846,30,1,32
decision_forecast,,,,,,,False,42,counterfactual branch intentionally excluded from error aggregates,25,5,14783,10,2,,,,,35,1,32
decision_forecast,,,,,,,False,42,counterfactual branch intentionally excluded from error aggregates,25,5,14783,15,3,,,,,40,1,32
decision_forecast,,,,,,,False,42,counterfactual branch intentionally excluded from error aggregates,25,5,14783,20,4,,,,,45,1,32
decision_forecast,,,,,,,False,42,counterfactual branch intentionally excluded from error aggregates,25,5,14783,25,5,,,,,50,1,32
decision_forecast,1.5602931647712808,2.8945330530928364,1.3342398883215556,3.3017593609972296,3.289353581423431,-0.012405779573798625,True,42,,30,6,14783,5,1,0.12817411124706268,426.85903242918437,364.35149529621725,-62.507537132967116,35,1,32
decision_forecast,,,,,,,False,42,counterfactual branch intentionally excluded from error aggregates,30,6,14783,10,2,,,,,40,1,32
decision_forecast,,,,,,,False,42,counterfactual branch intentionally excluded from error aggregates,30,6,14783,15,3,,,,,45,1,32
decision_forecast,,,,,,,False,42,counterfactual branch intentionally excluded from error aggregates,30,6,14783,20,4,,,,,50,1,32
decision_forecast,1.5602931647712808,3.101047237742757,1.5407540729714762,3.3017593609972296,3.754485034628489,0.45272567363125926,True,42,,35,7,14783,5,1,0.14336499571800232,524.6292937107554,447.3193392699966,-77.30995444075882,40,1,32
decision_forecast,,,,,,,False,42,counterfactual branch intentionally excluded from error aggregates,35,7,14783,10,2,,,,,45,1,32
decision_forecast,,,,,,,False,42,counterfactual branch intentionally excluded from error aggregates,35,7,14783,15,3,,,,,50,1,32
decision_forecast,1.5602931647712808,4.8225212859636,3.2622281211923196,3.3017593609972296,3.9786284292433507,0.6768690682461211,True,42,,40,8,14783,5,1,0.09186756610870361,619.5726914597786,565.7966249675698,-53.776066492208884,45,1,32
decision_forecast,,,,,,,False,42,counterfactual branch intentionally excluded from error aggregates,40,8,14783,10,2,,,,,50,1,32
decision_forecast,1.5602931647712808,4.826537437195569,3.266244272424288,3.3017593609972296,4.306490670151706,1.0047313091544763,True,42,,45,9,14783,5,1,0.07048225402832031,704.7341753595863,662.8781647400467,-41.856010619539575,50,1,32
decision_forecast,0.028267875499102403,0.26174878684880903,0.23348091134970664,1.8177794803393998,0.7212620703234099,-1.09651741001599,True,42,,0,0,15290,5,1,0.0033799409866333008,1.1179336755071947,5.992975518743296,4.875041843236101,5,1,38
decision_forecast,,,,,,,False,42,counterfactual branch intentionally excluded from error aggregates,0,0,15290,10,2,,,,,10,1,38
decision_forecast,,,,,,,False,42,counterfactual branch intentionally excluded from error aggregates,0,0,15290,15,3,,,,,15,1,38
decision_forecast,,,,,,,False,42,counterfactual branch intentionally excluded from error aggregates,0,0,15290,20,4,,,,,20,1,38
decision_forecast,,,,,,,False,42,counterfactual branch intentionally excluded from error aggregates,0,0,15290,25,5,,,,,25,1,38
decision_forecast,0.5179719484215066,0.05952965133025077,-0.45844229709125583,1.3382731988761047,4.713870031580872,3.375596832704767,True,42,,5,1,15290,5,1,0.003973749000579119,3.3151404594349465,1.6373496259206362,-1.6777908335143104,10,1,38
decision_forecast,,,,,,,False,42,counterfactual branch intentionally excluded from error aggregates,5,1,15290,10,2,,,,,15,1,38
decision_forecast,,,,,,,False,42,counterfactual branch intentionally excluded from error aggregates,5,1,15290,15,3,,,,,20,1,38
decision_forecast,,,,,,,False,42,counterfactual branch intentionally excluded from error aggregates,5,1,15290,20,4,,,,,25,1,38
decision_forecast,,,,,,,False,42,counterfactual branch intentionally excluded from error aggregates,5,1,15290,25,5,,,,,30,1,38
decision_forecast,0.8337613692648964,3.5073330519342525,2.673571682669356,4.421577815787339,9.518393332528593,5.096815516741254,True,42,,10,2,15290,5,1,0.11317860335111618,11.947315429081053,4.543478249614914,-7.403837179466139,15,1,38
decision_forecast,,,,,,,False,42,counterfactual branch intentionally excluded from error aggregates,10,2,15290,10,2,,,,,20,1,38
decision_forecast,,,,,,,False,42,counterfactual branch intentionally excluded from error aggregates,10,2,15290,15,3,,,,,25,1,38
decision_forecast,,,,,,,False,42,counterfactual branch intentionally excluded from error aggregates,10,2,15290,20,4,,,,,30,1,38
decision_forecast,,,,,,,False,42,counterfactual branch intentionally excluded from error aggregates,10,2,15290,25,5,,,,,35,1,38
decision_forecast,1.1443666968877468,0.3295387892835656,-0.8148279076041812,5.693920423626632,4.728799363546852,-0.9651210600797802,True,42,,15,3,15290,5,1,0.049005407840013504,1.9012643578907695,1.7135523576896416,-0.18771200020112788,20,1,38
decision_forecast,,,,,,,False,42,counterfactual branch intentionally excluded from error aggregates,15,3,15290,10,2,,,,,25,1,38
decision_forecast,,,,,,,False,42,counterfactual branch intentionally excluded from error aggregates,15,3,15290,15,3,,,,,30,1,38
decision_forecast,,,,,,,False,42,counterfactual branch intentionally excluded from error aggregates,15,3,15290,20,4,,,,,35,1,38
decision_forecast,,,,,,,False,42,counterfactual branch intentionally excluded from error aggregates,15,3,15290,25,5,,,,,40,1,38
decision_forecast,0.9877238351557667,0.2202156101284984,-0.7675082250272682,2.4762049307375706,4.6247728304775295,2.148567899739959,True,42,,20,4,15290,5,1,0.0330314114689827,6.847179598080282,5.096942818925231,-1.7502367791550508,25,1,38
decision_forecast,,,,,,,False,42,counterfactual branch intentionally excluded from error aggregates,20,4,15290,10,2,,,,,30,1,38
decision_forecast,,,,,,,False,42,counterfactual branch intentionally excluded from error aggregates,20,4,15290,15,3,,,,,35,1,38
decision_forecast,,,,,,,False,42,counterfactual branch intentionally excluded from error aggregates,20,4,15290,20,4,,,,,40,1,38
decision_forecast,,,,,,,False,42,counterfactual branch intentionally excluded from error aggregates,20,4,15290,25,5,,,,,45,1,38
decision_forecast,1.4532558686054957,1.8168746494494645,0.3636187808439688,1.2905450867973987,4.565239911577175,3.2746948247797762,True,42,,25,5,15290,5,1,0.010674159042537212,2.842242765235692,6.412471529014074,3.5702287637783825,30,1,38
decision_forecast,,,,,,,False,42,counterfactual branch intentionally excluded from error aggregates,25,5,15290,10,2,,,,,35,1,38
decision_forecast,,,,,,,False,42,counterfactual branch intentionally excluded from error aggregates,25,5,15290,15,3,,,,,40,1,38
decision_forecast,,,,,,,False,42,counterfactual branch intentionally excluded from error aggregates,25,5,15290,20,4,,,,,45,1,38
decision_forecast,,,,,,,False,42,counterfactual branch intentionally excluded from error aggregates,25,5,15290,25,5,,,,,50,1,38
decision_forecast,1.5544792721050846,1.061305463084314,-0.4931738090207707,0.5380085718748416,0.9268019487450297,0.3887933768701881,True,42,,30,6,15290,5,1,0.008920757099986076,0.5141282726190792,15.792409353191637,15.278281080572558,35,1,38
decision_forecast,,,,,,,False,42,counterfactual branch intentionally excluded from error aggregates,30,6,15290,10,2,,,,,40,1,38
decision_forecast,,,,,,,False,42,counterfactual branch intentionally excluded from error aggregates,30,6,15290,15,3,,,,,45,1,38
decision_forecast,,,,,,,False,42,counterfactual branch intentionally excluded from error aggregates,30,6,15290,20,4,,,,,50,1,38
decision_forecast,1.6046538417479983,1.3812383539968813,-0.22341548775111697,1.2856208384791992,2.735282751523651,1.449661913044452,True,42,,35,7,15290,5,1,0.005227321293205023,3.426322462652462,1.27496370245353,-2.151358760198932,40,1,38
decision_forecast,,,,,,,False,42,counterfactual branch intentionally excluded from error aggregates,35,7,15290,10,2,,,,,45,1,38
decision_forecast,,,,,,,False,42,counterfactual branch intentionally excluded from error aggregates,35,7,15290,15,3,,,,,50,1,38
decision_forecast,1.590078218059191,1.53050530811834,-0.05957290994085107,0.9133355046380743,1.5791994143275203,0.665863909689446,True,42,,40,8,15290,5,1,0.0075983405113220215,1.555564789618286,10.424932798530248,8.869368008911962,45,1,38
decision_forecast,,,,,,,False,42,counterfactual branch intentionally excluded from error aggregates,40,8,15290,10,2,,,,,50,1,38
decision_forecast,1.5772647831762472,1.5675932353115092,-0.009671547864738006,1.2748396786541185,3.333198524894941,2.0583588462408224,True,42,,45,9,15290,5,1,0.006886838469654322,3.940095168488286,7.958039769572032,4.017944601083746,50,1,38
executed_action_flow,0.19598544804434587,0.5251083584851653,0.3291229104408195,6.681343655550406,3.541312253287563,-3.140031402262843,True,,,0,0,1625,5,1,0.0022646323777735233,4.109313903529263,8.78204816440176,4.672734260872496,5,1,73
executed_action_flow,0.16629461572230045,0.4428318997431917,0.2765372840208913,3.8341463305468206,4.91009954408011,1.075953213533289,True,,,0,0,1625,10,2,0.003886427031829953,4.892134766659567,18.194543751376607,13.30240898471704,10,1,73
executed_action_flow,0.1187018575856516,0.07514232615389528,-0.043559531431756324,4.6324796645528235,5.874069582729355,1.2415899181765315,True,,,0,0,1625,15,3,0.004762494936585426,11.10923215391952,33.23579408254898,22.126561928629457,15,1,73
executed_action_flow,0.027894492570332077,1.1369464590511524,1.1090519664808203,4.006771340129548,4.940118111012763,0.9333467708832153,True,,,0,0,1625,20,4,0.013765361160039902,5.8014117896675526,29.631001840802917,23.829590051135362,20,1,73
executed_action_flow,0.012331906546458021,0.3521406479437624,0.3398087413973043,2.692932283150708,8.058993219803819,5.366060936653111,True,,,0,0,1625,25,5,0.021447360515594482,2.6559128651069797,33.0707019069141,30.414789041807122,25,1,73
executed_action_flow,0.16629461572230045,0.11386608365328257,-0.052428532069017875,3.8341463305468206,3.8244223702406095,-0.009723960306211143,True,,,5,1,1625,5,1,0.0016900071641430259,4.892134766659567,8.18634725275883,3.294212486099263,10,1,73
executed_action_flow,0.1187018575856516,0.18203820175917984,0.06333634417352824,4.6324796645528235,4.2761701384980615,-0.35630952605476196,True,,,5,1,1625,10,2,0.004642518237233162,11.10923215391952,25.976124467367026,14.866892313447506,15,1,73
executed_action_flow,0.027894492570332077,0.928803274284184,0.9009087817138519,4.006771340129548,4.236072185421437,0.2293008452918892,True,,,5,1,1625,15,3,0.011851944029331207,5.8014117896675526,24.256711023483863,18.455299233816312,20,1,73
executed_action_flow,0.012331906546458021,0.23347977149313087,0.22114786494667285,2.692932283150708,7.505207383974537,4.812275100823829,True,,,5,1,1625,20,4,0.01865830272436142,2.6559128651069797,28.94339134297508,26.2874784778681,25,1,73
executed_action_flow,0.014169227433191453,0.6710626708591678,0.6568934434259763,4.191101110217466,2.7337279761670135,-1.4573731340504525,True,,,5,1,1625,25,5,0.01892247051000595,5.039278418120003,29.819941884976217,24.780663466856215,30,1,73
executed_action_flow,0.1187018575856516,0.06587717454477299,-0.05282468304087862,4.6324796645528235,0.32518452835530665,-4.307295136197517,True,,,10,2,1625,5,1,0.004478001967072487,11.10923215391952,16.66284934354142,5.553617189621901,15,1,73
executed_action_flow,0.027894492570332077,1.367485834106593,1.3395913415362608,4.006771340129548,2.772246629797167,-1.2345247103323813,True,,,10,2,1625,10,2,0.008011490106582642,5.8014117896675526,14.748380784249207,8.946968994581654,20,1,73
executed_action_flow,0.012331906546458021,0.629900535826086,0.617568629279628,2.692932283150708,5.985410647867747,3.292478364717039,True,,,10,2,1625,15,3,0.013452716171741486,2.6559128651069797,21.03161439652413,18.37570153141715,25,1,73
executed_action_flow,0.014169227433191453,0.9051264235263348,0.8909571960931433,4.191101110217466,2.067153401906344,-2.123947708311122,True,,,10,2,1625,20,4,0.015261657536029816,5.039278418120003,25.880120998009723,20.84084257988972,30,1,73
executed_action_flow,0.01951043536414142,0.09597098802784916,0.07646055266370774,4.4349705815362634,9.342822228425216,4.907851646888953,True,,,10,2,1625,25,5,0.022365516051650047,4.708451374716629,34.585356762796685,29.876905388080058,35,1,73
executed_action_flow,0.027894492570332077,1.233562899955568,1.2056684073852357,4.006771340129548,5.631390434578293,1.6246190944487449,True,,,15,3,1625,5,1,0.011739811860024929,5.8014117896675526,17.017913098539747,11.216501308872195,20,1,73
executed_action_flow,0.012331906546458021,0.3429813642667753,0.3306494577203173,2.692932283150708,6.991988934329379,4.299056651178671,True,,,15,3,1625,10,2,0.0202191099524498,2.6559128651069797,29.63546475471299,26.97955188960601,25,1,73
executed_action_flow,0.014169227433191453,0.8371831167576329,0.8230138893244414,4.191101110217466,3.3422725033572815,-0.8488286068601845,True,,,15,3,1625,15,3,0.01879294402897358,5.039278418120003,28.01646935553587,22.97719093741587,30,1,73
executed_action_flow,0.01951043536414142,0.04015809722508997,0.02064766186094855,4.4349705815362634,9.769763200175412,5.334792618639148,True,,,15,3,1625,20,4,0.02891458384692669,4.708451374716629,41.53428999890888,36.82583862419225,35,1,73
executed_action_flow,0.5582962476622573,1.554421281500672,0.9961250338384147,3.223393504601349,7.6864858003498675,4.463092295748519,True,,,15,3,1625,25,5,0.03923368826508522,9.176619184497202,35.90808095901151,26.731461774514305,40,1,73
executed_action_flow,0.012331906546458021,0.6900574269409733,0.6777255203945153,2.692932283150708,6.771358187146541,4.078425903995833,True,,,20,4,1625,5,1,0.0051801507361233234,2.6559128651069797,16.941157357472065,14.285244492365084,25,1,73
executed_action_flow,0.014169227433191453,0.438713295673674,0.4245440682404826,4.191101110217466,2.6666241723297017,-1.5244769378877643,True,,,20,4,1625,10,2,0.008857853710651398,5.039278418120003,19.142662397057354,14.103383978937352,30,1,73
executed_action_flow,0.01951043536414142,0.3125016450955934,0.292991209731452,4.4349705815362634,9.794075405070066,5.359104823533802,True,,,20,4,1625,15,3,0.016313090920448303,4.708451374716629,34.87836979839745,30.169918423680823,35,1,73
executed_action_flow,0.5582962476622573,1.507419334727229,0.9491230870649718,3.223393504601349,7.72544664578751,4.5020531411861615,True,,,20,4,1625,20,4,0.01723378151655197,9.176619184497202,26.338438023842272,17.16181883934507,40,1,73
executed_action_flow,0.03948190849725871,0.13329455674738383,0.09381264825012511,3.7311602706729126,6.343436574537356,2.6122763038644434,True,,,20,4,1625,25,5,0.017098866403102875,0.8981857186289429,25.810093045772145,24.9119073271432,45,1,73
executed_action_flow,0.014169227433191453,0.8305339276006255,0.816364700167434,4.191101110217466,1.9508405868128458,-2.2402605234046202,True,,,25,5,1625,5,1,0.0033057157415896654,5.039278418120003,6.931201666728456,1.8919232486084532,30,1,73
executed_action_flow,0.01951043536414142,0.1832505603368571,0.16374012497271567,4.4349705815362634,7.676185350497621,3.241214768961358,True,,,25,5,1625,10,2,0.006172919180244207,4.708451374716629,18.21511968128749,13.506668306570862,35,1,73
executed_action_flow,0.5582962476622573,0.820087153265091,0.2617909056028337,3.223393504601349,5.738939983356365,2.5155464787550157,True,,,25,5,1625,15,3,0.007671442348510027,9.176619184497202,11.542269837189938,2.365650652692736,40,1,73
executed_action_flow,0.03948190849725871,0.28230537877496703,0.24282347027770831,3.7311602706729126,5.095046060341095,1.3638857896681822,True,,,25,5,1625,20,4,0.00967297051101923,0.8981857186289429,16.54537406234745,15.647188343718506,45,1,73
executed_action_flow,0.05386287179472055,0.10347736592569318,0.049614494130972624,3.3369903278036417,10.175362014783373,6.83837168697973,True,,,25,5,1625,25,5,0.015421424061059952,2.944853796372013,27.19136479753165,24.24651100115964,50,1,73
executed_action_flow,0.45635769613661636,0.7079921104436412,0.2516344143070248,3.086193899127988,5.839122559116576,2.752928659988588,True,,,0,0,11537,5,1,0.005746011156588793,7.462551822445187,7.604974328763459,0.14242250631827158,5,1,66
executed_action_flow,0.5002006804189282,1.8582608534709035,1.3580601730519755,1.3512933621294894,8.631355667309867,7.280062305180378,True,,,0,0,11537,10,2,0.015484094619750977,4.913985859985977,15.382065423242533,10.468079563256556,10,1,66
executed_action_flow,0.1720271662727406,1.9731104843646678,1.8010833180919272,2.907194198231134,11.204626020351023,8.29743182211989,True,,,0,0,11537,15,3,0.03348565101623535,17.034276974899267,32.164584960400816,15.130307985501549,15,1,66
executed_action_flow,0.16292593920369858,3.5418819933115366,3.378956054107838,1.6421068831249925,16.595684183358117,14.953577300233125,True,,,0,0,11537,20,4,0.05621318146586418,7.897322971397317,28.792429939346764,20.895106967949445,20,1,66
executed_action_flow,0.016520834344475273,6.084559930726768,6.068039096382293,1.9156102781991649,21.851643268868973,19.93603299066981,True,,,0,0,11537,25,5,0.10550177097320557,13.710835388410686,29.988624901010038,16.27778951259935,25,1,66
executed_action_flow,0.5002006804189282,1.0533025692173907,0.5531018887984626,1.3512933621294894,5.583412867607203,4.232119505477714,True,,,5,1,11537,5,1,0.006141792982816696,4.913985859985977,12.469222000162254,7.5552361401762775,10,1,66
executed_action_flow,0.1720271662727406,0.880970066268799,0.7089428999960584,2.907194198231134,8.056854274819175,5.149660076588042,True,,,5,1,11537,10,2,0.01948191225528717,17.034276974899267,27.413056806710113,10.378779831810846,15,1,66
executed_action_flow,0.16292593920369858,2.389772514302956,2.226846575099257,1.6421068831249925,13.78184648768026,12.139739604555269,True,,,5,1,11537,15,3,0.03903453052043915,7.897322971397317,24.747056545519005,16.849733574121686,20,1,66
executed_action_flow,0.016520834344475273,4.998221758330826,4.981700923986351,1.9156102781991649,19.464849734890393,17.54923945669123,True,,,5,1,11537,20,4,0.08010052144527435,13.710835388410686,26.12508004032693,12.414244651916245,25,1,66
executed_action_flow,0.45087646932768116,5.089186217697055,4.638309748369374,2.019597841620362,19.521665392169812,17.502067550549448,True,,,5,1,11537,25,5,0.09239605814218521,7.3038187276796975,25.61260150861427,18.30878278093457,30,1,66
executed_action_flow,0.1720271662727406,0.21374254662859346,0.04171538035585287,2.907194198231134,5.217685831938031,2.310491633706897,True,,,10,2,11537,5,1,0.009306262247264385,17.034276974899267,15.42878646376464,-1.6054905111346276,15,1,66
executed_action_flow,0.16292593920369858,1.3434763259162126,1.180550386712514,1.6421068831249925,11.194155212752777,9.552048329627786,True,,,10,2,11537,10,2,0.02050936408340931,7.897322971397317,11.538767258634712,3.6414442872373947,20,1,66
executed_action_flow,0.016520834344475273,3.845149222649273,3.828628388304798,1.9156102781991649,16.68852930892854,14.772919030729376,True,,,10,2,11537,15,3,0.04861174896359444,13.710835388410686,13.696298209786903,-0.01453717862378312,25,1,66
executed_action_flow,0.45087646932768116,4.155342263805402,3.7044657944777204,2.019597841620362,17.16044416716388,15.140846325543519,True,,,10,2,11537,20,4,0.05677158758044243,7.3038187276796975,13.536007517151985,6.232188789472287,30,1,66
executed_action_flow,0.1859163559499615,4.14619322541217,3.9602768694622084,2.1236408331170376,18.5792327390037,16.455591905886664,True,,,10,2,11537,25,5,0.084150530397892,9.228322523451906,15.503328306646804,6.2750057831948975,35,1,66
executed_action_flow,0.16292593920369858,1.5180662063854935,1.355140267181795,1.6421068831249925,9.185211341012884,7.543104457887892,True,,,15,3,11537,5,1,0.010712362825870514,7.897322971397317,21.51086874631603,13.613545774918714,20,1,66
executed_action_flow,0.016520834344475273,4.601872710984155,4.58535187663968,1.9156102781991649,16.351684784389573,14.436074506190408,True,,,15,3,11537,10,2,0.042808305472135544,13.710835388410686,25.33241460801963,11.621579219608943,25,1,66
executed_action_flow,0.45087646932768116,4.870073749123046,4.419197279795365,2.019597841620362,16.799616489851456,14.780018648231094,True,,,15,3,11537,15,3,0.054386239498853683,7.3038187276796975,24.37320297246084,17.069384244781144,30,1,66
executed_action_flow,0.1859163559499615,4.817542764216478,4.631626408266516,2.1236408331170376,17.990317907353987,15.86667707423695,True,,,15,3,11537,20,4,0.08053170889616013,9.228322523451906,25.117899405641666,15.88957688218976,35,1,66
executed_action_flow,0.06169570551493961,5.37554872883901,5.313853023324071,1.8392015116926954,20.02529862558059,18.186097113887893,True,,,15,3,11537,25,5,0.12055381387472153,14.754443611742332,32.10531721227324,17.35087360053091,40,1,66
executed_action_flow,0.016520834344475273,2.2728465059015077,2.2563256715570326,1.9156102781991649,9.857195963342752,7.941585685143587,True,,,20,4,11537,5,1,0.015456915833055973,13.710835388410686,16.32654969281025,2.615714304399564,25,1,66
executed_action_flow,0.45087646932768116,2.614820417265706,2.1639439479380247,2.019597841620362,11.191366025184294,9.171768183563932,True,,,20,4,11537,10,2,0.022908970713615417,7.3038187276796975,19.713847999923818,12.41002927224412,30,1,66
executed_action_flow,0.1859163559499615,2.672600402549429,2.4866840465994673,2.1236408331170376,13.328856276154157,11.205215443037119,True,,,20,4,11537,15,3,0.0413169302046299,9.228322523451906,18.393853314241852,9.165530790789946,35,1,66
executed_action_flow,0.06169570551493961,3.3365289408205183,3.2748332353055787,1.8392015116926954,15.96264235187294,14.123440840180244,True,,,20,4,11537,20,4,0.0660061165690422,14.754443611742332,22.310137878840745,7.5556942670984135,40,1,66
executed_action_flow,0.05867613332278011,3.9675803635217513,3.908904230198971,1.8485826788190807,19.03811678273983,17.18953410392075,True,,,20,4,11537,25,5,0.09713292866945267,15.89283405832273,28.163954854830404,12.271120796507674,45,1,66
executed_action_flow,0.45087646932768116,0.05596113312770004,-0.3949153361999811,2.019597841620362,5.712919516892292,3.69332167527193,True,,,25,5,11537,5,1,0.005697314161807299,7.3038187276796975,19.050373620109134,11.746554892429437,30,1,66
executed_action_flow,0.1859163559499615,0.06971030392693571,-0.1162060520230258,2.1236408331170376,7.026161294177944,4.902520461060907,True,,,25,5,11537,10,2,0.012582053430378437,9.228322523451906,21.382082621588673,12.153760098136766,35,1,66
executed_action_flow,0.06169570551493961,0.8150519105890061,0.7533562050740664,1.8392015116926954,10.182569249477499,8.343367737784803,True,,,25,5,11537,15,3,0.03177088871598244,14.754443611742332,28.11969183089183,13.3652482191495,40,1,66
executed_action_flow,0.05867613332278011,1.562274605788401,1.5035984724656208,1.8485826788190807,13.720945634019794,11.872362955200712,True,,,25,5,11537,20,4,0.05568690970540047,15.89283405832273,33.51722232707118,17.62438826874845,45,1,66
executed_action_flow,0.25789320234714813,1.8880578666486765,1.6301646643015284,1.442487147802574,15.676757272807139,14.234270125004565,True,,,25,5,11537,25,5,0.05837435647845268,3.5399524880048494,29.25163059519876,25.711678107193908,50,1,66
executed_action_flow,1.4931633942504297,0.0433149803006187,-1.449848413949811,2.0489566205851286,1.3325172480250327,-0.7164393725600959,True,,,0,0,14783,5,1,0.030713148415088654,2.1046228786686534,2.635635992192894,0.5310131135242404,5,1,32
executed_action_flow,0.6321838984244723,0.4523101228955672,-0.1798737755289051,1.908501194404756,6.058145688638081,4.149644494233325,True,,,0,0,14783,10,2,0.06176077201962471,5.330727093693897,6.597009551263408,1.2662824575695115,10,1,32
executed_action_flow,1.3072141654547982,3.2133321326031816,1.9061179671483834,3.6091897215326743,7.331886386591411,3.722696665058737,True,,,0,0,14783,15,3,0.11986193805932999,51.32487798789638,29.766241692663687,-21.55863629523269,15,1,32
executed_action_flow,2.494133703568349,4.6472927828069235,2.1531590792385744,5.979468041126665,7.02433720427619,1.0448691631495244,True,,,0,0,14783,20,4,0.16617107391357422,63.19732283311857,53.78714820560059,-9.410174627517982,20,1,32
executed_action_flow,1.5602931647712808,6.07003484729892,4.509741682527639,3.3017593609972296,6.992451978073937,3.690692617076708,True,,,0,0,14783,25,5,0.5405002236366272,307.5346389845719,100.74550345241734,-206.7891355321546,25,1,32
executed_action_flow,0.6321838984244723,2.3178506799215244,1.685666781497052,1.908501194404756,7.0771392940008475,5.168638099596091,True,,,5,1,14783,5,1,0.01764594577252865,5.330727093693897,8.507473436948356,3.176746343254459,10,1,32
executed_action_flow,1.3072141654547982,0.7287312937005683,-0.5784828717542299,3.6091897215326743,7.965074848436128,4.355885126903454,True,,,5,1,14783,10,2,0.04839552566409111,51.32487798789638,40.92179559029239,-10.403082397603988,15,1,32
executed_action_flow,2.494133703568349,2.6010022584169534,0.10686855484860436,5.979468041126665,5.509247386217035,-0.47022065490963083,True,,,5,1,14783,15,3,0.06861206144094467,63.19732283311857,66.24454863852526,3.04722580540669,20,1,32
executed_action_flow,1.5602931647712808,4.191616712329523,2.6313235475582424,3.3017593609972296,6.048902946042285,2.747143585045056,True,,,5,1,14783,20,4,0.3928649127483368,307.5346389845719,109.27842275001647,-198.25621623455544,25,1,32
executed_action_flow,1.5602931647712808,5.236581013828114,3.676287849056833,3.3017593609972296,3.878358086326224,0.5765987253289944,True,,,5,1,14783,25,5,0.4800190031528473,355.5760755989325,149.99274297276943,-205.58333262616307,30,1,32
executed_action_flow,1.3072141654547982,1.4771936682343205,0.16997950277952234,3.6091897215326743,8.372372315774786,4.763182594242112,True,,,10,2,14783,5,1,0.02007506787776947,51.32487798789638,49.978862719991966,-1.3460152679044128,15,1,32
executed_action_flow,2.494133703568349,2.3224295780233986,-0.17170412554495051,5.979468041126665,8.676806774105046,2.6973387329783804,True,,,10,2,14783,10,2,0.04624863341450691,63.19732283311857,86.67342043626577,23.476097603147203,20,1,32
executed_action_flow,1.5602931647712808,3.852924706861516,2.292631542090235,3.3017593609972296,8.222365249808384,4.920605888811155,True,,,10,2,14783,15,3,0.3310258388519287,307.5346389845719,124.49484070876926,-183.03979827580267,25,1,32
executed_action_flow,1.5602931647712808,4.556024380022628,2.9957312152513476,3.3017593609972296,5.357420251781119,2.0556608907838894,True,,,10,2,14783,20,4,0.4318828582763672,355.5760755989325,160.25848471867477,-195.31759088025774,30,1,32
executed_action_flow,1.5602931647712808,5.737582219637719,4.1772890548664385,3.3017593609972296,5.458248794229013,2.156489433231784,True,,,10,2,14783,25,5,0.4868392050266266,426.85903242918437,208.7348995486413,-218.12413288054307,35,1,32
executed_action_flow,2.494133703568349,2.471563343456042,-0.022570360112307064,5.979468041126665,7.464048865583506,1.4845808244568408,True,,,15,3,14783,5,1,0.022177763283252716,63.19732283311857,104.88808439149953,41.69076155838096,20,1,32
executed_action_flow,1.5602931647712808,3.3585317090738975,1.7982385443026168,3.3017593609972296,8.797479809639185,5.495720448641956,True,,,15,3,14783,10,2,0.2547454833984375,307.5346389845719,145.18292536727245,-162.35171361729948,25,1,32
executed_action_flow,1.5602931647712808,3.967268903756699,2.4069757389854183,3.3017593609972296,5.305381118966422,2.0036217579691926,True,,,15,3,14783,15,3,0.36378297209739685,355.5760755989325,174.4839739662274,-181.0921016327051,30,1,32
executed_action_flow,1.5602931647712808,4.628158007847133,3.067864843075852,3.3017593609972296,3.9934997574055897,0.6917403964083602,True,,,15,3,14783,20,4,0.433364599943161,426.85903242918437,218.034903435042,-208.82412899414237,35,1,32
executed_action_flow,1.5602931647712808,5.9317132713224066,4.371420106551126,3.3017593609972296,5.318464697894267,2.016705336897038,True,,,15,3,14783,25,5,0.4597083628177643,524.6292937107554,289.9024047294308,-234.72688898132458,40,1,32
executed_action_flow,1.5602931647712808,3.929275976498503,2.3689828117272222,3.3017593609972296,10.554612605003674,7.252853244006445,True,,,20,4,14783,5,1,0.25239527225494385,307.5346389845719,124.46126556408686,-183.07337342048507,25,1,32
executed_action_flow,1.5602931647712808,3.67054158054925,2.1102484157779693,3.3017593609972296,9.442003477134392,6.140244116137163,True,,,20,4,14783,10,2,0.32469120621681213,355.5760755989325,166.95382978856324,-188.62224581036926,30,1,32
executed_action_flow,1.5602931647712808,4.3011456258598475,2.7408524610885667,3.3017593609972296,8.683017485518622,5.381258124521393,True,,,20,4,14783,15,3,0.38183143734931946,426.85903242918437,218.5806882299543,-208.27834419923008,35,1,32
executed_action_flow,1.5602931647712808,5.467069162464779,3.906775997693498,3.3017593609972296,9.440194165349054,6.138434804351824,True,,,20,4,14783,20,4,0.4113640785217285,524.6292937107554,297.446178939789,-227.18311477096643,40,1,32
executed_action_flow,1.5602931647712808,6.60593148957812,5.0456383248068395,3.3017593609972296,10.843270243506018,7.541510882508788,True,,,20,4,14783,25,5,0.4185614585876465,619.5726914597786,410.1851621932138,-209.38752926656485,45,1,32
executed_action_flow,1.5602931647712808,3.0614560462187783,1.5011628814474975,3.3017593609972296,2.7707838769940736,-0.530975484003156,True,,,25,5,14783,5,1,0.1334831565618515,355.5760755989325,310.13239970704404,-45.44367589188846,30,1,32
executed_action_flow,1.5602931647712808,3.4303067519669765,1.8700135871956958,3.3017593609972296,2.002895821785069,-1.2988635392121606,True,,,25,5,14783,10,2,0.3116191327571869,426.85903242918437,317.69486975251743,-109.16416267666693,35,1,32
executed_action_flow,1.5602931647712808,4.448807485526353,2.888514320755072,3.3017593609972296,1.9109683452216668,-1.3907910157755627,True,,,25,5,14783,15,3,0.3796111047267914,524.6292937107554,351.7396055071108,-172.8896882036446,40,1,32
executed_action_flow,1.5602931647712808,4.21927556337349,2.658982398602209,3.3017593609972296,2.729379763542416,-0.5723795974548134,True,,,25,5,14783,20,4,0.38214626908302307,619.5726914597786,420.7222573410935,-198.85043411868514,45,1,32
executed_action_flow,1.5602931647712808,5.263075317618593,3.7027821528473126,3.3017593609972296,6.921395756154941,3.6196363951577113,True,,,25,5,14783,25,5,0.4010966718196869,704.7341753595863,492.1379211955817,-212.59625416400456,50,1,32
executed_action_flow,0.028267875499102403,0.26174878684880903,0.23348091134970664,1.8177794803393998,0.721219258777754,-1.096560221561646,True,,,0,0,15290,5,1,0.0033799398224800825,1.1179336755071947,5.992975518743296,4.875041843236101,5,1,38
executed_action_flow,0.5179719484215066,0.10546608859317153,-0.4125058598283351,1.3382731988761047,3.14133074099195,1.8030575421158452,True,,,0,0,15290,10,2,0.005807696375995874,3.3151404594349465,3.653138439595231,0.3379979801602846,10,1,38
executed_action_flow,0.8337613692648964,1.1531615054222026,0.3194001361573062,4.421577815787339,4.221432260604095,-0.20014555518324428,True,,,0,0,15290,15,3,0.05907968804240227,11.947315429081053,4.383434293685015,-7.563881135396038,15,1,38
executed_action_flow,1.1443666968877468,0.11454833987365926,-1.0298183570140875,5.693920423626632,6.300418484871982,0.6064980612453503,True,,,0,0,15290,20,4,0.11901694536209106,1.9012643578907695,1.4960117037470304,-0.4052526541437391,20,1,38
executed_action_flow,0.9877238351557667,2.3225408744621885,1.3348170393064218,2.4762049307375706,16.157027626249185,13.680822695511615,True,,,0,0,15290,25,5,0.14554472267627716,6.847179598080282,4.93194909805142,-1.915230500028862,25,1,38
executed_action_flow,0.5179719484215066,0.05952965133025077,-0.45844229709125583,1.3382731988761047,4.713870031580872,3.375596832704767,True,,,5,1,15290,5,1,0.003973749000579119,3.3151404594349465,1.6373496259206362,-1.6777908335143104,10,1,38
executed_action_flow,0.8337613692648964,2.332458552422019,1.4986971831571227,4.421577815787339,5.877974070990202,1.456396255202863,True,,,5,1,15290,10,2,0.07700543850660324,11.947315429081053,0.41878586072138957,-11.528529568359664,15,1,38
executed_action_flow,1.1443666968877468,1.3406458430664032,0.19627914617865638,5.693920423626632,7.307031764709288,1.6131113410826563,True,,,5,1,15290,15,3,0.14230136573314667,1.9012643578907695,5.616271298832175,3.7150069409414055,20,1,38
executed_action_flow,0.9877238351557667,0.29318921921385005,-0.6945346159419166,2.4762049307375706,13.426262739603994,10.950057808866422,True,,,5,1,15290,20,4,0.11250092834234238,6.847179598080282,9.48377909991186,2.6365995018315784,25,1,38
executed_action_flow,1.4532558686054957,2.2448474726532934,0.7915916040477977,1.2905450867973987,12.50150677678153,11.210961689984131,True,,,5,1,15290,25,5,0.12825369834899902,2.842242765235692,12.417017041658989,9.574774276423296,30,1,38
executed_action_flow,0.8337613692648964,3.5073330519342525,2.673571682669356,4.421577815787339,9.518393332528593,5.096815516741254,True,,,10,2,15290,5,1,0.11317863315343857,11.947315429081053,4.54344777639474,-7.403867652686313,15,1,38
executed_action_flow,1.1443666968877468,2.5204244184027056,1.3760577215149588,5.693920423626632,10.268423982568063,4.574503558941431,True,,,10,2,15290,10,2,0.24236159026622772,1.9012643578907695,7.423169271037031,5.521904913146261,20,1,38
executed_action_flow,0.9877238351557667,1.9119236939464266,0.9241998587906599,2.4762049307375706,13.534247278246355,11.058042347508785,True,,,10,2,15290,15,3,0.13518570363521576,6.847179598080282,13.12132502986453,6.274145431784247,25,1,38
executed_action_flow,1.4532558686054957,0.07626924136341508,-1.3769866272420805,1.2905450867973987,11.853873601381794,10.563328514584395,True,,,10,2,15290,20,4,0.15509697794914246,2.842242765235692,16.88870362809281,14.046460862857117,30,1,38
executed_action_flow,1.5544792721050846,0.15761679437826695,-1.3968624777268177,0.5380085718748416,11.446756734623106,10.908748162748264,True,,,10,2,15290,25,5,0.15866605937480927,0.5141282726190792,8.301029027271406,7.7869007546523274,35,1,38
executed_action_flow,1.1443666968877468,0.3295387892835656,-0.8148279076041812,5.693920423626632,4.728799363546852,-0.9651210600797802,True,,,15,3,15290,5,1,0.049005407840013504,1.9012643578907695,1.7135523576896416,-0.18771200020112788,20,1,38
executed_action_flow,0.9877238351557667,0.4676732317509958,-0.5200506034047709,2.4762049307375706,11.4769349528251,9.00073002208753,True,,,15,3,15290,10,2,0.06655915826559067,6.847179598080282,6.415943801818633,-0.43123579626164865,25,1,38
executed_action_flow,1.4532558686054957,2.29659981599448,0.8433439473889843,1.2905450867973987,11.804620402601714,10.514075315804314,True,,,15,3,15290,15,3,0.07146496325731277,2.842242765235692,9.665887006194954,6.823644240959261,30,1,38
executed_action_flow,1.5544792721050846,2.565483873050372,1.0110046009452873,0.5380085718748416,9.57483974329836,9.036831171423518,True,,,15,3,15290,20,4,0.07312260568141937,0.5141282726190792,1.8505289105020566,1.3364006378829774,35,1,38
executed_action_flow,1.6046538417479983,1.774199627515225,0.16954578576722668,1.2856208384791992,10.07307939975917,8.787458561279971,True,,,15,3,15290,25,5,0.0717121884226799,3.426322462652462,6.199955581641736,2.773633118989274,40,1,38
executed_action_flow,0.9877238351557667,0.2202156101284984,-0.7675082250272682,2.4762049307375706,4.624752499897309,2.1485475691597387,True,,,20,4,15290,5,1,0.03303141891956329,6.847179598080282,5.096942818925231,-1.7502367791550508,25,1,38
executed_action_flow,1.4532558686054957,1.3643336358010998,-0.08892223280439593,1.2905450867973987,6.837948396128688,5.54740330933129,True,,,20,4,15290,10,2,0.03768336400389671,2.842242765235692,6.3619618235224715,3.5197190582867797,30,1,38
executed_action_flow,1.5544792721050846,1.6486675807595605,0.09418830865447592,0.5380085718748416,4.260303956456402,3.72229538458156,True,,,20,4,15290,15,3,0.034855395555496216,0.5141282726190792,5.280236580582963,4.766108307963885,35,1,38
executed_action_flow,1.6046538417479983,1.2886346492298484,-0.3160191925181499,1.2856208384791992,5.864264347344727,4.578643508865527,True,,,20,4,15290,20,4,0.034113530069589615,3.426322462652462,1.748193101957856,-1.678129360694606,40,1,38
executed_action_flow,1.590078218059191,1.9481030739729195,0.35802485591372846,0.9133355046380743,5.535109749364098,4.621774244726024,True,,,20,4,15290,25,5,0.042213935405015945,1.555564789618286,4.857045174925732,3.301480385307446,45,1,38
executed_action_flow,1.4532558686054957,1.8168746494494645,0.3636187808439688,1.2905450867973987,4.565239911577175,3.2746948247797762,True,,,25,5,15290,5,1,0.010674159042537212,2.842242765235692,6.412471529014074,3.5702287637783825,30,1,38
executed_action_flow,1.5544792721050846,1.2837305734057793,-0.2707486986993053,0.5380085718748416,2.560403084138476,2.0223945122636344,True,,,25,5,15290,10,2,0.019612887874245644,0.5141282726190792,12.73657359126976,12.222445318650681,35,1,38
executed_action_flow,1.6046538417479983,0.9848346651368513,-0.619819176611147,1.2856208384791992,4.6736293593573786,3.3880085208781794,True,,,25,5,15290,15,3,0.013482470996677876,3.426322462652462,9.05682279383815,5.630500331185687,40,1,38
executed_action_flow,1.590078218059191,1.4374713014335962,-0.15260691662559478,0.9133355046380743,4.57396467638877,3.6606291717506956,True,,,25,5,15290,20,4,0.02294853888452053,1.555564789618286,11.94921231733883,10.393647527720544,45,1,38
executed_action_flow,1.5772647831762472,0.982047947955486,-0.5952168352207612,1.2748396786541185,6.772724791722961,5.497885113068842,True,,,25,5,15290,25,5,0.02550528198480606,3.940095168488286,9.288852246194914,5.348757077706628,50,1,38
decision_forecast,0.1183362528027026,3.7689221000127775,3.650585847210075,2.9820457184371865,3.4504487649717355,0.468403046534549,True,42,,0,0,1251,5,1,0.011924952268600464,7.287435356605947,9.55664706630384,2.2692117096978937,5,1,32
decision_forecast,,,,,,,False,42,counterfactual branch intentionally excluded from error aggregates,0,0,1251,10,2,,,,,10,1,32
decision_forecast,,,,,,,False,42,counterfactual branch intentionally excluded from error aggregates,0,0,1251,15,3,,,,,15,1,32
decision_forecast,,,,,,,False,42,counterfactual branch intentionally excluded from error aggregates,0,0,1251,20,4,,,,,20,1,32
decision_forecast,,,,,,,False,42,counterfactual branch intentionally excluded from error aggregates,0,0,1251,25,5,,,,,25,1,32
decision_forecast,0.675973863231663,4.153660301792035,3.4776864385603723,5.362256154340713,6.939779312685328,1.577523158344615,True,42,,5,1,1251,5,1,0.00844974722713232,11.227962213477488,13.128089855315515,1.9001276418380275,10,1,32
decision_forecast,,,,,,,False,42,counterfactual branch intentionally excluded from error aggregates,5,1,1251,10,2,,,,,15,1,32
decision_forecast,,,,,,,False,42,counterfactual branch intentionally excluded from error aggregates,5,1,1251,15,3,,,,,20,1,32
decision_forecast,,,,,,,False,42,counterfactual branch intentionally excluded from error aggregates,5,1,1251,20,4,,,,,25,1,32
decision_forecast,,,,,,,False,42,counterfactual branch intentionally excluded from error aggregates,5,1,1251,25,5,,,,,30,1,32
decision_forecast,1.7610158504605877,4.686880801517379,2.9258649510567913,0.6732306173386573,8.199892650489199,7.526662033150542,True,42,,10,2,1251,5,1,0.05607423186302185,6.64538152742105,9.111214861464811,2.4658333340437606,15,1,32
decision_forecast,,,,,,,False,42,counterfactual branch intentionally excluded from error aggregates,10,2,1251,10,2,,,,,20,1,32
decision_forecast,,,,,,,False,42,counterfactual branch intentionally excluded from error aggregates,10,2,1251,15,3,,,,,25,1,32
decision_forecast,,,,,,,False,42,counterfactual branch intentionally excluded from error aggregates,10,2,1251,20,4,,,,,30,1,32
decision_forecast,,,,,,,False,42,counterfactual branch intentionally excluded from error aggregates,10,2,1251,25,5,,,,,35,1,32
decision_forecast,1.7043507869042733,0.8542586126153164,-0.8500921742889569,5.5521009852631344,7.530757625068745,1.9786566398056102,True,42,,15,3,1251,5,1,0.014546547085046768,8.023339605854773,5.060121999505712,-2.963217606349061,20,1,32
decision_forecast,,,,,,,False,42,counterfactual branch intentionally excluded from error aggregates,15,3,1251,10,2,,,,,25,1,32
decision_forecast,,,,,,,False,42,counterfactual branch intentionally excluded from error aggregates,15,3,1251,15,3,,,,,30,1,32
decision_forecast,,,,,,,False,42,counterfactual branch intentionally excluded from error aggregates,15,3,1251,20,4,,,,,35,1,32
decision_forecast,,,,,,,False,42,counterfactual branch intentionally excluded from error aggregates,15,3,1251,25,5,,,,,40,1,32
decision_forecast,0.4076318777104209,1.313424244680832,0.9057923669704111,7.404680909443264,7.058887987903974,-0.34579292153928964,True,42,,20,4,1251,5,1,0.019877128303050995,5.620767604021813,15.202225968555659,9.581458364533846,25,1,32
decision_forecast,,,,,,,False,42,counterfactual branch intentionally excluded from error aggregates,20,4,1251,10,2,,,,,30,1,32
decision_forecast,,,,,,,False,42,counterfactual branch intentionally excluded from error aggregates,20,4,1251,15,3,,,,,35,1,32
decision_forecast,,,,,,,False,42,counterfactual branch intentionally excluded from error aggregates,20,4,1251,20,4,,,,,40,1,32
decision_forecast,,,,,,,False,42,counterfactual branch intentionally excluded from error aggregates,20,4,1251,25,5,,,,,45,1,32
decision_forecast,0.1250391592700861,2.4518580258869096,2.3268188666168235,5.121681090325707,6.661276555634355,1.5395954653086488,True,42,,25,5,1251,5,1,0.02267443574965,1.9493608608716455,8.962498712108998,7.013137851237352,30,1,32
decision_forecast,,,,,,,False,42,counterfactual branch intentionally excluded from error aggregates,25,5,1251,10,2,,,,,35,1,32
decision_forecast,,,,,,,False,42,counterfactual branch intentionally excluded from error aggregates,25,5,1251,15,3,,,,,40,1,32
decision_forecast,,,,,,,False,42,counterfactual branch intentionally excluded from error aggregates,25,5,1251,20,4,,,,,45,1,32
decision_forecast,,,,,,,False,42,counterfactual branch intentionally excluded from error aggregates,25,5,1251,25,5,,,,,50,1,32
decision_forecast,0.5141702775264998,0.3295741699231502,-0.1845961076033496,1.7187412595652831,2.296635924822732,0.5778946652574488,True,42,,30,6,1251,5,1,0.005834255367517471,7.270759956105022,4.693345789145578,-2.5774141669594437,35,1,32
decision_forecast,,,,,,,False,42,counterfactual branch intentionally excluded from error aggregates,30,6,1251,10,2,,,,,40,1,32
decision_forecast,,,,,,,False,42,counterfactual branch intentionally excluded from error aggregates,30,6,1251,15,3,,,,,45,1,32
decision_forecast,,,,,,,False,42,counterfactual branch intentionally excluded from error aggregates,30,6,1251,20,4,,,,,50,1,32
decision_forecast,1.5579427110149233,2.11858512865708,0.5606424176421567,3.277209679124182,2.140953395738661,-1.1362562833855208,True,42,,35,7,1251,5,1,0.00666721910238266,12.959091180089567,15.819815421221383,2.860724241131816,40,1,32
decision_forecast,,,,,,,False,42,counterfactual branch intentionally excluded from error aggregates,35,7,1251,10,2,,,,,45,1,32
decision_forecast,,,,,,,False,42,counterfactual branch intentionally excluded from error aggregates,35,7,1251,15,3,,,,,50,1,32
decision_forecast,1.3014486171134345,2.5766005389252102,1.2751519218117757,3.875801963483713,4.066357615797653,0.19055565231394,True,42,,40,8,1251,5,1,0.006069256458431482,15.052671177699994,9.060154436781172,-5.992516740918822,45,1,32
decision_forecast,,,,,,,False,42,counterfactual branch intentionally excluded from error aggregates,40,8,1251,10,2,,,,,50,1,32
decision_forecast,2.2243096268197076,3.0124007589178734,0.7880911320981658,7.14180212762446,3.2064840148753135,-3.935318112749146,True,42,,45,9,1251,5,1,0.01182166114449501,59.065909514933594,52.60981207563926,-6.456097439294332,50,1,32
decision_forecast,2.4515178132051307,2.495654495621753,0.044136682416622275,5.739200202668861,1.6915494406089355,-4.047650762059925,True,42,,0,0,1766,5,1,0.004148079082369804,6.696737611183806,12.087648054664417,5.39091044348061,5,1,2
decision_forecast,,,,,,,False,42,counterfactual branch intentionally excluded from error aggregates,0,0,1766,10,2,,,,,10,1,2
decision_forecast,,,,,,,False,42,counterfactual branch intentionally excluded from error aggregates,0,0,1766,15,3,,,,,15,1,2
decision_forecast,,,,,,,False,42,counterfactual branch intentionally excluded from error aggregates,0,0,1766,20,4,,,,,20,1,2
decision_forecast,,,,,,,False,42,counterfactual branch intentionally excluded from error aggregates,0,0,1766,25,5,,,,,25,1,2
decision_forecast,1.1035507366551391,3.9490485260174713,2.845497789362332,2.5687486590047017,5.665737514312157,3.0969888553074556,True,42,,5,1,1766,5,1,0.011035964824259281,57.62754208315714,37.852203693889926,-19.775338389267212,10,1,2
decision_forecast,,,,,,,False,42,counterfactual branch intentionally excluded from error aggregates,5,1,1766,10,2,,,,,15,1,2
decision_forecast,,,,,,,False,42,counterfactual branch intentionally excluded from error aggregates,5,1,1766,15,3,,,,,20,1,2
decision_forecast,,,,,,,False,42,counterfactual branch intentionally excluded from error aggregates,5,1,1766,20,4,,,,,25,1,2
decision_forecast,,,,,,,False,42,counterfactual branch intentionally excluded from error aggregates,5,1,1766,25,5,,,,,30,1,2
decision_forecast,0.3787437491002873,3.319790026083277,2.94104627698299,4.255169474764387,3.5889905987840773,-0.66617887598031,True,42,,10,2,1766,5,1,0.1602460891008377,236.25664651221044,89.04226378592762,-147.21438272628282,15,1,2
decision_forecast,,,,,,,False,42,counterfactual branch intentionally excluded from error aggregates,10,2,1766,10,2,,,,,20,1,2
decision_forecast,,,,,,,False,42,counterfactual branch intentionally excluded from error aggregates,10,2,1766,15,3,,,,,25,1,2
decision_forecast,,,,,,,False,42,counterfactual branch intentionally excluded from error aggregates,10,2,1766,20,4,,,,,30,1,2
decision_forecast,,,,,,,False,42,counterfactual branch intentionally excluded from error aggregates,10,2,1766,25,5,,,,,35,1,2
decision_forecast,0.378700028553571,0.8346284359858341,0.45592840743226315,4.255224174877397,2.4123749472179354,-1.8428492276594617,True,42,,15,3,1766,5,1,0.003418928710743785,223.59624034481263,230.8368844487763,7.24064410396366,20,1,2
decision_forecast,,,,,,,False,42,counterfactual branch intentionally excluded from error aggregates,15,3,1766,10,2,,,,,25,1,2
decision_forecast,,,,,,,False,42,counterfactual branch intentionally excluded from error aggregates,15,3,1766,15,3,,,,,30,1,2
decision_forecast,,,,,,,False,42,counterfactual branch intentionally excluded from error aggregates,15,3,1766,20,4,,,,,35,1,2
decision_forecast,,,,,,,False,42,counterfactual branch intentionally excluded from error aggregates,15,3,1766,25,5,,,,,40,1,2
decision_forecast,0.378698175190136,1.2674593770529772,0.8887612018628412,4.255226493676565,3.319176948930274,-0.9360495447462909,True,42,,20,4,1766,5,1,0.008297834545373917,222.10698625338011,220.37870686360037,-1.7282793897797433,25,1,2
decision_forecast,,,,,,,False,42,counterfactual branch intentionally excluded from error aggregates,20,4,1766,10,2,,,,,30,1,2
decision_forecast,,,,,,,False,42,counterfactual branch intentionally excluded from error aggregates,20,4,1766,15,3,,,,,35,1,2
decision_forecast,,,,,,,False,42,counterfactual branch intentionally excluded from error aggregates,20,4,1766,20,4,,,,,40,1,2
decision_forecast,,,,,,,False,42,counterfactual branch intentionally excluded from error aggregates,20,4,1766,25,5,,,,,45,1,2
decision_forecast,0.3786980966240234,1.7372125459758867,1.3585144493518633,4.255226591973039,6.522920746633508,2.267694154660469,True,42,,25,5,1766,5,1,0.06239861622452736,345.51034144741726,264.3638170886174,-81.14652435879987,30,1,2
decision_forecast,,,,,,,False,42,counterfactual branch intentionally excluded from error aggregates,25,5,1766,10,2,,,,,35,1,2
decision_forecast,,,,,,,False,42,counterfactual branch intentionally excluded from error aggregates,25,5,1766,15,3,,,,,40,1,2
decision_forecast,,,,,,,False,42,counterfactual branch intentionally excluded from error aggregates,25,5,1766,20,4,,,,,45,1,2
decision_forecast,,,,,,,False,42,counterfactual branch intentionally excluded from error aggregates,25,5,1766,25,5,,,,,50,1,2
decision_forecast,0.3786980932935246,0.7682136117566765,0.38951551846315186,4.255226596139938,3.179698464996679,-1.0755281311432587,True,42,,30,6,1766,5,1,0.04426605626940727,463.1703117189662,384.852955100687,-78.31735661827923,35,1,2
decision_forecast,,,,,,,False,42,counterfactual branch intentionally excluded from error aggregates,30,6,1766,10,2,,,,,40,1,2
decision_forecast,,,,,,,False,42,counterfactual branch intentionally excluded from error aggregates,30,6,1766,15,3,,,,,45,1,2
decision_forecast,,,,,,,False,42,counterfactual branch intentionally excluded from error aggregates,30,6,1766,20,4,,,,,50,1,2
decision_forecast,0.37869809315235886,1.574790650984648,1.1960925578322892,4.255226596316536,2.801347601989386,-1.45387899432715,True,42,,35,7,1766,5,1,0.12571151554584503,718.4588456506875,582.4716525792187,-135.98719307146882,40,1,2
decision_forecast,,,,,,,False,42,counterfactual branch intentionally excluded from error aggregates,35,7,1766,10,2,,,,,45,1,2
decision_forecast,,,,,,,False,42,counterfactual branch intentionally excluded from error aggregates,35,7,1766,15,3,,,,,50,1,2
decision_forecast,0.37869809314645575,1.8666309738468558,1.4879328807004,4.255226596324011,2.754995268898563,-1.500231327425448,True,42,,40,8,1766,5,1,0.013579553924500942,652.1644632650562,682.763479760666,30.599016495609817,45,1,2
decision_forecast,,,,,,,False,42,counterfactual branch intentionally excluded from error aggregates,40,8,1766,10,2,,,,,50,1,2
decision_forecast,0.37869809314620134,2.344102177966022,1.9654040848198204,4.255226596324085,2.689735653871858,-1.5654909424522265,True,42,,45,9,1766,5,1,0.011548464186489582,577.5101160704513,615.3465395440282,37.83642347357693,50,1,2
decision_forecast,0.32358945863440597,1.770442090896547,1.4468526322621411,7.284119006346234,5.7023635173656615,-1.5817554889805727,True,42,,0,0,2579,5,1,0.004786784294992685,14.754909761190149,13.805172730331774,-0.9497370308583744,5,1,28
decision_forecast,,,,,,,False,42,counterfactual branch intentionally excluded from error aggregates,0,0,2579,10,2,,,,,10,1,28
decision_forecast,,,,,,,False,42,counterfactual branch intentionally excluded from error aggregates,0,0,2579,15,3,,,,,15,1,28
decision_forecast,,,,,,,False,42,counterfactual branch intentionally excluded from error aggregates,0,0,2579,20,4,,,,,20,1,28
decision_forecast,,,,,,,False,42,counterfactual branch intentionally excluded from error aggregates,0,0,2579,25,5,,,,,25,1,28
decision_forecast,1.238547988822445,1.4239323204084566,0.18538433158601153,1.5716032468394427,1.5736319304903328,0.0020286836508900397,True,42,,5,1,2579,5,1,0.009064722806215286,7.568218103860915,7.852309412075783,0.28409130821486794,10,1,28
decision_forecast,,,,,,,False,42,counterfactual branch intentionally excluded from error aggregates,5,1,2579,10,2,,,,,15,1,28
decision_forecast,,,,,,,False,42,counterfactual branch intentionally excluded from error aggregates,5,1,2579,15,3,,,,,20,1,28
decision_forecast,,,,,,,False,42,counterfactual branch intentionally excluded from error aggregates,5,1,2579,20,4,,,,,25,1,28
decision_forecast,,,,,,,False,42,counterfactual branch intentionally excluded from error aggregates,5,1,2579,25,5,,,,,30,1,28
decision_forecast,0.5878826107488224,2.435032139697901,1.8471495289490785,5.870010739662265,6.941911312607003,1.0719005729447373,True,42,,10,2,2579,5,1,0.013356991112232208,8.835052405741695,2.3713175032809994,-6.463734902460696,15,1,28
decision_forecast,,,,,,,False,42,counterfactual branch intentionally excluded from error aggregates,10,2,2579,10,2,,,,,20,1,28
decision_forecast,,,,,,,False,42,counterfactual branch intentionally excluded from error aggregates,10,2,2579,15,3,,,,,25,1,28
decision_forecast,,,,,,,False,42,counterfactual branch intentionally excluded from error aggregates,10,2,2579,20,4,,,,,30,1,28
decision_forecast,,,,,,,False,42,counterfactual branch intentionally excluded from error aggregates,10,2,2579,25,5,,,,,35,1,28
decision_forecast,1.3453450632069934,3.9087677105415604,2.563422647334567,2.764664667897005,9.895213580658472,7.130548912761467,True,42,,15,3,2579,5,1,0.07885320484638214,1.3752365703387237,12.768180575638775,11.392944005300052,20,1,28
decision_forecast,,,,,,,False,42,counterfactual branch intentionally excluded from error aggregates,15,3,2579,10,2,,,,,25,1,28
decision_forecast,,,,,,,False,42,counterfactual branch intentionally excluded from error aggregates,15,3,2579,15,3,,,,,30,1,28
decision_forecast,,,,,,,False,42,counterfactual branch intentionally excluded from error aggregates,15,3,2579,20,4,,,,,35,1,28
decision_forecast,,,,,,,False,42,counterfactual branch intentionally excluded from error aggregates,15,3,2579,25,5,,,,,40,1,28
decision_forecast,2.9932374834992896,3.415093872301372,0.42185638880208254,3.8097589304430897,4.801673473368877,0.991914542925787,True,42,,20,4,2579,5,1,0.017773063853383064,13.580986146506078,7.295148750047387,-6.285837396458691,25,1,28
decision_forecast,,,,,,,False,42,counterfactual branch intentionally excluded from error aggregates,20,4,2579,10,2,,,,,30,1,28
decision_forecast,,,,,,,False,42,counterfactual branch intentionally excluded from error aggregates,20,4,2579,15,3,,,,,35,1,28
decision_forecast,,,,,,,False,42,counterfactual branch intentionally excluded from error aggregates,20,4,2579,20,4,,,,,40,1,28
decision_forecast,,,,,,,False,42,counterfactual branch intentionally excluded from error aggregates,20,4,2579,25,5,,,,,45,1,28
decision_forecast,2.0748195118481103,2.5373326016846938,0.46251308983658346,2.728931471945852,4.207698441902682,1.4787669699568302,True,42,,25,5,2579,5,1,0.012059271335601807,7.401295875323955,13.091990966761234,5.690695091437279,30,1,28
decision_forecast,,,,,,,False,42,counterfactual branch intentionally excluded from error aggregates,25,5,2579,10,2,,,,,35,1,28
decision_forecast,,,,,,,False,42,counterfactual branch intentionally excluded from error aggregates,25,5,2579,15,3,,,,,40,1,28
decision_forecast,,,,,,,False,42,counterfactual branch intentionally excluded from error aggregates,25,5,2579,20,4,,,,,45,1,28
decision_forecast,,,,,,,False,42,counterfactual branch intentionally excluded from error aggregates,25,5,2579,25,5,,,,,50,1,28
decision_forecast,1.1406135579304462,2.4804234655201474,1.3398099075897012,3.904546785511597,3.448358542712935,-0.4561882427986621,True,42,,30,6,2579,5,1,0.036109503358602524,2.640899223641056,10.982210776476553,8.341311552835496,35,1,28
decision_forecast,,,,,,,False,42,counterfactual branch intentionally excluded from error aggregates,30,6,2579,10,2,,,,,40,1,28
decision_forecast,,,,,,,False,42,counterfactual branch intentionally excluded from error aggregates,30,6,2579,15,3,,,,,45,1,28
decision_forecast,,,,,,,False,42,counterfactual branch intentionally excluded from error aggregates,30,6,2579,20,4,,,,,50,1,28
decision_forecast,0.39519297745701787,2.466693730073505,2.0715007526164873,3.8104075775051074,20.183172363913968,16.37276478640886,True,42,,35,7,2579,5,1,0.6350071430206299,2.314848341519732,9.221954804028815,6.907106462509083,40,1,28
decision_forecast,,,,,,,False,42,counterfactual branch intentionally excluded from error aggregates,35,7,2579,10,2,,,,,45,1,28
decision_forecast,,,,,,,False,42,counterfactual branch intentionally excluded from error aggregates,35,7,2579,15,3,,,,,50,1,28
decision_forecast,0.7389324927216646,0.06008011185935207,-0.6788523808623126,4.42093706444724,5.619234742127739,1.1982976776804994,True,42,,40,8,2579,5,1,0.011578069068491459,3.884351228648282,13.37867119762794,9.494319968979656,45,1,28
decision_forecast,,,,,,,False,42,counterfactual branch intentionally excluded from error aggregates,40,8,2579,10,2,,,,,50,1,28
decision_forecast,0.33072965207043753,2.2382751287553537,1.9075454766849163,2.172570974540951,5.518628572954912,3.3460575984139607,True,42,,45,9,2579,5,1,0.03013787232339382,2.679540106404288,8.026542111733448,5.347002005329161,50,1,28
decision_forecast,7.041105411582745,6.051055831011056,-0.9900495805716885,3.218511647427058,27.53926849177439,24.320756844347333,True,42,,0,0,12617,5,1,0.3330017626285553,332.8731595428946,95.09649884674899,-237.7766606961456,5,1,72
decision_forecast,,,,,,,False,42,counterfactual branch intentionally excluded from error aggregates,0,0,12617,10,2,,,,,10,1,72
decision_forecast,,,,,,,False,42,counterfactual branch intentionally excluded from error aggregates,0,0,12617,15,3,,,,,15,1,72
decision_forecast,,,,,,,False,42,counterfactual branch intentionally excluded from error aggregates,0,0,12617,20,4,,,,,20,1,72
decision_forecast,,,,,,,False,42,counterfactual branch intentionally excluded from error aggregates,0,0,12617,25,5,,,,,25,1,72
decision_forecast,7.798587050915499,7.846521318510648,0.047934267595149294,23.544752568572086,4.140028656023779,-19.404723912548306,True,42,,5,1,12617,5,1,0.35929930210113525,76.50855627418889,323.39024106905447,246.88168479486558,10,1,72
decision_forecast,,,,,,,False,42,counterfactual branch intentionally excluded from error aggregates,5,1,12617,10,2,,,,,15,1,72
decision_forecast,,,,,,,False,42,counterfactual branch intentionally excluded from error aggregates,5,1,12617,15,3,,,,,20,1,72
decision_forecast,,,,,,,False,42,counterfactual branch intentionally excluded from error aggregates,5,1,12617,20,4,,,,,25,1,72
decision_forecast,,,,,,,False,42,counterfactual branch intentionally excluded from error aggregates,5,1,12617,25,5,,,,,30,1,72
decision_forecast,7.041105411582745,8.655270357753517,1.6141649461707726,3.218511647427058,25.03785002373856,21.819338376311503,True,42,,10,2,12617,5,1,0.3061069846153259,445.76097505368074,193.29312771797518,-252.46784733570556,15,1,72
decision_forecast,,,,,,,False,42,counterfactual branch intentionally excluded from error aggregates,10,2,12617,10,2,,,,,20,1,72
decision_forecast,,,,,,,False,42,counterfactual branch intentionally excluded from error aggregates,10,2,12617,15,3,,,,,25,1,72
decision_forecast,,,,,,,False,42,counterfactual branch intentionally excluded from error aggregates,10,2,12617,20,4,,,,,30,1,72
decision_forecast,,,,,,,False,42,counterfactual branch intentionally excluded from error aggregates,10,2,12617,25,5,,,,,35,1,72
decision_forecast,7.041105411582745,8.627662733128327,1.5865573215455822,3.218511647427058,5.058667470995933,1.8401558235688746,True,42,,15,3,12617,5,1,0.012346990406513214,417.82413409311306,442.38217998270903,24.558045889595974,20,1,72
decision_forecast,,,,,,,False,42,counterfactual branch intentionally excluded from error aggregates,15,3,12617,10,2,,,,,25,1,72
decision_forecast,,,,,,,False,42,counterfactual branch intentionally excluded from error aggregates,15,3,12617,15,3,,,,,30,1,72
decision_forecast,,,,,,,False,42,counterfactual branch intentionally excluded from error aggregates,15,3,12617,20,4,,,,,35,1,72
decision_forecast,,,,,,,False,42,counterfactual branch intentionally excluded from error aggregates,15,3,12617,25,5,,,,,40,1,72
decision_forecast,7.041105411582745,19.396835657865772,12.355730246283027,3.218511647427058,3.008378289353747,-0.2101333580733109,True,42,,20,4,12617,5,1,0.275239497423172,597.7405195200149,430.2472123963135,-167.4933071237014,25,1,72
decision_forecast,,,,,,,False,42,counterfactual branch intentionally excluded from error aggregates,20,4,12617,10,2,,,,,30,1,72
decision_forecast,,,,,,,False,42,counterfactual branch intentionally excluded from error aggregates,20,4,12617,15,3,,,,,35,1,72
decision_forecast,,,,,,,False,42,counterfactual branch intentionally excluded from error aggregates,20,4,12617,20,4,,,,,40,1,72
decision_forecast,,,,,,,False,42,counterfactual branch intentionally excluded from error aggregates,20,4,12617,25,5,,,,,45,1,72
decision_forecast,7.041105411582745,8.311383993421716,1.270278581838971,3.218511647427058,9.444718557671084,6.226206910244026,True,42,,25,5,12617,5,1,0.016103722155094147,633.0554911752552,605.5158778732887,-27.539613301966483,30,1,72
decision_forecast,,,,,,,False,42,counterfactual branch intentionally excluded from error aggregates,25,5,12617,10,2,,,,,35,1,72
decision_forecast,,,,,,,False,42,counterfactual branch intentionally excluded from error aggregates,25,5,12617,15,3,,,,,40,1,72
decision_forecast,,,,,,,False,42,counterfactual branch intentionally excluded from error aggregates,25,5,12617,20,4,,,,,45,1,72
decision_forecast,,,,,,,False,42,counterfactual branch intentionally excluded from error aggregates,25,5,12617,25,5,,,,,50,1,72
decision_forecast,7.041105411582745,9.654622655974764,2.6135172443920194,3.218511647427058,6.528932752338784,3.3104211049117263,True,42,,30,6,12617,5,1,0.00961039774119854,630.7697623240292,635.9694325352439,5.199670211214652,35,1,72
decision_forecast,,,,,,,False,42,counterfactual branch intentionally excluded from error aggregates,30,6,12617,10,2,,,,,40,1,72
decision_forecast,,,,,,,False,42,counterfactual branch intentionally excluded from error aggregates,30,6,12617,15,3,,,,,45,1,72
decision_forecast,,,,,,,False,42,counterfactual branch intentionally excluded from error aggregates,30,6,12617,20,4,,,,,50,1,72
decision_forecast,7.041105411582745,17.26417739142099,10.223071979838245,3.218511647427058,4.313540058049732,1.0950284106226738,True,42,,35,7,12617,5,1,0.24677228927612305,813.950004010588,639.9985065172098,-173.95149749337827,40,1,72
decision_forecast,,,,,,,False,42,counterfactual branch intentionally excluded from error aggregates,35,7,12617,10,2,,,,,45,1,72
decision_forecast,,,,,,,False,42,counterfactual branch intentionally excluded from error aggregates,35,7,12617,15,3,,,,,50,1,72
decision_forecast,7.041105411582745,7.455370045122358,0.41426463353961296,3.218511647427058,5.240951767231432,2.022440119804374,True,42,,40,8,12617,5,1,0.0062538632191717625,801.8958903775155,808.3138066139794,6.417916236463952,45,1,72
decision_forecast,,,,,,,False,42,counterfactual branch intentionally excluded from error aggregates,40,8,12617,10,2,,,,,50,1,72
decision_forecast,7.041105411582745,20.28026598549356,13.239160573910816,3.218511647427058,5.499419749543514,2.280908102116456,True,42,,45,9,12617,5,1,0.35834845900535583,1046.251878717397,830.1522970530144,-216.09958166438253,50,1,72
executed_action_flow,0.1183362528027026,3.7689221000127775,3.650585847210075,2.9820457184371865,3.4504487649717355,0.468403046534549,True,,,0,0,1251,5,1,0.011924952268600464,7.287435356605947,9.55664706630384,2.2692117096978937,5,1,32
executed_action_flow,0.675973863231663,7.481710956015768,6.805737092784105,5.362256154340713,9.431120953078938,4.068864798738225,True,,,0,0,1251,10,2,0.020837008953094482,11.227962213477488,17.906817516376087,6.678855302898599,10,1,32
executed_action_flow,1.7610158504605877,10.207866141611257,8.44685029115067,0.6732306173386573,7.411906601331803,6.738675983993145,True,,,0,0,1251,15,3,0.09166879206895828,6.64538152742105,13.561556298489169,6.9161747710681185,15,1,32
executed_action_flow,1.7043507869042733,8.859950613678638,7.155599826774365,5.5521009852631344,14.179998498546146,8.627897513283012,True,,,0,0,1251,20,4,0.1058187186717987,8.023339605854773,8.9137282325732,0.890388626718428,20,1,32
executed_action_flow,0.4076318777104209,9.584156236452852,9.176524358742432,7.404680909443264,13.11542855039642,5.710747640953156,True,,,0,0,1251,25,5,0.14079146087169647,5.620767604021813,14.942797749160952,9.32203014513914,25,1,32
executed_action_flow,0.675973863231663,4.153667131981205,3.477693268749542,5.362256154340713,6.939779312685328,1.577523158344615,True,,,5,1,1251,5,1,0.008449750952422619,11.227962213477488,13.128118327694404,1.9001561142169159,10,1,32
executed_action_flow,1.7610158504605877,7.363051371165925,5.602035520705337,0.6732306173386573,9.100498511213535,8.427267893874879,True,,,5,1,1251,10,2,0.07270929962396622,6.64538152742105,9.533959904189821,2.8885783767687707,15,1,32
executed_action_flow,1.7043507869042733,5.449288821443601,3.744938034539328,5.5521009852631344,16.74465677039032,11.192555785127187,True,,,5,1,1251,15,3,0.08438584953546524,8.023339605854773,12.35401832615154,4.330678720296767,20,1,32
executed_action_flow,0.4076318777104209,6.104557344924876,5.696925467214455,7.404680909443264,15.380147342689918,7.9754664332466545,True,,,5,1,1251,20,4,0.10394255071878433,5.620767604021813,15.126329180303102,9.50556157628129,25,1,32
executed_action_flow,0.1250391592700861,4.390369352537989,4.265330193267903,5.121681090325707,15.11176404855297,9.990082958227264,True,,,5,1,1251,25,5,0.11930003017187119,1.9493608608716455,17.131197502273665,15.181836641402018,30,1,32
executed_action_flow,1.7610158504605877,4.686880801517379,2.9258649510567913,0.6732306173386573,8.199892650489199,7.526662033150542,True,,,10,2,1251,5,1,0.05607423186302185,6.64538152742105,9.111214861464811,2.4658333340437606,15,1,32
executed_action_flow,1.7043507869042733,2.556881292861622,0.8525305059573485,5.5521009852631344,18.27454416978389,12.722443184520756,True,,,10,2,1251,10,2,0.06399140506982803,8.023339605854773,16.26949013507692,8.246150529222149,20,1,32
executed_action_flow,0.4076318777104209,3.1813593235644793,2.773727445854058,7.404680909443264,16.83493807870686,9.430257169263594,True,,,10,2,1251,15,3,0.07115981727838516,5.620767604021813,16.154735100318067,10.533967496296254,25,1,32
executed_action_flow,0.1250391592700861,1.63762553210443,1.5125863728343438,5.121681090325707,15.641386735794898,10.519705645469191,True,,,10,2,1251,20,4,0.08827964216470718,1.9493608608716455,15.105586485918318,13.156225625046673,30,1,32
executed_action_flow,0.5141702775264998,2.601618587860747,2.0874483103342474,1.7187412595652831,13.784549166928967,12.065807907363684,True,,,10,2,1251,25,5,0.09111952036619186,7.270759956105022,11.373736709551183,4.102976753446161,35,1,32
executed_action_flow,1.7043507869042733,0.8542586126153164,-0.8500921742889569,5.5521009852631344,7.530757625068745,1.9786566398056102,True,,,15,3,1251,5,1,0.01454655360430479,8.023339605854773,5.060140651205563,-2.9631989546492097,20,1,32
executed_action_flow,0.4076318777104209,1.3839472321514337,0.9763153544410128,7.404680909443264,7.9010573825258,0.4963764730825364,True,,,15,3,1251,10,2,0.020520806312561035,5.620767604021813,9.69554428737202,4.074776683350207,25,1,32
executed_action_flow,0.1250391592700861,0.48525309081280354,0.3602139315427174,5.121681090325707,8.638421699164773,3.5167406088390667,True,,,15,3,1251,15,3,0.030837537720799446,1.9493608608716455,15.721741932394323,13.772381071522677,30,1,32
executed_action_flow,0.5141702775264998,1.8411965520903024,1.3270262745638026,1.7187412595652831,9.348681556437953,7.62994029687267,True,,,15,3,1251,20,4,0.02743106335401535,7.270759956105022,16.928321978453706,9.657562022348685,35,1,32
executed_action_flow,1.5579427110149233,0.07966096328696862,-1.4782817477279546,3.277209679124182,8.690191023847262,5.412981344723081,True,,,15,3,1251,25,5,0.024452948942780495,12.959091180089567,15.15418546808607,2.1950942879965023,40,1,32
executed_action_flow,0.4076318777104209,1.313424244680832,0.9057923669704111,7.404680909443264,7.058877789428274,-0.34580312001499003,True,,,20,4,1251,5,1,0.019877133890986443,5.620767604021813,15.202225968555659,9.581458364533846,25,1,32
executed_action_flow,0.1250391592700861,2.518018653282238,2.392979494012152,5.121681090325707,7.058400973529144,1.9367198832034376,True,,,20,4,1251,10,2,0.04059280827641487,1.9493608608716455,18.474647472110323,16.525286611238677,30,1,32
executed_action_flow,0.5141702775264998,0.9699931970710557,0.4558229195445559,1.7187412595652831,7.8435467599199615,6.124805500354679,True,,,20,4,1251,15,3,0.03418457880616188,7.270759956105022,14.090277969749572,6.81951801364455,35,1,32
executed_action_flow,1.5579427110149233,2.6030777672427643,1.045135056227841,3.277209679124182,7.1032891427919855,3.8260794636678037,True,,,20,4,1251,20,4,0.02528555691242218,12.959091180089567,5.68788014527325,-7.271211034816317,40,1,32
executed_action_flow,1.3014486171134345,3.2805915517730093,1.9791429346595748,3.875801963483713,9.110759346066994,5.23495738258328,True,,,20,4,1251,25,5,0.03427988290786743,15.052671177699994,1.2927541627988766,-13.759917014901117,45,1,32
executed_action_flow,0.1250391592700861,2.4518580258869096,2.3268188666168235,5.121681090325707,6.661276555634355,1.5395954653086488,True,,,25,5,1251,5,1,0.02267443574965,1.9493608608716455,8.962498712108998,7.013137851237352,30,1,32
executed_action_flow,0.5141702775264998,1.2268322155256302,0.7126619379991304,1.7187412595652831,4.755394557865986,3.036653298300703,True,,,25,5,1251,10,2,0.017703941091895103,7.270759956105022,7.080713756770058,-0.19004619933496336,35,1,32
executed_action_flow,1.5579427110149233,2.58726929440877,1.0293265833938465,3.277209679124182,4.625018790910576,1.3478091117863942,True,,,25,5,1251,15,3,0.02055940218269825,12.959091180089567,8.666090262671847,-4.29300091741772,40,1,32
executed_action_flow,1.3014486171134345,3.191023866092047,1.8895752489786124,3.875801963483713,7.108586765326753,3.23278480184304,True,,,25,5,1251,20,4,0.029369642958045006,15.052671177699994,3.9956367867794866,-11.057034390920506,45,1,32
executed_action_flow,2.2243096268197076,4.357128402709984,2.1328187758902764,7.14180212762446,3.94981707490632,-3.1919850527181395,True,,,25,5,1251,25,5,0.032940823584795,59.065909514933594,48.181116220331184,-10.88479329460241,50,1,32
executed_action_flow,2.4515178132051307,2.495654495621753,0.044136682416622275,5.739200202668861,1.6915494406089355,-4.047650762059925,True,,,0,0,1766,5,1,0.004148079082369804,6.696737611183806,12.087648054664417,5.39091044348061,5,1,2
executed_action_flow,1.1035507366551391,3.9871473212078024,2.883596584552663,2.5687486590047017,2.730926209731602,0.16217755072690032,True,,,0,0,1766,10,2,0.013528426177799702,57.62754208315714,34.06616365623825,-23.561378426918886,10,1,2
executed_action_flow,0.3787437491002873,6.215476045466863,5.836732296366575,4.255169474764387,7.469095757232493,3.2139262824681056,True,,,0,0,1766,15,3,0.20754842460155487,236.25664651221044,70.46247132924199,-165.79417518296844,15,1,2
executed_action_flow,0.378700028553571,6.438006348037574,6.059306319484003,4.255224174877397,8.432153952468422,4.176929777591025,True,,,0,0,1766,20,4,0.195888951420784,223.59624034481263,63.33165979960856,-160.26458054520407,20,1,2
executed_action_flow,0.378698175190136,6.535106170641911,6.156407995451775,4.255226493676565,12.275788109962962,8.020561616286397,True,,,0,0,1766,25,5,0.1810275763273239,222.10698625338011,84.91234768731114,-137.194638566069,25,1,2
executed_action_flow,1.1035507366551391,3.9490485260174713,2.845497789362332,2.5687486590047017,5.665737514312157,3.0969888553074556,True,,,5,1,1766,5,1,0.011035964824259281,57.62754208315714,37.852203693889926,-19.775338389267212,10,1,2
executed_action_flow,0.3787437491002873,6.089267809983368,5.71052406088308,4.255169474764387,8.725947524500626,4.470778049736238,True,,,5,1,1766,10,2,0.20185375213623047,236.25664651221044,73.74450658613912,-162.5121399260713,15,1,2
executed_action_flow,0.378700028553571,6.3280949439137295,5.949394915360158,4.255224174877397,9.357809652381672,5.102585477504275,True,,,5,1,1766,15,3,0.19004344940185547,223.59624034481263,66.26136243971082,-157.3348779051018,20,1,2
executed_action_flow,0.378698175190136,6.514096508754952,6.135398333564816,4.255226493676565,13.989111713050132,9.733885219373567,True,,,5,1,1766,20,4,0.17593501508235931,222.10698625338011,87.52747962128036,-134.57950663209976,25,1,2
executed_action_flow,0.3786980966240234,8.200374670748833,7.821676574124809,4.255226591973039,17.586421001176127,13.33119440920309,True,,,5,1,1766,25,5,0.16142015159130096,345.51034144741726,213.4028459733485,-132.10749547406877,30,1,2
executed_action_flow,0.3787437491002873,3.3197763657049375,2.9410326166046503,4.255169474764387,3.5889905987840773,-0.66617887598031,True,,,10,2,1766,5,1,0.1602460891008377,236.25664651221044,89.04226920061762,-147.2143773115928,15,1,2
executed_action_flow,0.378700028553571,3.5331678751661717,3.154467846612601,4.255224174877397,4.11283613177005,-0.14238804310734743,True,,,10,2,1766,10,2,0.15155456960201263,223.59624034481263,79.76832802944334,-143.8279123153693,20,1,2
executed_action_flow,0.378698175190136,3.783345897448834,3.404647722258698,4.255226493676565,8.777678123499074,4.522451629822509,True,,,10,2,1766,15,3,0.14100728929042816,222.10698625338011,97.58507014479034,-124.52191610858978,25,1,2
executed_action_flow,0.3786980966240234,5.505195684640141,5.126497588016117,4.255226591973039,13.81697264477236,9.561746052799322,True,,,10,2,1766,20,4,0.13699766993522644,345.51034144741726,218.997008875639,-126.51333257177825,30,1,2
executed_action_flow,0.3786980932935246,6.815512838724226,6.436814745430701,4.255226596139938,18.64804583629426,14.39281924015432,True,,,10,2,1766,25,5,0.12304327636957169,463.1703117189662,360.8000499383967,-102.37026178056954,35,1,2
executed_action_flow,0.378700028553571,0.8346284359858341,0.45592840743226315,4.255224174877397,2.4123749472179354,-1.8428492276594617,True,,,15,3,1766,5,1,0.003418928710743785,223.59624034481263,230.83691429367738,7.240673948864753,20,1,2
executed_action_flow,0.378698175190136,2.6079386431813396,2.2292404679912035,4.255226493676565,3.243576076260409,-1.0116504174161558,True,,,15,3,1766,10,2,0.011704751290380955,222.10698625338011,225.2064834846667,3.099497231286591,25,1,2
executed_action_flow,0.3786980966240234,4.370701263501023,3.9920031668769997,4.255226591973039,9.830018783156143,5.574792191183104,True,,,15,3,1766,15,3,0.05828256532549858,345.51034144741726,275.2657364313755,-70.24460501604176,30,1,2
executed_action_flow,0.3786980932935246,5.228395441666703,4.849697348373178,4.255226596139938,13.475828124486577,9.22060152834664,True,,,15,3,1766,20,4,0.09894726425409317,463.1703117189662,366.3229395522301,-96.84737216673614,35,1,2
executed_action_flow,0.37869809315235886,7.004244626011184,6.625546532858825,4.255226596316536,15.462235844060595,11.20700924774406,True,,,15,3,1766,25,5,0.17770278453826904,718.4588456506875,578.6010290600038,-139.85781659068368,40,1,2
executed_action_flow,0.378698175190136,1.2674593770529772,0.8887612018628412,4.255226493676565,3.3191921831277873,-0.9360343105487776,True,,,20,4,1766,5,1,0.008297834545373917,222.10698625338011,220.37874997023206,-1.7282362831480498,25,1,2
executed_action_flow,0.3786980966240234,3.8304059793963345,3.451707882772311,4.255226591973039,13.269058511588382,9.013831919615342,True,,,20,4,1766,10,2,0.05044667795300484,345.51034144741726,284.42282531510017,-61.08751613231709,30,1,2
executed_action_flow,0.3786980932935246,4.561673356025079,4.182975262731554,4.255226596139938,15.618002829043801,11.362776232903864,True,,,20,4,1766,15,3,0.10064152628183365,463.1703117189662,367.58010402843627,-95.59020769052995,35,1,2
executed_action_flow,0.37869809315235886,6.723223322800179,6.344525229647821,4.255226596316536,17.33409330960404,13.078866713287503,True,,,20,4,1766,20,4,0.18598085641860962,718.4588456506875,575.4399422863071,-143.01890336438044,40,1,2
executed_action_flow,0.37869809314645575,4.4723754629634005,4.093677369816945,4.255226596324011,15.647215375389418,11.391988779065407,True,,,20,4,1766,25,5,0.18826131522655487,652.1644632650562,515.4108885980361,-136.75357466702008,45,1,2
executed_action_flow,0.3786980966240234,1.7372125459758867,1.3585144493518633,4.255226591973039,6.522920746633508,2.267694154660469,True,,,25,5,1766,5,1,0.06239861622452736,345.51034144741726,264.3638170886174,-81.14652435879987,30,1,2
executed_action_flow,0.3786980932935246,2.182226694489396,1.8035286011958716,4.255226596139938,9.243577966866358,4.98835137072642,True,,,25,5,1766,10,2,0.11606898158788681,463.1703117189662,348.6070080702762,-114.56330364869001,35,1,2
executed_action_flow,0.37869809315235886,4.4435657250383835,4.064867631886025,4.255226596316536,11.138121340335003,6.882894744018467,True,,,25,5,1766,15,3,0.17616377770900726,718.4588456506875,571.9352030070459,-146.52364264364167,40,1,2
executed_action_flow,0.37869809314645575,2.2367042834564868,1.858006190310031,4.255226596324011,9.367619105916477,5.112392509592466,True,,,25,5,1766,20,4,0.17996267974376678,652.1644632650562,510.31044256265795,-141.8540207023982,45,1,2
executed_action_flow,0.37869809314620134,2.5464670226951593,2.167768929548958,4.255226596324085,14.259631693347833,10.00440509702375,True,,,25,5,1766,25,5,0.15440788865089417,577.5101160704513,466.41580032358706,-111.09431574686425,50,1,2
executed_action_flow,0.32358945863440597,1.770442090896547,1.4468526322621411,7.284119006346234,5.7023635173656615,-1.5817554889805727,True,,,0,0,2579,5,1,0.004786783363670111,14.754909761190149,13.805172730331774,-0.9497370308583744,5,1,28
executed_action_flow,1.238547988822445,1.033808136716607,-0.20473985210583812,1.5716032468394427,2.7117602405444323,1.1401569937049896,True,,,0,0,2579,10,2,0.013496139086782932,7.568218103860915,4.942133308859421,-2.6260847950014945,10,1,28
executed_action_flow,0.5878826107488224,3.862956610222644,3.275073999473822,5.870010739662265,6.382561846230284,0.5125511065680186,True,,,0,0,2579,15,3,0.04102664068341255,8.835052405741695,2.539790974080608,-6.295261431661087,15,1,28
executed_action_flow,1.3453450632069934,6.541020163826924,5.195675100619931,2.764664667897005,16.43669401359829,13.672029345701286,True,,,0,0,2579,20,4,0.3204384744167328,1.3752365703387237,15.738430736337184,14.363194165998461,20,1,28
executed_action_flow,2.9932374834992896,5.550533451148355,2.557295967649065,3.8097589304430897,11.931017656238792,8.121258725795702,True,,,0,0,2579,25,5,0.5430191159248352,13.580986146506078,30.051936093442194,16.470949946936116,25,1,28
executed_action_flow,1.238547988822445,1.4239323204084566,0.18538433158601153,1.5716032468394427,1.5736319304903328,0.0020286836508900397,True,,,5,1,2579,5,1,0.009064722806215286,7.568218103860915,7.852309412075783,0.28409130821486794,10,1,28
executed_action_flow,0.5878826107488224,4.215553173293505,3.627670562544682,5.870010739662265,6.33661879958036,0.4666080599180944,True,,,5,1,2579,10,2,0.0370577834546566,8.835052405741695,3.700064189231345,-5.134988216510351,15,1,28
executed_action_flow,1.3453450632069934,5.281502545025308,3.9361574818183147,2.764664667897005,13.10016422060008,10.335499552703075,True,,,5,1,2579,15,3,0.1701652556657791,1.3752365703387237,16.198968979050242,14.82373240871152,20,1,28
executed_action_flow,2.9932374834992896,4.015595284255145,1.0223578007558554,3.8097589304430897,8.056615648688148,4.246856718245057,True,,,5,1,2579,20,4,0.31879544258117676,13.580986146506078,31.766835073975532,18.185848927469454,25,1,28
executed_action_flow,2.0748195118481103,6.006178785774491,3.9313592739263807,2.728931471945852,9.774345083145036,7.045413611199184,True,,,5,1,2579,25,5,0.3258526027202606,7.401295875323955,18.510680493110005,11.10938461778605,30,1,28
executed_action_flow,0.5878826107488224,2.435032139697901,1.8471495289490785,5.870010739662265,6.941911312607003,1.0719005729447373,True,,,10,2,2579,5,1,0.013356991112232208,8.835052405741695,2.3713175032809994,-6.463734902460696,15,1,28
executed_action_flow,1.3453450632069934,4.000206868055106,2.654861804848113,2.764664667897005,10.380015294613393,7.615350626716388,True,,,10,2,2579,10,2,0.0697304829955101,1.3752365703387237,17.647755618174344,16.27251904783562,20,1,28
executed_action_flow,2.9932374834992896,2.152685093796262,-0.8405523897030278,3.8097589304430897,3.4536642067319323,-0.35609472371115736,True,,,10,2,2579,15,3,0.17038662731647491,13.580986146506078,35.13652433075625,21.555538184250175,25,1,28
executed_action_flow,2.0748195118481103,3.3528381234267126,1.2780186115786023,2.728931471945852,4.592280244265643,1.863348772319791,True,,,10,2,2579,20,4,0.186860129237175,7.401295875323955,18.504125270310404,11.102829394986449,30,1,28
executed_action_flow,1.1406135579304462,2.907936676365007,1.7673231184345608,3.904546785511597,5.150928024616304,1.246381239104707,True,,,10,2,2579,25,5,0.29729029536247253,2.640899223641056,24.022827651935675,21.381928428294618,35,1,28
executed_action_flow,1.3453450632069934,3.9087642954469755,2.563419232239982,2.764664667897005,9.895213580658472,7.130548912761467,True,,,15,3,2579,5,1,0.07885316759347916,1.3752365703387237,12.768205634949604,11.392969064610881,20,1,28
executed_action_flow,2.9932374834992896,1.7015135330764848,-1.2917239504228049,3.8097589304430897,4.249020096051099,0.43926116560800965,True,,,15,3,2579,10,2,0.1909533143043518,13.580986146506078,29.18838782546089,15.607401678954812,25,1,28
executed_action_flow,2.0748195118481103,3.071202103190407,0.9963825913422966,2.728931471945852,5.11742909647242,2.388497624526568,True,,,15,3,2579,15,3,0.20055024325847626,7.401295875323955,11.398295186351474,3.996999311027519,30,1,28
executed_action_flow,1.1406135579304462,2.773293157256546,1.6326795993260996,3.904546785511597,6.2484231560644865,2.3438763705528896,True,,,15,3,2579,20,4,0.28723958134651184,2.640899223641056,17.05268360861254,14.411784384971483,35,1,28
executed_action_flow,0.39519297745701787,7.372507837286428,6.97731485982941,3.8104075775051074,20.718028955647515,16.90762137814241,True,,,15,3,2579,25,5,0.9774219393730164,2.314848341519732,34.41631665308561,32.101468311565874,40,1,28
executed_action_flow,2.9932374834992896,3.415093872301372,0.42185638880208254,3.8097589304430897,4.801693092011266,0.9919341615681767,True,,,20,4,2579,5,1,0.017773069441318512,13.580986146506078,7.295140291458515,-6.285845855047563,25,1,28
executed_action_flow,2.0748195118481103,1.823963739106467,-0.2508557727416434,2.728931471945852,3.135934601715404,0.407003129769552,True,,,20,4,2579,10,2,0.02941880375146866,7.401295875323955,6.978092416788164,-0.42320345853579067,30,1,28
executed_action_flow,1.1406135579304462,1.6107218181240837,0.4701082601936375,3.904546785511597,5.038437660089233,1.1338908745776362,True,,,20,4,2579,15,3,0.10677922517061234,2.640899223641056,15.134843663133374,12.493944439492317,35,1,28
executed_action_flow,0.39519297745701787,3.0418639600802786,2.646670982623261,3.8104075775051074,19.423719025557954,15.613311448052848,True,,,20,4,2579,20,4,0.8094964027404785,2.314848341519732,30.812710108787307,28.497861767267576,40,1,28
executed_action_flow,0.7389324927216646,2.011809961539826,1.2728774688181614,4.42093706444724,18.169249652426277,13.748312587979036,True,,,20,4,2579,25,5,0.9600411057472229,3.884351228648282,32.92281585131626,29.038464622667977,45,1,28
executed_action_flow,2.0748195118481103,2.5373326016846938,0.46251308983658346,2.728931471945852,4.207698441902682,1.4787669699568302,True,,,25,5,2579,5,1,0.012059271335601807,7.401295875323955,13.091990966761234,5.690695091437279,30,1,28
executed_action_flow,1.1406135579304462,3.0295467691270774,1.8889332111966313,3.904546785511597,6.637565920436903,2.733019134925306,True,,,25,5,2579,10,2,0.05236935243010521,2.640899223641056,18.08269125022018,15.441792026579122,35,1,28
executed_action_flow,0.39519297745701787,2.4419172188592837,2.046724241402266,3.8104075775051074,19.343632751624323,15.533225174119217,True,,,25,5,2579,15,3,0.6598506569862366,2.314848341519732,23.134455684134085,20.819607342614354,40,1,28
executed_action_flow,0.7389324927216646,1.4299529763356096,0.691020483613945,4.42093706444724,18.50943248464059,14.08849542019335,True,,,25,5,2579,20,4,0.8267262578010559,3.884351228648282,27.461964660279815,23.577613431631534,45,1,28
executed_action_flow,0.33072965207043753,3.775272597683323,3.4445429456128855,2.172570974540951,17.8603464076102,15.68777543306925,True,,,25,5,2579,25,5,0.7715296149253845,2.679540106404288,28.99722750030025,26.317687393895962,50,1,28
executed_action_flow,7.041105411582745,6.051055831011056,-0.9900495805716885,3.218511647427058,27.53926849177439,24.320756844347333,True,,,0,0,12617,5,1,0.3330017626285553,332.8731595428946,95.09649884674899,-237.7766606961456,5,1,72
executed_action_flow,7.798587050915499,7.183951987884392,-0.6146350630311073,23.544752568572086,23.7300678338026,0.18531526523051411,True,,,0,0,12617,10,2,0.018025942146778107,76.50855627418889,71.50615966314145,-5.002396611047445,10,1,72
executed_action_flow,7.041105411582745,8.803608406147855,1.7625029945651107,3.218511647427058,26.508738947864188,23.29022730043713,True,,,0,0,12617,15,3,0.356574684381485,445.76097505368074,182.5451895789591,-263.21578547472166,15,1,72
executed_action_flow,7.041105411582745,10.36410172582067,3.3229963142379244,3.218511647427058,23.90577326949162,20.68726162206456,True,,,0,0,12617,20,4,0.39600393176078796,417.82413409311306,147.88203571707197,-269.9420983760411,20,1,72
executed_action_flow,7.041105411582745,13.304334238971077,6.263228827388332,3.218511647427058,20.342810808150137,17.12429916072308,True,,,0,0,12617,25,5,0.3690098226070404,597.7405195200149,281.72088135152893,-316.019638168486,25,1,72
executed_action_flow,7.798587050915499,7.846521318510648,0.047934267595149294,23.544752568572086,4.1399997439559755,-19.40475282461611,True,,,5,1,12617,5,1,0.35929930210113525,76.50855627418889,323.3902632252837,246.88170695109483,10,1,72
executed_action_flow,7.041105411582745,17.492169105916016,10.451063694333271,3.218511647427058,10.303323068444042,7.084811421016984,True,,,5,1,12617,10,2,0.1993558406829834,445.76097505368074,354.5356440164396,-91.22533103724112,15,1,72
executed_action_flow,7.041105411582745,18.41179943614487,11.370694024562127,3.218511647427058,9.438764252622258,6.2202526051952,True,,,5,1,12617,15,3,0.3171001076698303,417.82413409311306,336.2680601748778,-81.55607391823526,20,1,72
executed_action_flow,7.041105411582745,22.076032001316634,15.034926589733889,3.218511647427058,10.750235497938558,7.5317238505115,True,,,5,1,12617,20,4,0.42697158455848694,597.7405195200149,363.7497972535593,-233.99072226645563,25,1,72
executed_action_flow,7.041105411582745,19.317987954087144,12.2768825425044,3.218511647427058,13.498325560405732,10.279813912978675,True,,,5,1,12617,25,5,0.45321473479270935,633.0554911752552,372.86273220697973,-260.1927589682754,30,1,72
executed_action_flow,7.041105411582745,8.655270357753517,1.6141649461707726,3.218511647427058,25.03788172925724,21.819370081830183,True,,,10,2,12617,5,1,0.3061069846153259,445.76097505368074,193.29309839644884,-252.4678766572319,15,1,72
executed_action_flow,7.041105411582745,10.0704992141585,3.029393802575756,3.218511647427058,22.649714337844213,19.431202690417155,True,,,10,2,12617,10,2,0.37030863761901855,417.82413409311306,161.84646701417807,-255.97766707893499,20,1,72
executed_action_flow,7.041105411582745,12.216148500404646,5.1750430888219014,3.218511647427058,18.78197313884849,15.563461491421432,True,,,10,2,12617,15,3,0.359020859003067,597.7405195200149,284.7690593000647,-312.9714602199502,25,1,72
executed_action_flow,7.041105411582745,12.717593668510302,5.676488256927557,3.218511647427058,17.885435679519954,14.666924032092897,True,,,10,2,12617,20,4,0.34772801399230957,633.0554911752552,330.4153772593288,-302.64011391592635,30,1,72
executed_action_flow,7.041105411582745,14.978126736596062,7.937021325013317,3.218511647427058,16.665337639892414,13.446825992465357,True,,,10,2,12617,25,5,0.4080682694911957,630.7697623240292,319.22004282799764,-311.54971949603157,35,1,72
executed_action_flow,7.041105411582745,8.627662733128327,1.5865573215455822,3.218511647427058,5.058667470995933,1.8401558235688746,True,,,15,3,12617,5,1,0.012346990406513214,417.82413409311306,442.38217998270903,24.558045889595974,20,1,72
executed_action_flow,7.041105411582745,22.99469244468335,15.953587033100604,3.218511647427058,2.6849111231048797,-0.5336005243221784,True,,,15,3,12617,10,2,0.36818957328796387,597.7405195200149,457.19337812189116,-140.54714139812376,25,1,72
executed_action_flow,7.041105411582745,21.16959759656424,14.128492184981496,3.218511647427058,2.4267933743133585,-0.7917182731136996,True,,,15,3,12617,15,3,0.44439712166786194,633.0554911752552,452.48598740924075,-180.5695037660144,30,1,72
executed_action_flow,7.041105411582745,18.572732353368714,11.53162694178597,3.218511647427058,6.901509043511023,3.682997396083965,True,,,15,3,12617,20,4,0.5378444194793701,630.7697623240292,440.4055110579344,-190.3642512660948,35,1,72
executed_action_flow,7.041105411582745,17.287195128923933,10.246089717341189,3.218511647427058,10.427711606402744,7.209199958975685,True,,,15,3,12617,25,5,0.43227243423461914,813.950004010588,508.3821140589276,-305.56788995166045,40,1,72
executed_action_flow,7.041105411582745,19.396835657865772,12.355730246283027,3.218511647427058,3.0083479471646783,-0.21016370026237974,True,,,20,4,12617,5,1,0.2752395570278168,597.7405195200149,430.2472246929261,-167.4932948270888,25,1,72
executed_action_flow,7.041105411582745,17.41418200597281,10.373076594390064,3.218511647427058,5.7781992632747246,2.5596876158476665,True,,,20,4,12617,10,2,0.3586578667163849,633.0554911752552,435.6830846969011,-197.37240647835404,30,1,72
executed_action_flow,7.041105411582745,16.153397387080155,9.11229197549741,3.218511647427058,8.761434425119202,5.5429227776921435,True,,,20,4,12617,15,3,0.46933162212371826,630.7697623240292,424.98094427779324,-205.78881804623597,35,1,72
executed_action_flow,7.041105411582745,14.867655256960276,7.8265498453775315,3.218511647427058,11.77397760427607,8.555465956849012,True,,,20,4,12617,20,4,0.3978644907474518,813.950004010588,497.0547185086332,-316.89528550195485,40,1,72
executed_action_flow,7.041105411582745,14.582207991167103,7.541102579584358,3.218511647427058,12.704318302438088,9.485806655011029,True,,,20,4,12617,25,5,0.4259849786758423,801.8958903775155,489.6946979804665,-312.20119239704894,45,1,72
executed_action_flow,7.041105411582745,8.311397653800055,1.2702922422173106,3.218511647427058,9.444730902985237,6.226219255558179,True,,,25,5,12617,5,1,0.016103724017739296,633.0554911752552,605.5158565650726,-27.53963461018259,30,1,72
executed_action_flow,7.041105411582745,9.218351152929369,2.177245741346624,3.218511647427058,10.508116138568814,7.289604491141756,True,,,25,5,12617,10,2,0.05709803104400635,630.7697623240292,590.5237609026034,-40.24600142142583,35,1,72
executed_action_flow,7.041105411582745,15.257836643486424,8.21673123190368,3.218511647427058,6.374657490110726,3.156145842683668,True,,,25,5,12617,15,3,0.39900660514831543,813.950004010588,593.072497559165,-220.87750645142307,40,1,72
executed_action_flow,7.041105411582745,13.764238196544715,6.723132784961971,3.218511647427058,9.27396811992708,6.055456472500022,True,,,25,5,12617,20,4,0.4506150782108307,801.8958903775155,579.5513647648435,-222.344525612672,45,1,72
executed_action_flow,7.041105411582745,14.020465913068573,6.979360501485829,3.218511647427058,13.825682739476376,10.607171092049317,True,,,25,5,12617,25,5,0.4423770010471344,1046.251878717397,701.4300635130148,-344.8218152043821,50,1,72
decision_forecast,2.9761264469475917,2.178701861348603,-0.7974245855989888,2.42744539706353,5.085642456057488,2.6581970589939576,True,42,,0,0,1768,5,1,0.018306652083992958,6.168410290935912,5.450860074319754,-0.717550216616158,5,1,31
decision_forecast,,,,,,,False,42,counterfactual branch intentionally excluded from error aggregates,0,0,1768,10,2,,,,,10,1,31
decision_forecast,,,,,,,False,42,counterfactual branch intentionally excluded from error aggregates,0,0,1768,15,3,,,,,15,1,31
decision_forecast,,,,,,,False,42,counterfactual branch intentionally excluded from error aggregates,0,0,1768,20,4,,,,,20,1,31
decision_forecast,,,,,,,False,42,counterfactual branch intentionally excluded from error aggregates,0,0,1768,25,5,,,,,25,1,31
decision_forecast,1.278318624950497,0.6647968827541015,-0.6135217421963954,1.490551168129697,3.973266965675362,2.482715797545665,True,42,,5,1,1768,5,1,0.016409240663051605,8.994462291327356,10.313790894634227,1.3193286033068716,10,1,31
decision_forecast,,,,,,,False,42,counterfactual branch intentionally excluded from error aggregates,5,1,1768,10,2,,,,,15,1,31
decision_forecast,,,,,,,False,42,counterfactual branch intentionally excluded from error aggregates,5,1,1768,15,3,,,,,20,1,31
decision_forecast,,,,,,,False,42,counterfactual branch intentionally excluded from error aggregates,5,1,1768,20,4,,,,,25,1,31
decision_forecast,,,,,,,False,42,counterfactual branch intentionally excluded from error aggregates,5,1,1768,25,5,,,,,30,1,31
decision_forecast,3.2182845948206946,2.1693519534143264,-1.0489326414063682,2.3523806068423037,2.4646620525888223,0.11228144574651866,True,42,,10,2,1768,5,1,0.006660067941993475,3.627792211961611,6.248774640527187,2.620982428565576,15,1,31
decision_forecast,,,,,,,False,42,counterfactual branch intentionally excluded from error aggregates,10,2,1768,10,2,,,,,20,1,31
decision_forecast,,,,,,,False,42,counterfactual branch intentionally excluded from error aggregates,10,2,1768,15,3,,,,,25,1,31
decision_forecast,,,,,,,False,42,counterfactual branch intentionally excluded from error aggregates,10,2,1768,20,4,,,,,30,1,31
decision_forecast,,,,,,,False,42,counterfactual branch intentionally excluded from error aggregates,10,2,1768,25,5,,,,,35,1,31
decision_forecast,0.2782876435542642,4.58262504717211,4.304337403617846,4.411971990540137,9.153116247246235,4.7411442567060975,True,42,,15,3,1768,5,1,0.025095799937844276,10.664389941679229,10.015438624532973,-0.6489513171462562,20,1,31
decision_forecast,,,,,,,False,42,counterfactual branch intentionally excluded from error aggregates,15,3,1768,10,2,,,,,25,1,31
decision_forecast,,,,,,,False,42,counterfactual branch intentionally excluded from error aggregates,15,3,1768,15,3,,,,,30,1,31
decision_forecast,,,,,,,False,42,counterfactual branch intentionally excluded from error aggregates,15,3,1768,20,4,,,,,35,1,31
decision_forecast,,,,,,,False,42,counterfactual branch intentionally excluded from error aggregates,15,3,1768,25,5,,,,,40,1,31
decision_forecast,0.11777854025574604,1.0218292089878038,0.9040506687320577,3.6880253161370664,7.968315132371885,4.280289816234818,True,42,,20,4,1768,5,1,0.010940206237137318,9.842972063509903,4.378372266434474,-5.4645997970754285,25,1,31
decision_forecast,,,,,,,False,42,counterfactual branch intentionally excluded from error aggregates,20,4,1768,10,2,,,,,30,1,31
decision_forecast,,,,,,,False,42,counterfactual branch intentionally excluded from error aggregates,20,4,1768,15,3,,,,,35,1,31
decision_forecast,,,,,,,False,42,counterfactual branch intentionally excluded from error aggregates,20,4,1768,20,4,,,,,40,1,31
decision_forecast,,,,,,,False,42,counterfactual branch intentionally excluded from error aggregates,20,4,1768,25,5,,,,,45,1,31
decision_forecast,0.39461542108944053,0.3994853459676596,0.0048699248782190785,3.6046853170989372,5.119571229634601,1.5148859125356635,True,42,,25,5,1768,5,1,0.006860675755888224,14.222147766438512,12.572712575634554,-1.649435190803958,30,1,31
decision_forecast,,,,,,,False,42,counterfactual branch intentionally excluded from error aggregates,25,5,1768,10,2,,,,,35,1,31
decision_forecast,,,,,,,False,42,counterfactual branch intentionally excluded from error aggregates,25,5,1768,15,3,,,,,40,1,31
decision_forecast,,,,,,,False,42,counterfactual branch intentionally excluded from error aggregates,25,5,1768,20,4,,,,,45,1,31
decision_forecast,,,,,,,False,42,counterfactual branch intentionally excluded from error aggregates,25,5,1768,25,5,,,,,50,1,31
decision_forecast,0.20382091681430434,0.013802570520641932,-0.1900183462936624,3.287928044256958,4.494021504992554,1.2060934607355955,True,42,,30,6,1768,5,1,0.010649827308952808,12.317676962491772,18.13611196574086,5.818435003249087,35,1,31
decision_forecast,,,,,,,False,42,counterfactual branch intentionally excluded from error aggregates,30,6,1768,10,2,,,,,40,1,31
decision_forecast,,,,,,,False,42,counterfactual branch intentionally excluded from error aggregates,30,6,1768,15,3,,,,,45,1,31
decision_forecast,,,,,,,False,42,counterfactual branch intentionally excluded from error aggregates,30,6,1768,20,4,,,,,50,1,31
decision_forecast,0.13659571141913118,0.5643977798937098,0.4278020684745786,2.9372106851144255,4.730535390076139,1.7933247049617136,True,42,,35,7,1768,5,1,0.005414967890828848,14.209436992960297,10.820524038023626,-3.3889129549366714,40,1,31
decision_forecast,,,,,,,False,42,counterfactual branch intentionally excluded from error aggregates,35,7,1768,10,2,,,,,45,1,31
decision_forecast,,,,,,,False,42,counterfactual branch intentionally excluded from error aggregates,35,7,1768,15,3,,,,,50,1,31
decision_forecast,0.3509816890874914,0.8820220668668127,0.5310403777793213,1.8598606876163792,5.895885476648106,4.0360247890317265,True,42,,40,8,1768,5,1,0.006826482713222504,19.646582332711052,25.748144429729372,6.10156209701832,45,1,31
decision_forecast,,,,,,,False,42,counterfactual branch intentionally excluded from error aggregates,40,8,1768,10,2,,,,,50,1,31
decision_forecast,0.007439317798097723,0.2776689221204822,0.2702296043223845,3.56689455425299,5.089406722428585,1.5225121681755946,True,42,,45,9,1768,5,1,0.012646090239286423,17.970054213342223,22.570392429425425,4.600338216083202,50,1,31
decision_forecast,0.8519090046081804,0.584937400519892,-0.26697160408828846,3.002452012969405,6.173083029540323,3.170631016570918,True,42,,0,0,5689,5,1,0.002748314058408141,7.386679044874467,5.344244742287194,-2.0424343025872727,5,1,59
decision_forecast,,,,,,,False,42,counterfactual branch intentionally excluded from error aggregates,0,0,5689,10,2,,,,,10,1,59
decision_forecast,,,,,,,False,42,counterfactual branch intentionally excluded from error aggregates,0,0,5689,15,3,,,,,15,1,59
decision_forecast,,,,,,,False,42,counterfactual branch intentionally excluded from error aggregates,0,0,5689,20,4,,,,,20,1,59
decision_forecast,,,,,,,False,42,counterfactual branch intentionally excluded from error aggregates,0,0,5689,25,5,,,,,25,1,59
decision_forecast,0.6643554250942153,1.1178902312668169,0.45353480617260156,2.817815062926442,6.337509608406204,3.5196945454797626,True,42,,5,1,5689,5,1,0.00559897581115365,2.285149435958569,6.664126504113522,4.378977068154953,10,1,59
decision_forecast,,,,,,,False,42,counterfactual branch intentionally excluded from error aggregates,5,1,5689,10,2,,,,,15,1,59
decision_forecast,,,,,,,False,42,counterfactual branch intentionally excluded from error aggregates,5,1,5689,15,3,,,,,20,1,59
decision_forecast,,,,,,,False,42,counterfactual branch intentionally excluded from error aggregates,5,1,5689,20,4,,,,,25,1,59
decision_forecast,,,,,,,False,42,counterfactual branch intentionally excluded from error aggregates,5,1,5689,25,5,,,,,30,1,59
decision_forecast,0.15477375482719685,0.7911971999358142,0.6364234451086173,4.531941707358151,5.940536290612865,1.4085945832547138,True,42,,10,2,5689,5,1,0.20997083187103271,5.6161498591579955,2.207007670970529,-3.4091421881874666,15,1,59
decision_forecast,,,,,,,False,42,counterfactual branch intentionally excluded from error aggregates,10,2,5689,10,2,,,,,20,1,59
decision_forecast,,,,,,,False,42,counterfactual branch intentionally excluded from error aggregates,10,2,5689,15,3,,,,,25,1,59
decision_forecast,,,,,,,False,42,counterfactual branch intentionally excluded from error aggregates,10,2,5689,20,4,,,,,30,1,59
decision_forecast,,,,,,,False,42,counterfactual branch intentionally excluded from error aggregates,10,2,5689,25,5,,,,,35,1,59
decision_forecast,0.15948658535450566,0.17572202363679512,0.01623543828228946,3.925882197560443,6.429389765971773,2.5035075684113295,True,42,,15,3,5689,5,1,0.017578890547156334,3.204775471063237,6.27478268617929,3.0700072151160533,20,1,59
decision_forecast,,,,,,,False,42,counterfactual branch intentionally excluded from error aggregates,15,3,5689,10,2,,,,,25,1,59
decision_forecast,,,,,,,False,42,counterfactual branch intentionally excluded from error aggregates,15,3,5689,15,3,,,,,30,1,59
decision_forecast,,,,,,,False,42,counterfactual branch intentionally excluded from error aggregates,15,3,5689,20,4,,,,,35,1,59
decision_forecast,,,,,,,False,42,counterfactual branch intentionally excluded from error aggregates,15,3,5689,25,5,,,,,40,1,59
decision_forecast,0.08131165520912471,0.6906704757315665,0.6093588205224417,3.7801349157777473,7.096778645547861,3.3166437297701137,True,42,,20,4,5689,5,1,0.15553684532642365,3.600663180184594,1.4509435668742123,-2.1497196133103813,25,1,59
decision_forecast,,,,,,,False,42,counterfactual branch intentionally excluded from error aggregates,20,4,5689,10,2,,,,,30,1,59
decision_forecast,,,,,,,False,42,counterfactual branch intentionally excluded from error aggregates,20,4,5689,15,3,,,,,35,1,59
decision_forecast,,,,,,,False,42,counterfactual branch intentionally excluded from error aggregates,20,4,5689,20,4,,,,,40,1,59
decision_forecast,,,,,,,False,42,counterfactual branch intentionally excluded from error aggregates,20,4,5689,25,5,,,,,45,1,59
decision_forecast,0.0649635974306992,0.22763146132889203,0.16266786389819282,3.452175858381398,4.385432753821435,0.9332568954400373,True,42,,25,5,5689,5,1,0.006766655948013067,5.763589326052266,6.525305153535208,0.7617158274829423,30,1,59
decision_forecast,,,,,,,False,42,counterfactual branch intentionally excluded from error aggregates,25,5,5689,10,2,,,,,35,1,59
decision_forecast,,,,,,,False,42,counterfactual branch intentionally excluded from error aggregates,25,5,5689,15,3,,,,,40,1,59
decision_forecast,,,,,,,False,42,counterfactual branch intentionally excluded from error aggregates,25,5,5689,20,4,,,,,45,1,59
decision_forecast,,,,,,,False,42,counterfactual branch intentionally excluded from error aggregates,25,5,5689,25,5,,,,,50,1,59
decision_forecast,0.1331459608203515,2.2254037369496764,2.092257776129325,3.177260347402866,5.559615093517693,2.382354746114827,True,42,,30,6,5689,5,1,0.17910893261432648,8.107450483373524,12.066467625266572,3.9590171418930478,35,1,59
decision_forecast,,,,,,,False,42,counterfactual branch intentionally excluded from error aggregates,30,6,5689,10,2,,,,,40,1,59
decision_forecast,,,,,,,False,42,counterfactual branch intentionally excluded from error aggregates,30,6,5689,15,3,,,,,45,1,59
decision_forecast,,,,,,,False,42,counterfactual branch intentionally excluded from error aggregates,30,6,5689,20,4,,,,,50,1,59
decision_forecast,0.1305299983682366,2.0264095905759403,1.8958795922077036,3.389226859881934,5.067958269152781,1.678731409270847,True,42,,35,7,5689,5,1,0.12213516980409622,7.247406733947096,13.77608718504073,6.528680451093634,40,1,59
decision_forecast,,,,,,,False,42,counterfactual branch intentionally excluded from error aggregates,35,7,5689,10,2,,,,,45,1,59
decision_forecast,,,,,,,False,42,counterfactual branch intentionally excluded from error aggregates,35,7,5689,15,3,,,,,50,1,59
decision_forecast,0.054369974028009416,0.036693523081185585,-0.01767645094682383,3.690173123809249,3.866973384177594,0.17680026036834517,True,42,,40,8,5689,5,1,0.1042611375451088,5.5005684509442965,8.855732506273716,3.3551640553294195,45,1,59
decision_forecast,,,,,,,False,42,counterfactual branch intentionally excluded from error aggregates,40,8,5689,10,2,,,,,50,1,59
decision_forecast,0.10437720403625778,0.3669809807754922,0.2626037767392344,3.54955182355307,6.571840216431697,3.0222883928786275,True,42,,45,9,5689,5,1,0.008148630149662495,10.862157356619539,21.635249176188726,10.773091819569187,50,1,59
decision_forecast,0.3064569276801321,2.382629529688908,2.076172602008776,6.889587757541569,11.549572151509349,4.65998439396778,True,42,,0,0,12054,5,1,0.004674646537750959,17.517473199708242,21.446560723121895,3.929087523413653,5,1,94
decision_forecast,,,,,,,False,42,counterfactual branch intentionally excluded from error aggregates,0,0,12054,10,2,,,,,10,1,94
decision_forecast,,,,,,,False,42,counterfactual branch intentionally excluded from error aggregates,0,0,12054,15,3,,,,,15,1,94
decision_forecast,,,,,,,False,42,counterfactual branch intentionally excluded from error aggregates,0,0,12054,20,4,,,,,20,1,94
decision_forecast,,,,,,,False,42,counterfactual branch intentionally excluded from error aggregates,0,0,12054,25,5,,,,,25,1,94
decision_forecast,2.8815611881799996,1.0905080028842358,-1.7910531852957638,9.164283771010243,11.861143748910923,2.6968599779006794,True,42,,5,1,12054,5,1,0.004616070073097944,15.49870462592589,11.430395784455444,-4.068308841470447,10,1,94
decision_forecast,,,,,,,False,42,counterfactual branch intentionally excluded from error aggregates,5,1,12054,10,2,,,,,15,1,94
decision_forecast,,,,,,,False,42,counterfactual branch intentionally excluded from error aggregates,5,1,12054,15,3,,,,,20,1,94
decision_forecast,,,,,,,False,42,counterfactual branch intentionally excluded from error aggregates,5,1,12054,20,4,,,,,25,1,94
decision_forecast,,,,,,,False,42,counterfactual branch intentionally excluded from error aggregates,5,1,12054,25,5,,,,,30,1,94
decision_forecast,6.768061769322315,7.492840462909048,0.7247786935867335,13.203223321375058,13.91316583348351,0.7099425121084533,True,42,,10,2,12054,5,1,0.0058048381470143795,7.26306187720451,3.621634610555979,-3.6414272666485314,15,1,94
decision_forecast,,,,,,,False,42,counterfactual branch intentionally excluded from error aggregates,10,2,12054,10,2,,,,,20,1,94
decision_forecast,,,,,,,False,42,counterfactual branch intentionally excluded from error aggregates,10,2,12054,15,3,,,,,25,1,94
decision_forecast,,,,,,,False,42,counterfactual branch intentionally excluded from error aggregates,10,2,12054,20,4,,,,,30,1,94
decision_forecast,,,,,,,False,42,counterfactual branch intentionally excluded from error aggregates,10,2,12054,25,5,,,,,35,1,94
decision_forecast,7.674946966559928,7.671559192731602,-0.003387773828326779,13.110870301410623,15.081934723480956,1.9710644220703326,True,42,,15,3,12054,5,1,0.003976553212851286,8.32200340029273,8.54940043696085,0.22739703666812083,20,1,94
decision_forecast,,,,,,,False,42,counterfactual branch intentionally excluded from error aggregates,15,3,12054,10,2,,,,,25,1,94
decision_forecast,,,,,,,False,42,counterfactual branch intentionally excluded from error aggregates,15,3,12054,15,3,,,,,30,1,94
decision_forecast,,,,,,,False,42,counterfactual branch intentionally excluded from error aggregates,15,3,12054,20,4,,,,,35,1,94
decision_forecast,,,,,,,False,42,counterfactual branch intentionally excluded from error aggregates,15,3,12054,25,5,,,,,40,1,94
decision_forecast,7.188009120251379,4.781350985062366,-2.406658135189013,11.070159498204719,12.091670242685346,1.0215107444806275,True,42,,20,4,12054,5,1,0.005762337241321802,15.064103049275236,19.321597969399047,4.257494920123811,25,1,94
decision_forecast,,,,,,,False,42,counterfactual branch intentionally excluded from error aggregates,20,4,12054,10,2,,,,,30,1,94
decision_forecast,,,,,,,False,42,counterfactual branch intentionally excluded from error aggregates,20,4,12054,15,3,,,,,35,1,94
decision_forecast,,,,,,,False,42,counterfactual branch intentionally excluded from error aggregates,20,4,12054,20,4,,,,,40,1,94
decision_forecast,,,,,,,False,42,counterfactual branch intentionally excluded from error aggregates,20,4,12054,25,5,,,,,45,1,94
decision_forecast,5.831820419031987,3.135234413954273,-2.696586005077714,6.985168913881606,7.371757368744841,0.3865884548632357,True,42,,25,5,12054,5,1,0.003142377594485879,11.905430138298373,17.772475575634132,5.86704543733576,30,1,94
decision_forecast,,,,,,,False,42,counterfactual branch intentionally excluded from error aggregates,25,5,12054,10,2,,,,,35,1,94
decision_forecast,,,,,,,False,42,counterfactual branch intentionally excluded from error aggregates,25,5,12054,15,3,,,,,40,1,94
decision_forecast,,,,,,,False,42,counterfactual branch intentionally excluded from error aggregates,25,5,12054,20,4,,,,,45,1,94
decision_forecast,,,,,,,False,42,counterfactual branch intentionally excluded from error aggregates,25,5,12054,25,5,,,,,50,1,94
decision_forecast,8.022221104720057,9.169597262633818,1.1473761579137616,11.184340271740304,11.648725925863708,0.4643856541234044,True,42,,30,6,12054,5,1,0.006131299305707216,7.666333837302308,5.1178257507045,-2.548508086597808,35,1,94
decision_forecast,,,,,,,False,42,counterfactual branch intentionally excluded from error aggregates,30,6,12054,10,2,,,,,40,1,94
decision_forecast,,,,,,,False,42,counterfactual branch intentionally excluded from error aggregates,30,6,12054,15,3,,,,,45,1,94
decision_forecast,,,,,,,False,42,counterfactual branch intentionally excluded from error aggregates,30,6,12054,20,4,,,,,50,1,94
decision_forecast,7.368858869094977,7.547796164970971,0.17893729587599427,12.51726030003388,13.34885343810008,0.8315931380662,True,42,,35,7,12054,5,1,0.005871179047971964,7.167095541176633,5.858238271918086,-1.3088572692585467,40,1,94
decision_forecast,,,,,,,False,42,counterfactual branch intentionally excluded from error aggregates,35,7,12054,10,2,,,,,45,1,94
decision_forecast,,,,,,,False,42,counterfactual branch intentionally excluded from error aggregates,35,7,12054,15,3,,,,,50,1,94
decision_forecast,6.732066672396348,4.310819253140187,-2.4212474192561606,10.441341942611617,10.193268967555284,-0.24807297505633308,True,42,,40,8,12054,5,1,0.008807581849396229,15.988058244245508,5.503055041264085,-10.485003202981423,45,1,94
decision_forecast,,,,,,,False,42,counterfactual branch intentionally excluded from error aggregates,40,8,12054,10,2,,,,,50,1,94
decision_forecast,6.496015334680707,6.592812775598127,0.09679744091742037,9.995980087477145,12.264126812573302,2.268146725096157,True,42,,45,9,12054,5,1,0.002432978944852948,11.665516482231922,12.861671514930467,1.1961550326985453,50,1,94
decision_forecast,0.10095702612195848,0.9526457571294059,0.8516887310074475,5.851263265572802,5.664644199952815,-0.1866190656199871,True,42,,0,0,13235,5,1,0.005988819524645805,8.827298915558313,16.024271893875163,7.19697297831685,5,1,68
decision_forecast,,,,,,,False,42,counterfactual branch intentionally excluded from error aggregates,0,0,13235,10,2,,,,,10,1,68
decision_forecast,,,,,,,False,42,counterfactual branch intentionally excluded from error aggregates,0,0,13235,15,3,,,,,15,1,68
decision_forecast,,,,,,,False,42,counterfactual branch intentionally excluded from error aggregates,0,0,13235,20,4,,,,,20,1,68
decision_forecast,,,,,,,False,42,counterfactual branch intentionally excluded from error aggregates,0,0,13235,25,5,,,,,25,1,68
decision_forecast,0.16376232308751823,0.6641436892299448,0.5003813661424266,7.078142672508406,7.952632267112163,0.874489594603757,True,42,,5,1,13235,5,1,0.003798221005126834,10.787238666669856,14.314791323882325,3.5275526572124694,10,1,68
decision_forecast,,,,,,,False,42,counterfactual branch intentionally excluded from error aggregates,5,1,13235,10,2,,,,,15,1,68
decision_forecast,,,,,,,False,42,counterfactual branch intentionally excluded from error aggregates,5,1,13235,15,3,,,,,20,1,68
decision_forecast,,,,,,,False,42,counterfactual branch intentionally excluded from error aggregates,5,1,13235,20,4,,,,,25,1,68
decision_forecast,,,,,,,False,42,counterfactual branch intentionally excluded from error aggregates,5,1,13235,25,5,,,,,30,1,68
decision_forecast,0.6024209772478322,1.1746986221411055,0.5722776448932734,7.360816009128628,9.243404418111997,1.8825884089833682,True,42,,10,2,13235,5,1,0.007744045462459326,8.41774677925931,22.22088857354108,13.803141794281771,15,1,68
decision_forecast,,,,,,,False,42,counterfactual branch intentionally excluded from error aggregates,10,2,13235,10,2,,,,,20,1,68
decision_forecast,,,,,,,False,42,counterfactual branch intentionally excluded from error aggregates,10,2,13235,15,3,,,,,25,1,68
decision_forecast,,,,,,,False,42,counterfactual branch intentionally excluded from error aggregates,10,2,13235,20,4,,,,,30,1,68
decision_forecast,,,,,,,False,42,counterfactual branch intentionally excluded from error aggregates,10,2,13235,25,5,,,,,35,1,68
decision_forecast,1.6068532286642747,1.4935574658066884,-0.11329576285758636,6.074596178209151,6.175859780392129,0.10126360218297759,True,42,,15,3,13235,5,1,0.014874923974275589,3.655813031353364,7.1483141913463175,3.4925011599929534,20,1,68
decision_forecast,,,,,,,False,42,counterfactual branch intentionally excluded from error aggregates,15,3,13235,10,2,,,,,25,1,68
decision_forecast,,,,,,,False,42,counterfactual branch intentionally excluded from error aggregates,15,3,13235,15,3,,,,,30,1,68
decision_forecast,,,,,,,False,42,counterfactual branch intentionally excluded from error aggregates,15,3,13235,20,4,,,,,35,1,68
decision_forecast,,,,,,,False,42,counterfactual branch intentionally excluded from error aggregates,15,3,13235,25,5,,,,,40,1,68
decision_forecast,0.894693850262959,2.582698890163103,1.688005039900144,4.347868475648214,7.578935319211132,3.2310668435629175,True,42,,20,4,13235,5,1,0.04711464047431946,4.857989049801896,11.121099753245725,6.263110703443829,25,1,68
decision_forecast,,,,,,,False,42,counterfactual branch intentionally excluded from error aggregates,20,4,13235,10,2,,,,,30,1,68
decision_forecast,,,,,,,False,42,counterfactual branch intentionally excluded from error aggregates,20,4,13235,15,3,,,,,35,1,68
decision_forecast,,,,,,,False,42,counterfactual branch intentionally excluded from error aggregates,20,4,13235,20,4,,,,,40,1,68
decision_forecast,,,,,,,False,42,counterfactual branch intentionally excluded from error aggregates,20,4,13235,25,5,,,,,45,1,68
decision_forecast,0.7636669163200194,0.8370607140463915,0.07339379772637211,7.089374990795397,4.779589278804647,-2.3097857119907506,True,42,,25,5,13235,5,1,0.017751283943653107,5.519768946232094,17.819833655643855,12.30006470941176,30,1,68
decision_forecast,,,,,,,False,42,counterfactual branch intentionally excluded from error aggregates,25,5,13235,10,2,,,,,35,1,68
decision_forecast,,,,,,,False,42,counterfactual branch intentionally excluded from error aggregates,25,5,13235,15,3,,,,,40,1,68
decision_forecast,,,,,,,False,42,counterfactual branch intentionally excluded from error aggregates,25,5,13235,20,4,,,,,45,1,68
decision_forecast,,,,,,,False,42,counterfactual branch intentionally excluded from error aggregates,25,5,13235,25,5,,,,,50,1,68
decision_forecast,0.5296612202607975,0.7083754536011286,0.1787142333403311,7.349774689382391,6.155971649058124,-1.1938030403242674,True,42,,30,6,13235,5,1,0.00829770416021347,13.577869094588644,8.845262832298792,-4.732606262289853,35,1,68
decision_forecast,,,,,,,False,42,counterfactual branch intentionally excluded from error aggregates,30,6,13235,10,2,,,,,40,1,68
decision_forecast,,,,,,,False,42,counterfactual branch intentionally excluded from error aggregates,30,6,13235,15,3,,,,,45,1,68
decision_forecast,,,,,,,False,42,counterfactual branch intentionally excluded from error aggregates,30,6,13235,20,4,,,,,50,1,68
decision_forecast,0.6953348911933862,0.17287777496361467,-0.5224571162297715,5.372222291295482,4.262560677144381,-1.1096616141511007,True,42,,35,7,13235,5,1,0.011965218000113964,7.993383377757139,13.53513194705845,5.54174856930131,40,1,68
decision_forecast,,,,,,,False,42,counterfactual branch intentionally excluded from error aggregates,35,7,13235,10,2,,,,,45,1,68
decision_forecast,,,,,,,False,42,counterfactual branch intentionally excluded from error aggregates,35,7,13235,15,3,,,,,50,1,68
decision_forecast,0.6289796034067123,0.9564257024062935,0.3274460989995812,5.622247995328076,5.274710535472326,-0.3475374598557499,True,42,,40,8,13235,5,1,0.010249225422739983,1.9956905158335387,8.064389996295425,6.068699480461886,45,1,68
decision_forecast,,,,,,,False,42,counterfactual branch intentionally excluded from error aggregates,40,8,13235,10,2,,,,,50,1,68
decision_forecast,1.4787234380479986,0.4875093102228232,-0.9912141278251754,11.670445143633204,10.805522666912868,-0.8649224767203361,True,42,,45,9,13235,5,1,0.015155370347201824,24.76137063286603,57.2602939473495,32.49892331448348,50,1,68
executed_action_flow,2.9761264469475917,2.178701861348603,-0.7974245855989888,2.42744539706353,5.085642456057488,2.6581970589939576,True,,,0,0,1768,5,1,0.018306652083992958,6.168410290935912,5.450860074319754,-0.717550216616158,5,1,31
executed_action_flow,1.278318624950497,1.6052916199805063,0.3269729950300093,1.490551168129697,11.307665109752454,9.817113941622758,True,,,0,0,1768,10,2,0.026525506749749184,8.994462291327356,9.86734099789866,0.8728787065713046,10,1,31
executed_action_flow,3.2182845948206946,0.2635652504406886,-2.954719344380006,2.3523806068423037,10.601678784859887,8.249298178017582,True,,,0,0,1768,15,3,0.025754516944289207,3.627792211961611,8.809561125714716,5.181768913753105,15,1,31
executed_action_flow,0.2782876435542642,1.7653700900277804,1.4870824464735162,4.411971990540137,7.32192865227737,2.9099566617372323,True,,,0,0,1768,20,4,0.07212918996810913,10.664389941679229,11.525519257020006,0.8611293153407775,20,1,31
executed_action_flow,0.11777854025574604,0.8234420179395211,0.705663477683775,3.6880253161370664,5.348554761919892,1.6605294457828252,True,,,0,0,1768,25,5,0.0859425887465477,9.842972063509903,14.8111270527052,4.9681549891952965,25,1,31
executed_action_flow,1.278318624950497,0.6647968827541015,-0.6135217421963954,1.490551168129697,3.973266965675362,2.482715797545665,True,,,5,1,1768,5,1,0.016409236937761307,8.994462291327356,10.313819133067973,1.3193568417406176,10,1,31
executed_action_flow,3.2182845948206946,1.3237062322750477,-1.894578362545647,2.3523806068423037,3.2322531571982815,0.8798725503559779,True,,,5,1,1768,10,2,0.02220267243683338,3.627792211961611,9.785511864947992,6.157719652986382,15,1,31
executed_action_flow,0.2782876435542642,4.428734054982552,4.150446411428288,4.411971990540137,8.811056637159853,4.399084646619715,True,,,5,1,1768,15,3,0.030085422098636627,10.664389941679229,9.594569710041776,-1.0698202316374523,20,1,31
executed_action_flow,0.11777854025574604,3.834974875835693,3.7171963355799473,3.6880253161370664,7.950254143148572,4.262228827011506,True,,,5,1,1768,20,4,0.05534883216023445,9.842972063509903,12.86144650363128,3.018474440121377,25,1,31
executed_action_flow,0.39461542108944053,4.035447758164738,3.640832337075297,3.6046853170989372,8.2008186157625,4.596133298663563,True,,,5,1,1768,25,5,0.07180418819189072,14.222147766438512,17.88598137893376,3.6638336124952477,30,1,31
executed_action_flow,3.2182845948206946,2.1693519534143264,-1.0489326414063682,2.3523806068423037,2.4646620525888223,0.11228144574651866,True,,,10,2,1768,5,1,0.006660069804638624,3.627792211961611,6.248774640527187,2.620982428565576,15,1,31
executed_action_flow,0.2782876435542642,3.4863318740608733,3.208044230506609,4.411971990540137,7.418326149441572,3.006354158901435,True,,,10,2,1768,10,2,0.025868257507681847,10.664389941679229,9.792784324422934,-0.8716056172562947,20,1,31
executed_action_flow,0.11777854025574604,2.7401433632068395,2.6223648229510936,3.6880253161370664,4.725322487303472,1.0372971711664052,True,,,10,2,1768,15,3,0.04544283077120781,9.842972063509903,10.241743634442651,0.3987715709327482,25,1,31
executed_action_flow,0.39461542108944053,2.764745704597225,2.3701302835077844,3.6046853170989372,5.251876919748827,1.6471916026498894,True,,,10,2,1768,20,4,0.05765083432197571,14.222147766438512,14.010581519287262,-0.21156624715125005,30,1,31
executed_action_flow,0.20382091681430434,2.449286587591016,2.2454656707767118,3.287928044256958,6.464792030904125,3.1768639866471666,True,,,10,2,1768,25,5,0.06529361754655838,12.317676962491772,14.178850527359103,1.8611735648673307,35,1,31
executed_action_flow,0.2782876435542642,4.58262504717211,4.304337403617846,4.411971990540137,9.153116247246235,4.7411442567060975,True,,,15,3,1768,5,1,0.025095799937844276,10.664389941679229,10.015438624532973,-0.6489513171462562,20,1,31
executed_action_flow,0.11777854025574604,3.146607920714298,3.028829380458552,3.6880253161370664,6.637171606909935,2.9491462907728687,True,,,15,3,1768,10,2,0.04796309396624565,9.842972063509903,10.342781261126389,0.4998091976164858,25,1,31
executed_action_flow,0.39461542108944053,2.964446775550058,2.5698313544606175,3.6046853170989372,6.635551205655976,3.030865888557039,True,,,15,3,1768,15,3,0.059034619480371475,14.222147766438512,13.10617080343856,-1.1159769629999516,30,1,31
executed_action_flow,0.20382091681430434,2.531146404793619,2.327325487979315,3.287928044256958,7.165187047789723,3.8772590035327648,True,,,15,3,1768,20,4,0.0659136101603508,12.317676962491772,14.167357139204823,1.8496801767130506,35,1,31
executed_action_flow,0.13659571141913118,1.8816432260495966,1.7450475146304654,2.9372106851144255,6.875722093080542,3.9385114079661165,True,,,15,3,1768,25,5,0.07948102802038193,14.209436992960297,17.491572849446015,3.282135856485718,40,1,31
executed_action_flow,0.11777854025574604,1.0218292089878038,0.9040506687320577,3.6880253161370664,7.968315132371885,4.280289816234818,True,,,20,4,1768,5,1,0.010940206237137318,9.842972063509903,4.378372266434474,-5.4645997970754285,25,1,31
executed_action_flow,0.39461542108944053,1.1341243491319835,0.7395089280425429,3.6046853170989372,6.921868591474211,3.3171832743752736,True,,,20,4,1768,10,2,0.02258879877626896,14.222147766438512,4.442926440494225,-9.779221325944288,30,1,31
executed_action_flow,0.20382091681430434,1.2130335246131407,1.0092126077988364,3.287928044256958,5.383867199601671,2.0959391553447126,True,,,20,4,1768,15,3,0.025706350803375244,12.317676962491772,6.577805232964052,-5.73987172952772,35,1,31
executed_action_flow,0.13659571141913118,1.5250775470343432,1.388481835615212,2.9372106851144255,4.109416776016046,1.17220609090162,True,,,20,4,1768,20,4,0.036846574395895004,14.209436992960297,9.071393314107896,-5.1380436788524015,40,1,31
executed_action_flow,0.3509816890874914,1.8347719843810615,1.48379029529357,1.8598606876163792,3.263579143057834,1.4037184554414548,True,,,20,4,1768,25,5,0.03952325880527496,19.646582332711052,21.554664943405815,1.9080826106947626,45,1,31
executed_action_flow,0.39461542108944053,0.3994853459676596,0.0048699248782190785,3.6046853170989372,5.119571229634601,1.5148859125356635,True,,,25,5,1768,5,1,0.006860677618533373,14.222147766438512,12.572702276729014,-1.649445489709498,30,1,31
executed_action_flow,0.20382091681430434,0.15704529779414936,-0.04677561902015498,3.287928044256958,3.9267845177248604,0.6388564734679023,True,,,25,5,1768,10,2,0.013341724872589111,12.317676962491772,15.816195151104804,3.4985181886130317,35,1,31
executed_action_flow,0.13659571141913118,0.65021227662575,0.5136165652066188,2.9372106851144255,2.463904370753403,-0.47330631436102255,True,,,25,5,1768,15,3,0.023097818717360497,14.209436992960297,16.637533956370092,2.4280969634097946,40,1,31
executed_action_flow,0.3509816890874914,0.8448931585386235,0.49391146945113207,1.8598606876163792,2.7468297628462284,0.8869690752298491,True,,,25,5,1768,20,4,0.03214150294661522,19.646582332711052,27.201280858391428,7.554698525680376,45,1,31
executed_action_flow,0.007439317798097723,0.41855275054642754,0.41111343274832984,3.56689455425299,3.291997750532578,-0.27489680372041203,True,,,25,5,1768,25,5,0.033853355795145035,17.970054213342223,26.052167367695155,8.082113154352932,50,1,31
executed_action_flow,0.8519090046081804,0.584937400519892,-0.26697160408828846,3.002452012969405,6.173083029540323,3.170631016570918,True,,,0,0,5689,5,1,0.002748314058408141,7.386679044874467,5.344244742287194,-2.0424343025872727,5,1,59
executed_action_flow,0.6643554250942153,0.9426036715021947,0.2782482464079794,2.817815062926442,8.42748588520845,5.609670822282007,True,,,0,0,5689,10,2,0.0059476145543158054,2.285149435958569,2.1819258320340738,-0.10322360392449514,10,1,59
executed_action_flow,0.15477375482719685,0.8417951626820994,0.6870214078549026,4.531941707358151,10.435712961493097,5.903771254134946,True,,,0,0,5689,15,3,0.2713620662689209,5.6161498591579955,2.249620807924927,-3.3665290512330683,15,1,59
executed_action_flow,0.15948658535450566,0.17883309617856677,0.01934651082406111,3.925882197560443,12.439982619479025,8.514100421918581,True,,,0,0,5689,20,4,0.414355605840683,3.204775471063237,7.930977483599203,4.726202012535966,20,1,59
executed_action_flow,0.08131165520912471,0.6483915261440184,0.5670798709348936,3.7801349157777473,16.897989220899426,13.117854305121678,True,,,0,0,5689,25,5,0.8031041026115417,3.600663180184594,20.927267871406762,17.32660469122217,25,1,59
executed_action_flow,0.6643554250942153,1.1178902312668169,0.45353480617260156,2.817815062926442,6.337509608406204,3.5196945454797626,True,,,5,1,5689,5,1,0.00559897581115365,2.285149435958569,6.664126504113522,4.378977068154953,10,1,59
executed_action_flow,0.15477375482719685,0.10564761922188014,-0.049126135605316715,4.531941707358151,7.94579197980005,3.4138502724418984,True,,,5,1,5689,10,2,0.24217987060546875,5.6161498591579955,3.902408256761311,-1.7137416023966843,15,1,59
executed_action_flow,0.15948658535450566,0.47346362993599095,0.3139770445814853,3.925882197560443,10.463109270273993,6.5372270727135495,True,,,5,1,5689,15,3,0.3704949915409088,3.204775471063237,10.40257526005524,7.197799788992003,20,1,59
executed_action_flow,0.08131165520912471,0.09613316570805239,0.014821510498927673,3.7801349157777473,15.601374906455895,11.821239990678148,True,,,5,1,5689,20,4,0.7579622268676758,3.600663180184594,22.225009084687915,18.624345904503322,25,1,59
executed_action_flow,0.0649635974306992,0.04936352399155924,-0.01560007343913996,3.452175858381398,18.059892084716836,14.607716226335437,True,,,5,1,5689,25,5,0.8493600487709045,5.763589326052266,16.941703594391733,11.178114268339467,30,1,59
executed_action_flow,0.15477375482719685,0.7911971999358142,0.6364234451086173,4.531941707358151,5.940572495201229,1.4086307878430775,True,,,10,2,5689,5,1,0.2099708765745163,5.6161498591579955,2.207007670970529,-3.4091421881874666,15,1,59
executed_action_flow,0.15948658535450566,1.113049374005155,0.9535627886506494,3.925882197560443,8.402975479713563,4.4770932821531195,True,,,10,2,5689,10,2,0.32499954104423523,3.204775471063237,3.3568385278748862,0.15206305681164922,20,1,59
executed_action_flow,0.08131165520912471,1.0870673344024264,1.0057556791933018,3.7801349157777473,12.775098399859674,8.994963484081927,True,,,10,2,5689,15,3,0.6624327898025513,3.600663180184594,15.608189880265916,12.007526700081323,25,1,59
executed_action_flow,0.0649635974306992,1.1639103776596549,1.0989467802289556,3.452175858381398,15.388351401227798,11.9361755428464,True,,,10,2,5689,20,4,0.744511604309082,5.763589326052266,11.250335185874945,5.48674585982268,30,1,59
executed_action_flow,0.1331459608203515,0.8749797153897756,0.7418337545694241,3.177260347402866,22.683858143131364,19.506597795728496,True,,,10,2,5689,25,5,1.1777974367141724,8.107450483373524,13.453978501725468,5.346528018351943,35,1,59
executed_action_flow,0.15948658535450566,0.17571519344762512,0.016228608093119462,3.925882197560443,6.429389765971773,2.5035075684113295,True,,,15,3,5689,5,1,0.017578892409801483,3.204775471063237,6.2747638406801,3.069988369616863,20,1,59
executed_action_flow,0.08131165520912471,1.6568246394919652,1.5755129842828406,3.7801349157777473,8.657083805843698,4.87694889006595,True,,,15,3,5689,10,2,0.2733790874481201,3.600663180184594,3.3938465108178595,-0.20681666936673437,25,1,59
executed_action_flow,0.0649635974306992,1.321458936149754,1.2564953387190547,3.452175858381398,10.620529949246155,7.1683540908647565,True,,,15,3,5689,15,3,0.325854629278183,5.763589326052266,1.8152979635958653,-3.9482913624564,30,1,59
executed_action_flow,0.1331459608203515,2.2268483219591344,2.093702361138783,3.177260347402866,19.928027147326986,16.750766799924122,True,,,15,3,5689,20,4,0.8653184771537781,8.107450483373524,4.820821430979985,-3.2866290523935398,35,1,59
executed_action_flow,0.1305299983682366,2.083264085227126,1.9527340868588894,3.389226859881934,23.116360590290615,19.72713373040868,True,,,15,3,5689,25,5,1.0950404405593872,7.247406733947096,5.685419279845515,-1.5619874541015806,40,1,59
executed_action_flow,0.08131165520912471,0.6906704757315665,0.6093588205224417,3.7801349157777473,7.096778645547861,3.3166437297701137,True,,,20,4,5689,5,1,0.15553684532642365,3.600663180184594,1.4509435668742123,-2.1497196133103813,25,1,59
executed_action_flow,0.0649635974306992,0.11406590599909003,0.04910230856839083,3.452175858381398,9.218442717787077,5.766266859405679,True,,,20,4,5689,10,2,0.19028179347515106,5.763589326052266,1.534831181286626,-4.2287581447656395,30,1,59
executed_action_flow,0.1331459608203515,2.124945314637129,1.9917993538167775,3.177260347402866,15.390371252447428,12.213110905044562,True,,,20,4,5689,15,3,0.6723592877388,8.107450483373524,7.075660844891145,-1.0317896384823797,35,1,59
executed_action_flow,0.1305299983682366,2.2690144948002082,2.1384844964319716,3.389226859881934,17.715058674452035,14.325831814570101,True,,,20,4,5689,20,4,0.9077932238578796,7.247406733947096,7.2557335151048585,0.008326781157762753,40,1,59
executed_action_flow,0.054369974028009416,2.271698759144023,2.2173287851160137,3.690173123809249,19.53206748819905,15.841894364389802,True,,,20,4,5689,25,5,1.0130219459533691,5.5005684509442965,4.424237324867179,-1.0763311260771173,45,1,59
executed_action_flow,0.0649635974306992,0.22763146132889203,0.16266786389819282,3.452175858381398,4.385432753821435,0.9332568954400373,True,,,25,5,5689,5,1,0.006766659673303366,5.763589326052266,6.525305153535208,0.7617158274829423,30,1,59
executed_action_flow,0.1331459608203515,3.7797259807073833,3.6465800198870317,3.177260347402866,5.196744779656827,2.019484432253961,True,,,25,5,5689,10,2,0.23117566108703613,8.107450483373524,5.4811769951754705,-2.626273488198054,35,1,59
executed_action_flow,0.1305299983682366,4.358236173218294,4.2277061748500575,3.389226859881934,8.51161913901018,5.122392279128247,True,,,25,5,5689,15,3,0.4742458760738373,7.247406733947096,6.340458049217285,-0.9069486847298105,40,1,59
executed_action_flow,0.054369974028009416,4.1543277057367325,4.099957731708723,3.690173123809249,11.684567248755881,7.994394124946632,True,,,25,5,5689,20,4,0.6519343852996826,5.5005684509442965,4.409385959133644,-1.0911824918106525,45,1,59
executed_action_flow,0.10437720403625778,4.428242197116339,4.323864993080082,3.54955182355307,9.527025829091764,5.977474005538694,True,,,25,5,5689,25,5,0.7557584643363953,10.862157356619539,11.53723131116059,0.6750739545410518,50,1,59
executed_action_flow,0.3064569276801321,2.382629529688908,2.076172602008776,6.889587757541569,11.549572151509349,4.65998439396778,True,,,0,0,12054,5,1,0.004674646072089672,17.517473199708242,21.446548653678025,3.9290754539697836,5,1,94
executed_action_flow,2.8815611881799996,0.851205495123669,-2.0303556930563307,9.164283771010243,14.73713668860575,5.572852917595506,True,,,0,0,12054,10,2,0.007713584695011377,15.49870462592589,18.3116605817651,2.812955955839209,10,1,94
executed_action_flow,6.768061769322315,4.947461185677076,-1.8206005836452386,13.203223321375058,16.510047533848798,3.3068242124737406,True,,,0,0,12054,15,3,0.009144737385213375,7.26306187720451,12.272521826457217,5.009459949252706,15,1,94
executed_action_flow,7.674946966559928,6.306300000294433,-1.3686469662654952,13.110870301410623,16.315177238338425,3.204306936927802,True,,,0,0,12054,20,4,0.012263103388249874,8.32200340029273,9.991872278813087,1.669868878520358,20,1,94
executed_action_flow,7.188009120251379,4.571513913381234,-2.6164952068701446,11.070159498204719,13.547725355055343,2.4775658568506245,True,,,0,0,12054,25,5,0.017797717824578285,15.064103049275236,14.889567045633038,-0.17453600364219746,25,1,94
executed_action_flow,2.8815611881799996,1.0905080028842358,-1.7910531852957638,9.164283771010243,11.861143748910923,2.6968599779006794,True,,,5,1,12054,5,1,0.004616070073097944,15.49870462592589,11.430395784455444,-4.068308841470447,10,1,94
executed_action_flow,6.768061769322315,5.958137937542203,-0.8099238317801118,13.203223321375058,13.583762060282353,0.38053873890729584,True,,,5,1,12054,10,2,0.009821691550314426,7.26306187720451,7.945879464643271,0.6828175874387608,15,1,94
executed_action_flow,7.674946966559928,6.815996036917465,-0.8589509296424636,13.110870301410623,13.694452115152119,0.5835818137414961,True,,,5,1,12054,15,3,0.014347303658723831,8.32200340029273,11.384852285337683,3.0628488850449536,20,1,94
executed_action_flow,7.188009120251379,4.431290129720873,-2.756718990530506,11.070159498204719,10.683779816569803,-0.38637968163491543,True,,,5,1,12054,20,4,0.022740354761481285,15.064103049275236,9.145351671439663,-5.918751377835573,25,1,94
executed_action_flow,5.831820419031987,1.098717890266591,-4.7331025287653965,6.985168913881606,4.541262548665341,-2.4439063652162645,True,,,5,1,12054,25,5,0.042481645941734314,11.905430138298373,11.68454657108059,-0.22088356721778268,30,1,94
executed_action_flow,6.768061769322315,7.492840462909048,0.7247786935867335,13.203223321375058,13.91316583348351,0.7099425121084533,True,,,10,2,12054,5,1,0.005804840009659529,7.26306187720451,3.6216920815973137,-3.6413697956071966,15,1,94
executed_action_flow,7.674946966559928,7.826454222729151,0.15150725616922234,13.110870301410623,15.144673558572437,2.0338032571618143,True,,,10,2,12054,10,2,0.011357426643371582,8.32200340029273,7.843236634369267,-0.4787667659234618,20,1,94
executed_action_flow,7.188009120251379,5.374880763558134,-1.8131283566932446,11.070159498204719,12.12909951886281,1.058940020658092,True,,,10,2,12054,15,3,0.020506493747234344,15.064103049275236,5.673738962407485,-9.39036408686775,25,1,94
executed_action_flow,5.831820419031987,1.8262013387646492,-4.005619080267338,6.985168913881606,5.912481048056138,-1.0726878658254675,True,,,10,2,12054,20,4,0.0417519211769104,11.905430138298373,7.272592888760762,-4.6328372495376104,30,1,94
executed_action_flow,8.022221104720057,6.390161062923849,-1.6320600417962075,11.184340271740304,11.244533151261287,0.060192879520982956,True,,,10,2,12054,25,5,0.017127089202404022,7.666333837302308,13.528137971594601,5.861804134292293,35,1,94
executed_action_flow,7.674946966559928,7.671559192731602,-0.003387773828326779,13.110870301410623,15.081937029821702,1.9710667284110794,True,,,15,3,12054,5,1,0.00397655600681901,8.32200340029273,8.54940043696085,0.22739703666812083,20,1,94
executed_action_flow,7.188009120251379,4.3171713290683,-2.870837791183079,11.070159498204719,13.464923039057085,2.3947635408523666,True,,,15,3,12054,10,2,0.011746346019208431,15.064103049275236,12.248316694915415,-2.8157863543598207,25,1,94
executed_action_flow,5.831820419031987,0.6843303133219175,-5.1474901057100695,6.985168913881606,7.1953457608034075,0.21017684692180172,True,,,15,3,12054,15,3,0.028005393221974373,11.905430138298373,7.1287554322090765,-4.776674706089296,30,1,94
executed_action_flow,8.022221104720057,5.660136784054546,-2.3620843206655104,11.184340271740304,11.905994046153149,0.7216537744128448,True,,,15,3,12054,20,4,0.012733579613268375,7.666333837302308,3.1050662092123034,-4.561267628090005,35,1,94
executed_action_flow,7.368858869094977,5.340142421439449,-2.028716447655528,12.51726030003388,13.269148724238933,0.7518884242050525,True,,,15,3,12054,25,5,0.014439549297094345,7.167095541176633,8.782882244595436,1.6157867034188031,40,1,94
executed_action_flow,7.188009120251379,4.781350985062366,-2.406658135189013,11.070159498204719,12.091670242685346,1.0215107444806275,True,,,20,4,12054,5,1,0.005762338638305664,15.064103049275236,19.32161304201361,4.257509992738374,25,1,94
executed_action_flow,5.831820419031987,0.42028886038756463,-5.411531558644422,6.985168913881606,6.8789801651164035,-0.10618874876520223,True,,,20,4,12054,10,2,0.012772664427757263,11.905430138298373,14.865912264620306,2.960482126321933,30,1,94
executed_action_flow,8.022221104720057,5.268411774775975,-2.7538093299440813,11.184340271740304,10.964127969398977,-0.22021230234132716,True,,,20,4,12054,15,3,0.011025811545550823,7.666333837302308,8.059993362872058,0.3936595255697499,35,1,94
executed_action_flow,7.368858869094977,5.003714623681301,-2.365144245413676,12.51726030003388,12.78420244487096,0.26694214483707945,True,,,20,4,12054,20,4,0.011293654330074787,7.167095541176633,5.781947016689426,-1.3851485244872075,40,1,94
executed_action_flow,6.732066672396348,1.6094247948867846,-5.1226418775095635,10.441341942611617,10.651918877870383,0.21057693525876608,True,,,20,4,12054,25,5,0.020993800833821297,15.988058244245508,5.87246132243104,-10.115596921814468,45,1,94
executed_action_flow,5.831820419031987,3.135234413954273,-2.696586005077714,6.985168913881606,7.371756914691178,0.38658800080957256,True,,,25,5,12054,5,1,0.003142376197502017,11.905430138298373,17.772488878563927,5.867058740265554,30,1,94
executed_action_flow,8.022221104720057,7.416588231015026,-0.6056328737050309,11.184340271740304,11.905349362007417,0.7210090902671134,True,,,25,5,12054,10,2,0.007087368052452803,7.666333837302308,5.693252593466485,-1.9730812438358232,35,1,94
executed_action_flow,7.368858869094977,7.0864715280499695,-0.2823873410450073,12.51726030003388,13.552329297094657,1.035068997060776,True,,,25,5,12054,15,3,0.009104274213314056,7.167095541176633,6.510078414658635,-0.6570171265179985,40,1,94
executed_action_flow,6.732066672396348,3.661117998910235,-3.070948673486113,10.441341942611617,11.582328075488043,1.1409861328764261,True,,,25,5,12054,20,4,0.01920425333082676,15.988058244245508,11.70323586205588,-4.284822382189628,45,1,94
executed_action_flow,6.496015334680707,3.6597519610762324,-2.8362633736044747,9.995980087477145,12.33871530003274,2.3427352125555956,True,,,25,5,12054,25,5,0.018404634669423103,11.665516482231922,13.350192964646478,1.684676482414556,50,1,94
executed_action_flow,0.10095702612195848,0.9526457571294059,0.8516887310074475,5.851263265572802,5.664644199952815,-0.1866190656199871,True,,,0,0,13235,5,1,0.005988819524645805,8.827298915558313,16.024271893875163,7.19697297831685,5,1,68
executed_action_flow,0.16376232308751823,1.7978748367293138,1.6341125136417955,7.078142672508406,8.531914990814377,1.4537723183059708,True,,,0,0,13235,10,2,0.010175473056733608,10.787238666669856,12.918755415901213,2.1315167492313574,10,1,68
executed_action_flow,0.6024209772478322,2.831839118569599,2.2294181413217666,7.360816009128628,11.403440211239818,4.04262420211119,True,,,0,0,13235,15,3,0.019036367535591125,8.41774677925931,15.349978133569989,6.932231354310678,15,1,68
executed_action_flow,1.6068532286642747,3.307838416922373,1.7009851882580982,6.074596178209151,8.949996932841541,2.8754007546323903,True,,,0,0,13235,20,4,0.03675532341003418,3.655813031353364,8.56571261099728,4.909899579643916,20,1,68
executed_action_flow,0.894693850262959,1.340893033266967,0.44619918300400807,4.347868475648214,4.32888824899592,-0.018980226652294263,True,,,0,0,13235,25,5,0.07586286962032318,4.857989049801896,14.502992576291538,9.645003526489642,25,1,68
executed_action_flow,0.16376232308751823,0.6641419816826524,0.5003796585951341,7.078142672508406,7.952632267112163,0.874489594603757,True,,,5,1,13235,5,1,0.003798223100602627,10.787238666669856,14.314791323882325,3.5275526572124694,10,1,68
executed_action_flow,0.6024209772478322,1.5051636647538325,0.9027426875060003,7.360816009128628,10.266747749308907,2.9059317401802787,True,,,5,1,13235,10,2,0.009071852080523968,8.41774677925931,17.922156449885737,9.504409670626426,15,1,68
executed_action_flow,1.6068532286642747,1.9933497281332013,0.3864964994689266,6.074596178209151,8.638374184208878,2.563778005999727,True,,,5,1,13235,15,3,0.028141861781477928,3.655813031353364,10.484604081902262,6.828791050548897,20,1,68
executed_action_flow,0.894693850262959,1.9701651916894118,1.0754713414264527,4.347868475648214,4.366014619039931,0.01814614339171694,True,,,5,1,13235,20,4,0.07215846329927444,4.857989049801896,16.05985561416268,11.201866564360783,25,1,68
executed_action_flow,0.7636669163200194,0.6764658911864666,-0.08720102513355277,7.089374990795397,5.984540783175489,-1.1048342076199082,True,,,5,1,13235,25,5,0.07096642255783081,5.519768946232094,26.18032251827009,20.660553572037994,30,1,68
executed_action_flow,0.6024209772478322,1.174696914593813,0.5722759373459809,7.360816009128628,9.243404418111997,1.8825884089833682,True,,,10,2,13235,5,1,0.0077440463937819,8.41774677925931,22.22088857354108,13.803141794281771,15,1,68
executed_action_flow,1.6068532286642747,1.7763460804654336,0.16949285180115892,6.074596178209151,7.610880815735635,1.5362846375264843,True,,,10,2,13235,10,2,0.03433345630764961,3.655813031353364,12.936542502455897,9.280729471102532,20,1,68
executed_action_flow,0.894693850262959,3.4245839660046347,2.5298901157416758,4.347868475648214,4.626928991779695,0.279060516131481,True,,,10,2,13235,15,3,0.09351568669080734,4.857989049801896,18.8149922995596,13.957003249757703,25,1,68
executed_action_flow,0.7636669163200194,2.744278341651147,1.9806114253311276,7.089374990795397,6.087545728493763,-1.0018292623016345,True,,,10,2,13235,20,4,0.08918967097997665,5.519768946232094,28.813712319002274,23.29394337277018,30,1,68
executed_action_flow,0.5296612202607975,1.5724979178329295,1.042836697572132,7.349774689382391,8.567854318021208,1.218079628638817,True,,,10,2,13235,25,5,0.06188380718231201,13.577869094588644,30.50612036725958,16.928251272670934,35,1,68
executed_action_flow,1.6068532286642747,1.4935591733539808,-0.1132940553102939,6.074596178209151,6.175846215101853,0.10125003689270162,True,,,15,3,13235,5,1,0.01487490814179182,3.655813031353364,7.148286124087844,3.4924730927344796,20,1,68
executed_action_flow,0.894693850262959,0.865767999127955,-0.02892585113500401,4.347868475648214,5.777768798680838,1.4299003230326237,True,,,15,3,13235,10,2,0.05579544976353645,4.857989049801896,14.567903661861939,9.709914612060043,25,1,68
executed_action_flow,0.7636669163200194,0.603802923701286,-0.1598639926187334,7.089374990795397,6.180326639760291,-0.9090483510351062,True,,,15,3,13235,15,3,0.062431544065475464,5.519768946232094,23.677125471324125,18.15735652509203,30,1,68
executed_action_flow,0.5296612202607975,0.6083234275441969,0.07866220728339934,7.349774689382391,8.306548191237459,0.9567735018550678,True,,,15,3,13235,20,4,0.03996364399790764,13.577869094588644,26.947816555615315,13.36994746102667,35,1,68
executed_action_flow,0.6953348911933862,0.17479364302580325,-0.520541248167583,5.372222291295482,6.310803692365884,0.9385814010704019,True,,,15,3,13235,25,5,0.07843812555074692,7.993383377757139,29.356759725510866,21.36337634775373,40,1,68
executed_action_flow,0.894693850262959,2.5826920599739327,1.6879982097109738,4.347868475648214,7.578935319211132,3.2310668435629175,True,,,20,4,13235,5,1,0.04711464047431946,4.857989049801896,11.12110295187856,6.263113902076665,25,1,68
executed_action_flow,0.7636669163200194,2.9865748059751267,2.222907889655107,7.089374990795397,5.829675702639568,-1.2596992881558293,True,,,20,4,13235,10,2,0.07063533365726471,5.519768946232094,17.848144100704122,12.328375154472027,30,1,68
executed_action_flow,0.5296612202607975,3.855487566522054,3.3258263462612563,7.349774689382391,7.331408931680832,-0.01836575770155946,True,,,20,4,13235,15,3,0.046979840844869614,13.577869094588644,24.13397992128178,10.556110826693137,35,1,68
executed_action_flow,0.6953348911933862,3.3611690983905467,2.6658342071971606,5.372222291295482,5.467350472295009,0.09512818099952725,True,,,20,4,13235,20,4,0.07520636916160583,7.993383377757139,25.65606379308039,17.66268041532325,40,1,68
executed_action_flow,0.6289796034067123,3.037872339311748,2.408892735905036,5.622247995328076,3.8586545996637347,-1.763593395664341,True,,,20,4,13235,25,5,0.11823109537363052,1.9956905158335387,28.788982460820126,26.79329194498659,45,1,68
executed_action_flow,0.7636669163200194,0.8370675442355614,0.07340062791554203,7.089374990795397,4.779604481446554,-2.3097705093488434,True,,,25,5,13235,5,1,0.017751282081007957,5.519768946232094,17.81982043931628,12.300051493084187,30,1,68
executed_action_flow,0.5296612202607975,0.2417847408300476,-0.2878764794307499,7.349774689382391,6.3101983781263895,-1.0395763112560017,True,,,25,5,13235,10,2,0.012992373667657375,13.577869094588644,23.648036079484534,10.07016698489589,35,1,68
executed_action_flow,0.6953348911933862,0.09299758376288668,-0.6023373074304995,5.372222291295482,4.312528425846317,-1.059693865449165,True,,,25,5,13235,15,3,0.03691801056265831,7.993383377757139,26.116807197841826,18.12342382008469,40,1,68
executed_action_flow,0.6289796034067123,0.39314683174451204,-0.2358327716622003,5.622247995328076,3.269883165327227,-2.3523648300008486,True,,,25,5,13235,20,4,0.07504663616418839,1.9956905158335387,26.991202186176633,24.995511670343095,45,1,68
executed_action_flow,1.4787234380479986,0.6427902459084781,-0.8359331921395204,11.670445143633204,7.769490624405119,-3.900954519228085,True,,,25,5,13235,25,5,0.034045834094285965,24.76137063286603,66.93569998571215,42.174329352846115,50,1,68
decision_forecast,1.0846396050344045,0.2290354680852471,-0.8556041369491574,12.04953405104579,10.099592319308384,-1.9499417317374057,True,42,,0,0,3306,5,1,0.023434139788150787,9.951126908608737,11.187367792157362,1.236240883548625,5,1,40
decision_forecast,,,,,,,False,42,counterfactual branch intentionally excluded from error aggregates,0,0,3306,10,2,,,,,10,1,40
decision_forecast,,,,,,,False,42,counterfactual branch intentionally excluded from error aggregates,0,0,3306,15,3,,,,,15,1,40
decision_forecast,,,,,,,False,42,counterfactual branch intentionally excluded from error aggregates,0,0,3306,20,4,,,,,20,1,40
decision_forecast,,,,,,,False,42,counterfactual branch intentionally excluded from error aggregates,0,0,3306,25,5,,,,,25,1,40
decision_forecast,1.881065453775688,2.5106722914674635,0.6296068376917756,13.668345515841645,5.252200927173639,-8.416144588668006,True,42,,5,1,3306,5,1,0.015813125297427177,3.202225118275693,8.323282992938726,5.121057874663032,10,1,40
decision_forecast,,,,,,,False,42,counterfactual branch intentionally excluded from error aggregates,5,1,3306,10,2,,,,,15,1,40
decision_forecast,,,,,,,False,42,counterfactual branch intentionally excluded from error aggregates,5,1,3306,15,3,,,,,20,1,40
decision_forecast,,,,,,,False,42,counterfactual branch intentionally excluded from error aggregates,5,1,3306,20,4,,,,,25,1,40
decision_forecast,,,,,,,False,42,counterfactual branch intentionally excluded from error aggregates,5,1,3306,25,5,,,,,30,1,40
decision_forecast,2.8528923708726355,5.160430800826424,2.307538429953788,6.773183147883803,3.3242656221768554,-3.448917525706948,True,42,,10,2,3306,5,1,0.018480418249964714,10.462486500862955,11.628496746482163,1.1660102456192085,15,1,40
decision_forecast,,,,,,,False,42,counterfactual branch intentionally excluded from error aggregates,10,2,3306,10,2,,,,,20,1,40
decision_forecast,,,,,,,False,42,counterfactual branch intentionally excluded from error aggregates,10,2,3306,15,3,,,,,25,1,40
decision_forecast,,,,,,,False,42,counterfactual branch intentionally excluded from error aggregates,10,2,3306,20,4,,,,,30,1,40
decision_forecast,,,,,,,False,42,counterfactual branch intentionally excluded from error aggregates,10,2,3306,25,5,,,,,35,1,40
decision_forecast,4.3208163707739065,9.27723876464204,4.956422393868133,12.332878286983012,8.497378442545617,-3.835499844437395,True,42,,15,3,3306,5,1,0.02277377061545849,9.003678219906314,13.545699474555548,4.542021254649233,20,1,40
decision_forecast,,,,,,,False,42,counterfactual branch intentionally excluded from error aggregates,15,3,3306,10,2,,,,,25,1,40
decision_forecast,,,,,,,False,42,counterfactual branch intentionally excluded from error aggregates,15,3,3306,15,3,,,,,30,1,40
decision_forecast,,,,,,,False,42,counterfactual branch intentionally excluded from error aggregates,15,3,3306,20,4,,,,,35,1,40
decision_forecast,,,,,,,False,42,counterfactual branch intentionally excluded from error aggregates,15,3,3306,25,5,,,,,40,1,40
decision_forecast,5.326575386436624,5.9317028261430735,0.6051274397064494,15.670456720841784,13.595281083238682,-2.0751756376031025,True,42,,20,4,3306,5,1,0.007975197397172451,13.562212180402861,20.327602800150494,6.765390619747633,25,1,40
decision_forecast,,,,,,,False,42,counterfactual branch intentionally excluded from error aggregates,20,4,3306,10,2,,,,,30,1,40
decision_forecast,,,,,,,False,42,counterfactual branch intentionally excluded from error aggregates,20,4,3306,15,3,,,,,35,1,40
decision_forecast,,,,,,,False,42,counterfactual branch intentionally excluded from error aggregates,20,4,3306,20,4,,,,,40,1,40
decision_forecast,,,,,,,False,42,counterfactual branch intentionally excluded from error aggregates,20,4,3306,25,5,,,,,45,1,40
decision_forecast,5.496647096769941,5.34050897234345,-0.15613812442649078,11.250652450854991,11.920136875048271,0.6694844241932802,True,42,,25,5,3306,5,1,0.009277147240936756,9.36310584357527,18.220834055463765,8.857728211888496,30,1,40
decision_forecast,,,,,,,False,42,counterfactual branch intentionally excluded from error aggregates,25,5,3306,10,2,,,,,35,1,40
decision_forecast,,,,,,,False,42,counterfactual branch intentionally excluded from error aggregates,25,5,3306,15,3,,,,,40,1,40
decision_forecast,,,,,,,False,42,counterfactual branch intentionally excluded from error aggregates,25,5,3306,20,4,,,,,45,1,40
decision_forecast,,,,,,,False,42,counterfactual branch intentionally excluded from error aggregates,25,5,3306,25,5,,,,,50,1,40
decision_forecast,4.5698177471558905,3.889503585065941,-0.6803141620899495,8.353021707074785,8.366080532032118,0.01305882495733357,True,42,,30,6,3306,5,1,0.008758538402616978,56.45354623377582,70.26357787396591,13.810031640190097,35,1,40
decision_forecast,,,,,,,False,42,counterfactual branch intentionally excluded from error aggregates,30,6,3306,10,2,,,,,40,1,40
decision_forecast,,,,,,,False,42,counterfactual branch intentionally excluded from error aggregates,30,6,3306,15,3,,,,,45,1,40
decision_forecast,,,,,,,False,42,counterfactual branch intentionally excluded from error aggregates,30,6,3306,20,4,,,,,50,1,40
decision_forecast,3.9723127985631757,4.009332423864644,0.03701962530146874,15.358687798074344,7.918837847399947,-7.439849950674398,True,42,,35,7,3306,5,1,0.018932050094008446,58.16972162659055,50.457823423026355,-7.711898203564196,40,1,40
decision_forecast,,,,,,,False,42,counterfactual branch intentionally excluded from error aggregates,35,7,3306,10,2,,,,,45,1,40
decision_forecast,,,,,,,False,42,counterfactual branch intentionally excluded from error aggregates,35,7,3306,15,3,,,,,50,1,40
decision_forecast,4.741419419863291,3.8107105228006737,-0.9307088970626176,12.529896526419455,13.500546978639,0.9706504522195463,True,42,,40,8,3306,5,1,0.011633176356554031,39.021178235848396,50.97485306558835,11.953674829739953,45,1,40
decision_forecast,,,,,,,False,42,counterfactual branch intentionally excluded from error aggregates,40,8,3306,10,2,,,,,50,1,40
decision_forecast,4.067197786512993,4.394363847756604,0.32716606124361114,9.926709048220522,11.17267828774475,1.2459692395242286,True,42,,45,9,3306,5,1,0.012688271701335907,14.318296984638453,24.42162191426424,10.103324929625787,50,1,40
decision_forecast,0.41955767533665694,0.9497852606047468,0.5302275852680898,4.286187095490576,2.294167679339999,-1.992019416150577,True,42,,0,0,8913,5,1,0.004261537920683622,9.042186612575124,8.124823716839902,-0.9173628957352218,5,1,54
decision_forecast,,,,,,,False,42,counterfactual branch intentionally excluded from error aggregates,0,0,8913,10,2,,,,,10,1,54
decision_forecast,,,,,,,False,42,counterfactual branch intentionally excluded from error aggregates,0,0,8913,15,3,,,,,15,1,54
decision_forecast,,,,,,,False,42,counterfactual branch intentionally excluded from error aggregates,0,0,8913,20,4,,,,,20,1,54
decision_forecast,,,,,,,False,42,counterfactual branch intentionally excluded from error aggregates,0,0,8913,25,5,,,,,25,1,54
decision_forecast,0.39761569262799096,1.0130089066569699,0.6153932140289788,6.900916261446455,3.1715922916877064,-3.729323969758749,True,42,,5,1,8913,5,1,0.008482708595693111,25.58280104694871,24.68899216537308,-0.8938088815756302,10,1,54
decision_forecast,,,,,,,False,42,counterfactual branch intentionally excluded from error aggregates,5,1,8913,10,2,,,,,15,1,54
decision_forecast,,,,,,,False,42,counterfactual branch intentionally excluded from error aggregates,5,1,8913,15,3,,,,,20,1,54
decision_forecast,,,,,,,False,42,counterfactual branch intentionally excluded from error aggregates,5,1,8913,20,4,,,,,25,1,54
decision_forecast,,,,,,,False,42,counterfactual branch intentionally excluded from error aggregates,5,1,8913,25,5,,,,,30,1,54
decision_forecast,0.31960810211727536,1.156080879201227,0.8364727770839515,10.20861112352388,11.528933200872183,1.3203220773483029,True,42,,10,2,8913,5,1,0.004450976382941008,43.66534930318182,52.535115877394475,8.869766574212655,15,1,54
decision_forecast,,,,,,,False,42,counterfactual branch intentionally excluded from error aggregates,10,2,8913,10,2,,,,,20,1,54
decision_forecast,,,,,,,False,42,counterfactual branch intentionally excluded from error aggregates,10,2,8913,15,3,,,,,25,1,54
decision_forecast,,,,,,,False,42,counterfactual branch intentionally excluded from error aggregates,10,2,8913,20,4,,,,,30,1,54
decision_forecast,,,,,,,False,42,counterfactual branch intentionally excluded from error aggregates,10,2,8913,25,5,,,,,35,1,54
decision_forecast,1.1104730006378993,0.9149895714975494,-0.19548342914034988,12.01974517069855,14.590977001156919,2.571231830458368,True,42,,15,3,8913,5,1,0.006584262941032648,44.43516179923403,58.102160191732274,13.666998392498243,20,1,54
decision_forecast,,,,,,,False,42,counterfactual branch intentionally excluded from error aggregates,15,3,8913,10,2,,,,,25,1,54
decision_forecast,,,,,,,False,42,counterfactual branch intentionally excluded from error aggregates,15,3,8913,15,3,,,,,30,1,54
decision_forecast,,,,,,,False,42,counterfactual branch intentionally excluded from error aggregates,15,3,8913,20,4,,,,,35,1,54
decision_forecast,,,,,,,False,42,counterfactual branch intentionally excluded from error aggregates,15,3,8913,25,5,,,,,40,1,54
decision_forecast,0.8651223603672864,0.3853527975926657,-0.4797695627746207,13.43279397972172,18.711092612743048,5.278298633021327,True,42,,20,4,8913,5,1,0.016004936769604683,66.49614674653071,58.44727448970766,-8.048872256823053,25,1,54
decision_forecast,,,,,,,False,42,counterfactual branch intentionally excluded from error aggregates,20,4,8913,10,2,,,,,30,1,54
decision_forecast,,,,,,,False,42,counterfactual branch intentionally excluded from error aggregates,20,4,8913,15,3,,,,,35,1,54
decision_forecast,,,,,,,False,42,counterfactual branch intentionally excluded from error aggregates,20,4,8913,20,4,,,,,40,1,54
decision_forecast,,,,,,,False,42,counterfactual branch intentionally excluded from error aggregates,20,4,8913,25,5,,,,,45,1,54
decision_forecast,0.9634395183750349,0.5293529662446119,-0.434086552130423,12.650388913489271,14.927669111936254,2.2772801984469826,True,42,,25,5,8913,5,1,0.0054470268078148365,66.77192851810398,69.30710786773535,2.5351793496313775,30,1,54
decision_forecast,,,,,,,False,42,counterfactual branch intentionally excluded from error aggregates,25,5,8913,10,2,,,,,35,1,54
decision_forecast,,,,,,,False,42,counterfactual branch intentionally excluded from error aggregates,25,5,8913,15,3,,,,,40,1,54
decision_forecast,,,,,,,False,42,counterfactual branch intentionally excluded from error aggregates,25,5,8913,20,4,,,,,45,1,54
decision_forecast,,,,,,,False,42,counterfactual branch intentionally excluded from error aggregates,25,5,8913,25,5,,,,,50,1,54
decision_forecast,0.8157366775735092,0.05697096267679268,-0.7587657148967165,11.3666237229713,8.175259665856032,-3.1913640571152673,True,42,,30,6,8913,5,1,0.013574142009019852,40.98252524316654,62.07457388408018,21.09204864091364,35,1,54
decision_forecast,,,,,,,False,42,counterfactual branch intentionally excluded from error aggregates,30,6,8913,10,2,,,,,40,1,54
decision_forecast,,,,,,,False,42,counterfactual branch intentionally excluded from error aggregates,30,6,8913,15,3,,,,,45,1,54
decision_forecast,,,,,,,False,42,counterfactual branch intentionally excluded from error aggregates,30,6,8913,20,4,,,,,50,1,54
decision_forecast,0.6154038141224502,0.2446816365416681,-0.3707221775807821,13.61428197833805,20.72802028189465,7.1137383035566,True,42,,35,7,8913,5,1,0.017852704972028732,88.78787411386199,69.91332407956284,-18.874550034299148,40,1,54
decision_forecast,,,,,,,False,42,counterfactual branch intentionally excluded from error aggregates,35,7,8913,10,2,,,,,45,1,54
decision_forecast,,,,,,,False,42,counterfactual branch intentionally excluded from error aggregates,35,7,8913,15,3,,,,,50,1,54
decision_forecast,0.9959648792026357,0.20809501863306215,-0.7878698605695735,11.76229991447824,19.473231061839424,7.710931147361185,True,42,,40,8,8913,5,1,0.05854974314570427,156.15455396322974,103.59695817672203,-52.55759578650772,45,1,54
decision_forecast,,,,,,,False,42,counterfactual branch intentionally excluded from error aggregates,40,8,8913,10,2,,,,,50,1,54
decision_forecast,0.9959648792026357,0.3886818051936143,-0.6072830740090214,11.76229991447824,13.148667834803524,1.3863679203252843,True,42,,45,9,8913,5,1,0.008654140867292881,173.79325225595682,166.50562106764076,-7.287631188316055,50,1,54
decision_forecast,0.24637001749880236,2.2826235789034386,2.0362535614046364,0.8710332467924194,7.631814227036585,6.760780980244166,True,42,,0,0,10817,5,1,0.007616931106895208,7.02251511528084,15.194255085482428,8.171739970201589,5,1,98
decision_forecast,,,,,,,False,42,counterfactual branch intentionally excluded from error aggregates,0,0,10817,10,2,,,,,10,1,98
decision_forecast,,,,,,,False,42,counterfactual branch intentionally excluded from error aggregates,0,0,10817,15,3,,,,,15,1,98
decision_forecast,,,,,,,False,42,counterfactual branch intentionally excluded from error aggregates,0,0,10817,20,4,,,,,20,1,98
decision_forecast,,,,,,,False,42,counterfactual branch intentionally excluded from error aggregates,0,0,10817,25,5,,,,,25,1,98
decision_forecast,0.10356163826591161,0.9912459687008472,0.8876843304349357,1.5250581769581,7.472088518109186,5.947030341151086,True,42,,5,1,10817,5,1,0.025758087635040283,2.120927225690343,9.362902074272421,7.241974848582078,10,1,98
decision_forecast,,,,,,,False,42,counterfactual branch intentionally excluded from error aggregates,5,1,10817,10,2,,,,,15,1,98
decision_forecast,,,,,,,False,42,counterfactual branch intentionally excluded from error aggregates,5,1,10817,15,3,,,,,20,1,98
decision_forecast,,,,,,,False,42,counterfactual branch intentionally excluded from error aggregates,5,1,10817,20,4,,,,,25,1,98
decision_forecast,,,,,,,False,42,counterfactual branch intentionally excluded from error aggregates,5,1,10817,25,5,,,,,30,1,98
decision_forecast,0.144488131772628,1.901768241671492,1.757280109898864,1.6854221474146476,0.1676633279962788,-1.5177588194183689,True,42,,10,2,10817,5,1,0.020534956827759743,3.0496314953232186,6.471332785363592,3.4217012900403736,15,1,98
decision_forecast,,,,,,,False,42,counterfactual branch intentionally excluded from error aggregates,10,2,10817,10,2,,,,,20,1,98
decision_forecast,,,,,,,False,42,counterfactual branch intentionally excluded from error aggregates,10,2,10817,15,3,,,,,25,1,98
decision_forecast,,,,,,,False,42,counterfactual branch intentionally excluded from error aggregates,10,2,10817,20,4,,,,,30,1,98
decision_forecast,,,,,,,False,42,counterfactual branch intentionally excluded from error aggregates,10,2,10817,25,5,,,,,35,1,98
decision_forecast,0.48919070371024653,0.6537116802971571,0.16452097658691056,2.004592550679256,0.7190775651355048,-1.2855149855437513,True,42,,15,3,10817,5,1,0.012193086557090282,5.547029079375441,6.733306896658271,1.1862778172828303,20,1,98
decision_forecast,,,,,,,False,42,counterfactual branch intentionally excluded from error aggregates,15,3,10817,10,2,,,,,25,1,98
decision_forecast,,,,,,,False,42,counterfactual branch intentionally excluded from error aggregates,15,3,10817,15,3,,,,,30,1,98
decision_forecast,,,,,,,False,42,counterfactual branch intentionally excluded from error aggregates,15,3,10817,20,4,,,,,35,1,98
decision_forecast,,,,,,,False,42,counterfactual branch intentionally excluded from error aggregates,15,3,10817,25,5,,,,,40,1,98
decision_forecast,0.03339510492237062,0.7276279874950351,0.6942328825726645,1.0538166571751952,4.167104526637655,3.11328786946246,True,42,,20,4,10817,5,1,0.009924412705004215,0.40822998058335547,14.665062667693283,14.256832687109927,25,1,98
decision_forecast,,,,,,,False,42,counterfactual branch intentionally excluded from error aggregates,20,4,10817,10,2,,,,,30,1,98
decision_forecast,,,,,,,False,42,counterfactual branch intentionally excluded from error aggregates,20,4,10817,15,3,,,,,35,1,98
decision_forecast,,,,,,,False,42,counterfactual branch intentionally excluded from error aggregates,20,4,10817,20,4,,,,,40,1,98
decision_forecast,,,,,,,False,42,counterfactual branch intentionally excluded from error aggregates,20,4,10817,25,5,,,,,45,1,98
decision_forecast,0.017513710056319423,1.0270600656138091,1.0095463555574897,0.5803245822986116,3.152854555302838,2.5725299730042264,True,42,,25,5,10817,5,1,0.029751397669315338,5.042844945027059,13.161155268673761,8.118310323646703,30,1,98
decision_forecast,,,,,,,False,42,counterfactual branch intentionally excluded from error aggregates,25,5,10817,10,2,,,,,35,1,98
decision_forecast,,,,,,,False,42,counterfactual branch intentionally excluded from error aggregates,25,5,10817,15,3,,,,,40,1,98
decision_forecast,,,,,,,False,42,counterfactual branch intentionally excluded from error aggregates,25,5,10817,20,4,,,,,45,1,98
decision_forecast,,,,,,,False,42,counterfactual branch intentionally excluded from error aggregates,25,5,10817,25,5,,,,,50,1,98
decision_forecast,0.10125303432644729,1.014663272270236,0.9134102379437887,1.5122831317431993,0.7173688431423466,-0.7949142886008527,True,42,,30,6,10817,5,1,0.02048497460782528,6.948363528449063,8.663981640101204,1.715618111652141,35,1,98
decision_forecast,,,,,,,False,42,counterfactual branch intentionally excluded from error aggregates,30,6,10817,10,2,,,,,40,1,98
decision_forecast,,,,,,,False,42,counterfactual branch intentionally excluded from error aggregates,30,6,10817,15,3,,,,,45,1,98
decision_forecast,,,,,,,False,42,counterfactual branch intentionally excluded from error aggregates,30,6,10817,20,4,,,,,50,1,98
decision_forecast,0.15392745320558562,0.6164803191314177,0.462552865925832,0.9659887583239546,1.1184460957171514,0.15245733739319678,True,42,,35,7,10817,5,1,0.024726873263716698,3.1373122182222297,19.237911786531896,16.100599568309665,40,1,98
decision_forecast,,,,,,,False,42,counterfactual branch intentionally excluded from error aggregates,35,7,10817,10,2,,,,,45,1,98
decision_forecast,,,,,,,False,42,counterfactual branch intentionally excluded from error aggregates,35,7,10817,15,3,,,,,50,1,98
decision_forecast,0.14654060361821683,0.8777760360194254,0.7312354324012086,1.6069396615782725,2.4894067525896038,0.8824670910113313,True,42,,40,8,10817,5,1,0.022050833329558372,3.207148996271835,12.174673122013168,8.967524125741333,45,1,98
decision_forecast,,,,,,,False,42,counterfactual branch intentionally excluded from error aggregates,40,8,10817,10,2,,,,,50,1,98
decision_forecast,0.3827503256061155,1.1086453853282636,0.7258950597221481,1.4806154055072585,5.325992393370109,3.845376987862851,True,42,,45,9,10817,5,1,0.019002774730324745,1.0312090017610784,13.166509637204818,12.13530063544374,50,1,98
decision_forecast,0.06455894803496053,0.558163058973442,0.49360411093848144,6.93415261140289,7.309555133279521,0.37540252187663103,True,42,,0,0,17449,5,1,0.006704937666654587,13.236156825158265,22.13101281690565,8.894855991747384,5,1,30
decision_forecast,,,,,,,False,42,counterfactual branch intentionally excluded from error aggregates,0,0,17449,10,2,,,,,10,1,30
decision_forecast,,,,,,,False,42,counterfactual branch intentionally excluded from error aggregates,0,0,17449,15,3,,,,,15,1,30
decision_forecast,,,,,,,False,42,counterfactual branch intentionally excluded from error aggregates,0,0,17449,20,4,,,,,20,1,30
decision_forecast,,,,,,,False,42,counterfactual branch intentionally excluded from error aggregates,0,0,17449,25,5,,,,,25,1,30
decision_forecast,0.18102733376201796,0.13480061345937167,-0.046226720302646296,6.793684082775383,7.355794681947195,0.5621105991718123,True,42,,5,1,17449,5,1,0.004238056484609842,14.256131868650884,15.877470731982685,1.6213388633318004,10,1,30
decision_forecast,,,,,,,False,42,counterfactual branch intentionally excluded from error aggregates,5,1,17449,10,2,,,,,15,1,30
decision_forecast,,,,,,,False,42,counterfactual branch intentionally excluded from error aggregates,5,1,17449,15,3,,,,,20,1,30
decision_forecast,,,,,,,False,42,counterfactual branch intentionally excluded from error aggregates,5,1,17449,20,4,,,,,25,1,30
decision_forecast,,,,,,,False,42,counterfactual branch intentionally excluded from error aggregates,5,1,17449,25,5,,,,,30,1,30
decision_forecast,0.0022403020477641824,0.4477598812293559,0.4455195791815917,10.65167994341473,10.118168847772145,-0.5335110956425844,True,42,,10,2,17449,5,1,0.013595004566013813,12.584792529637733,27.234716178860626,14.649923649222893,15,1,30
decision_forecast,,,,,,,False,42,counterfactual branch intentionally excluded from error aggregates,10,2,17449,10,2,,,,,20,1,30
decision_forecast,,,,,,,False,42,counterfactual branch intentionally excluded from error aggregates,10,2,17449,15,3,,,,,25,1,30
decision_forecast,,,,,,,False,42,counterfactual branch intentionally excluded from error aggregates,10,2,17449,20,4,,,,,30,1,30
decision_forecast,,,,,,,False,42,counterfactual branch intentionally excluded from error aggregates,10,2,17449,25,5,,,,,35,1,30
decision_forecast,0.20739186395826717,0.30765904097405433,0.10026717701578716,8.983649969959657,10.371924170163624,1.3882742002039663,True,42,,15,3,17449,5,1,0.0035557069350034,6.954804972193005,10.518884945078497,3.5640799728854917,20,1,30
decision_forecast,,,,,,,False,42,counterfactual branch intentionally excluded from error aggregates,15,3,17449,10,2,,,,,25,1,30
decision_forecast,,,,,,,False,42,counterfactual branch intentionally excluded from error aggregates,15,3,17449,15,3,,,,,30,1,30
decision_forecast,,,,,,,False,42,counterfactual branch intentionally excluded from error aggregates,15,3,17449,20,4,,,,,35,1,30
decision_forecast,,,,,,,False,42,counterfactual branch intentionally excluded from error aggregates,15,3,17449,25,5,,,,,40,1,30
decision_forecast,0.7648135671409152,0.5118034302478282,-0.25301013689308705,12.698494307851185,8.648522248375489,-4.049972059475696,True,42,,20,4,17449,5,1,0.009348630905151367,2.2723420523111217,3.4526987789469508,1.180356726635829,25,1,30
decision_forecast,,,,,,,False,42,counterfactual branch intentionally excluded from error aggregates,20,4,17449,10,2,,,,,30,1,30
decision_forecast,,,,,,,False,42,counterfactual branch intentionally excluded from error aggregates,20,4,17449,15,3,,,,,35,1,30
decision_forecast,,,,,,,False,42,counterfactual branch intentionally excluded from error aggregates,20,4,17449,20,4,,,,,40,1,30
decision_forecast,,,,,,,False,42,counterfactual branch intentionally excluded from error aggregates,20,4,17449,25,5,,,,,45,1,30
decision_forecast,2.7851714940193193,0.680650172828475,-2.1045213211908442,9.74389777581006,14.958727697958823,5.214829922148763,True,42,,25,5,17449,5,1,0.02227245829999447,9.077013689453333,1.2672372953322315,-7.809776394121101,30,1,30
decision_forecast,,,,,,,False,42,counterfactual branch intentionally excluded from error aggregates,25,5,17449,10,2,,,,,35,1,30
decision_forecast,,,,,,,False,42,counterfactual branch intentionally excluded from error aggregates,25,5,17449,15,3,,,,,40,1,30
decision_forecast,,,,,,,False,42,counterfactual branch intentionally excluded from error aggregates,25,5,17449,20,4,,,,,45,1,30
decision_forecast,,,,,,,False,42,counterfactual branch intentionally excluded from error aggregates,25,5,17449,25,5,,,,,50,1,30
decision_forecast,3.8399653962495366,7.674491386098376,3.8345259898488395,2.9239798098343845,8.489440238614401,5.565460428780017,True,42,,30,6,17449,5,1,0.06843087077140808,7.914383764035405,16.133460107602133,8.219076343566728,35,1,30
decision_forecast,,,,,,,False,42,counterfactual branch intentionally excluded from error aggregates,30,6,17449,10,2,,,,,40,1,30
decision_forecast,,,,,,,False,42,counterfactual branch intentionally excluded from error aggregates,30,6,17449,15,3,,,,,45,1,30
decision_forecast,,,,,,,False,42,counterfactual branch intentionally excluded from error aggregates,30,6,17449,20,4,,,,,50,1,30
decision_forecast,4.802048980708019,4.912785983947789,0.11073700323977054,7.317695626054985,6.031439987330914,-1.2862556387240716,True,42,,35,7,17449,5,1,0.016019558534026146,3.5752346292688464,18.06457190520373,14.489337275934885,40,1,30
decision_forecast,,,,,,,False,42,counterfactual branch intentionally excluded from error aggregates,35,7,17449,10,2,,,,,45,1,30
decision_forecast,,,,,,,False,42,counterfactual branch intentionally excluded from error aggregates,35,7,17449,15,3,,,,,50,1,30
decision_forecast,4.8734816603689515,5.399986365652561,0.5265047052836094,12.634715403634418,10.641694087772798,-1.9930213158616201,True,42,,40,8,17449,5,1,0.00716312974691391,15.010247280869159,7.792049209546232,-7.218198071322926,45,1,30
decision_forecast,,,,,,,False,42,counterfactual branch intentionally excluded from error aggregates,40,8,17449,10,2,,,,,50,1,30
decision_forecast,4.479760314862032,5.236422544937796,0.7566622300757642,9.222854523517132,10.603256771408828,1.3804022478916966,True,42,,45,9,17449,5,1,0.00848093256354332,3.289052273281328,5.7227975448278015,2.4337452715464734,50,1,30
executed_action_flow,1.0846396050344045,0.2290354680852471,-0.8556041369491574,12.04953405104579,10.099592319308384,-1.9499417317374057,True,,,0,0,3306,5,1,0.023434139788150787,9.951126908608737,11.187367792157362,1.236240883548625,5,1,40
executed_action_flow,1.881065453775688,1.824429525177942,-0.0566359285977458,13.668345515841645,5.399457435516468,-8.268888080325176,True,,,0,0,3306,10,2,0.0378882922232151,3.202225118275693,4.644889988979969,1.442664870704276,10,1,40
executed_action_flow,2.8528923708726355,3.5608824594794775,0.707990088606842,6.773183147883803,1.7313214405439035,-5.0418617073398995,True,,,0,0,3306,15,3,0.0564718060195446,10.462486500862955,9.345725195211541,-1.1167613056514138,15,1,40
executed_action_flow,4.3208163707739065,9.147110000574957,4.82629362980105,12.332878286983012,6.844086425967858,-5.488791861015154,True,,,0,0,3306,20,4,0.049971505999565125,9.003678219906314,25.54361305098232,16.539934831076003,20,1,40
executed_action_flow,5.326575386436624,9.587028824637137,4.260453438200513,15.670456720841784,7.3456359071008155,-8.324820813740969,True,,,0,0,3306,25,5,0.06829631328582764,13.562212180402861,36.98185204086542,23.41963986046256,25,1,40
executed_action_flow,1.881065453775688,2.5106722914674635,0.6296068376917756,13.668345515841645,5.252200927173639,-8.416144588668006,True,,,5,1,3306,5,1,0.015813125297427177,3.202225118275693,8.323282992938726,5.121057874663032,10,1,40
executed_action_flow,2.8528923708726355,4.644177782600179,1.7912854117275439,6.773183147883803,0.6146202781814377,-6.158562869702366,True,,,5,1,3306,10,2,0.0406220443546772,10.462486500862955,14.673773713903486,4.211287213040531,15,1,40
executed_action_flow,4.3208163707739065,10.450282773456708,6.129466402682802,12.332878286983012,5.610383146307441,-6.722495140675571,True,,,5,1,3306,15,3,0.04883379116654396,9.003678219906314,28.744094217249923,19.74041599734361,20,1,40
executed_action_flow,5.326575386436624,10.9494876395146,5.622912253077977,15.670456720841784,5.639702220601397,-10.030754500240388,True,,,5,1,3306,20,4,0.07832594960927963,13.562212180402861,39.249366822630805,25.687154642227945,25,1,40
executed_action_flow,5.496647096769941,9.827806653258428,4.331159556488487,11.250652450854991,4.487362743968296,-6.763289706886695,True,,,5,1,3306,25,5,0.035946186631917953,9.36310584357527,32.48204661852297,23.118940774947703,30,1,40
executed_action_flow,2.8528923708726355,5.160430800826424,2.307538429953788,6.773183147883803,3.324315233068065,-3.448867914815738,True,,,10,2,3306,5,1,0.018480414524674416,10.462486500862955,11.628496746482163,1.1660102456192085,15,1,40
executed_action_flow,4.3208163707739065,11.38328661408045,7.062470243306544,12.332878286983012,6.546678439614763,-5.786199847368249,True,,,10,2,3306,10,2,0.038304198533296585,9.003678219906314,27.280895366335447,18.27721714642913,20,1,40
executed_action_flow,5.326575386436624,11.717009656927274,6.39043427049065,15.670456720841784,7.381902807510136,-8.288553913331647,True,,,10,2,3306,15,3,0.05765075981616974,13.562212180402861,37.43931405499383,23.87710187459097,25,1,40
executed_action_flow,5.496647096769941,10.442906169153096,4.946259072383155,11.250652450854991,5.622809047649683,-5.627843403205309,True,,,10,2,3306,20,4,0.030822470784187317,9.36310584357527,29.69373792364429,20.33063208006902,30,1,40
executed_action_flow,4.5698177471558905,8.541053655141384,3.971235907985494,8.353021707074785,8.212498042302508,-0.1405236647722763,True,,,10,2,3306,25,5,0.03159483149647713,56.45354623377582,77.36787979774803,20.914333563972214,35,1,40
executed_action_flow,4.3208163707739065,9.27723876464204,4.956422393868133,12.332878286983012,8.497378442545617,-3.835499844437395,True,,,15,3,3306,5,1,0.02277377061545849,9.003678219906314,13.545699474555548,4.542021254649233,20,1,40
executed_action_flow,5.326575386436624,10.095577389479606,4.769002003042982,15.670456720841784,9.9980787007186,-5.672378020123185,True,,,15,3,3306,10,2,0.03253141790628433,13.562212180402861,28.20360231223399,14.641390131831129,25,1,40
executed_action_flow,5.496647096769941,8.901769605588099,3.405122508818158,11.250652450854991,7.011320906515488,-4.239331544339503,True,,,15,3,3306,15,3,0.01817784085869789,9.36310584357527,23.04333993635807,13.6802340927828,30,1,40
executed_action_flow,4.5698177471558905,6.965110447566002,2.3952927004101117,8.353021707074785,7.909323724583025,-0.4436979824917593,True,,,15,3,3306,20,4,0.022619986906647682,56.45354623377582,75.56966233781212,19.1161161040363,35,1,40
executed_action_flow,3.9723127985631757,6.527131397228105,2.5548185986649297,15.358687798074344,6.512284627915942,-8.846403170158403,True,,,15,3,3306,25,5,0.032221175730228424,58.16972162659055,59.21901117633011,1.0492895497395622,40,1,40
executed_action_flow,5.326575386436624,5.9317028261430735,0.6051274397064494,15.670456720841784,13.595281083238682,-2.0751756376031025,True,,,20,4,3306,5,1,0.007975197397172451,13.562212180402861,20.327602800150494,6.765390619747633,25,1,40
executed_action_flow,5.496647096769941,5.189944282279688,-0.3067028144902526,11.250652450854991,9.7378715816733,-1.5127808691816913,True,,,20,4,3306,10,2,0.007858870550990105,9.36310584357527,14.75088582204054,5.387779978465272,30,1,40
executed_action_flow,4.5698177471558905,3.540398956208249,-1.0294187909476413,8.353021707074785,7.24134941903706,-1.1116722880377248,True,,,20,4,3306,15,3,0.01373439934104681,56.45354623377582,71.55948284085346,15.105936607077645,35,1,40
executed_action_flow,3.9723127985631757,3.092857641032334,-0.8794551575308418,15.358687798074344,6.75924854241356,-8.599439255660783,True,,,20,4,3306,20,4,0.021550169214606285,58.16972162659055,57.58849930469849,-0.5812223218920636,40,1,40
executed_action_flow,4.741419419863291,2.913032420564238,-1.8283869992990534,12.529896526419455,6.213460395808085,-6.316436130611369,True,,,20,4,3306,25,5,0.028820505365729332,39.021178235848396,50.421547747862405,11.40036951201401,45,1,40
executed_action_flow,5.496647096769941,5.34050897234345,-0.15613812442649078,11.250652450854991,11.920136875048271,0.6694844241932802,True,,,25,5,3306,5,1,0.009277147240936756,9.36310584357527,18.220834055463765,8.857728211888496,30,1,40
executed_action_flow,4.5698177471558905,3.7415343668867846,-0.8282833802691059,8.353021707074785,8.754938373610157,0.4019166665353726,True,,,25,5,3306,10,2,0.015604344196617603,56.45354623377582,70.59480787182908,14.141261638053258,35,1,40
executed_action_flow,3.9723127985631757,3.027642994837052,-0.9446698037261236,15.358687798074344,8.584709753759547,-6.773978044314797,True,,,25,5,3306,15,3,0.017263978719711304,58.16972162659055,58.069249176382385,-0.10047245020816575,40,1,40
executed_action_flow,4.741419419863291,2.8464517365349535,-1.8949676833283378,12.529896526419455,8.037502119597086,-4.492394406822369,True,,,25,5,3306,20,4,0.02809586189687252,39.021178235848396,50.78218150970127,11.761003273852872,45,1,40
executed_action_flow,4.067197786512993,2.204004143203554,-1.8631936433094385,9.926709048220522,8.938680471225402,-0.98802857699512,True,,,25,5,3306,25,5,0.037372004240751266,14.318296984638453,37.58748197680953,23.269184992171077,50,1,40
executed_action_flow,0.41955767533665694,0.9497852606047468,0.5302275852680898,4.286187095490576,2.294167679339999,-1.992019416150577,True,,,0,0,8913,5,1,0.004261537920683622,9.042186612575124,8.124823716839902,-0.9173628957352218,5,1,54
executed_action_flow,0.39761569262799096,1.3159038906849403,0.9182881980569493,6.900916261446455,3.1979062097551076,-3.7030100516913476,True,,,0,0,8913,10,2,0.012162062339484692,25.58280104694871,19.81934019212237,-5.763460854826338,10,1,54
executed_action_flow,0.31960810211727536,1.8131997188698137,1.4935916167525383,10.20861112352388,9.470536948106544,-0.7380741754173368,True,,,0,0,8913,15,3,0.018027575686573982,43.66534930318182,38.68520727238804,-4.980142030793779,15,1,54
executed_action_flow,1.1104730006378993,0.15056845996806242,-0.9599045406698369,12.01974517069855,15.336163301491311,3.3164181307927603,True,,,0,0,8913,20,4,0.01640678010880947,44.43516179923403,47.642476449398444,3.207314650164413,20,1,54
executed_action_flow,0.8651223603672864,0.40801465563933537,-0.45710770472795104,13.43279397972172,22.052473084946605,8.619679105224884,True,,,0,0,8913,25,5,0.04319695755839348,66.49614674653071,58.34779310174654,-8.148353644784173,25,1,54
executed_action_flow,0.39761569262799096,1.0130089066569699,0.6153932140289788,6.900916261446455,3.1715922916877064,-3.729323969758749,True,,,5,1,8913,5,1,0.008482708595693111,25.58280104694871,24.68899216537308,-0.8938088815756302,10,1,54
executed_action_flow,0.31960810211727536,1.8047097937314878,1.4851016916142123,10.20861112352388,9.238804891425808,-0.9698062320980725,True,,,5,1,8913,10,2,0.012674950063228607,43.66534930318182,44.25804252874279,0.5926932255609714,15,1,54
executed_action_flow,1.1104730006378993,0.08939999123658057,-1.0210730094013187,12.01974517069855,14.926110499054046,2.906365328355495,True,,,5,1,8913,15,3,0.013067233376204967,44.43516179923403,53.80111991657856,9.365958117344526,20,1,54
executed_action_flow,0.8651223603672864,0.6712535613462118,-0.19386879902107457,13.43279397972172,21.601367399001163,8.168573419279442,True,,,5,1,8913,20,4,0.040784601122140884,66.49614674653071,64.65626324009393,-1.8398835064367773,25,1,54
executed_action_flow,0.9634395183750349,1.5995582318209849,0.63611871344595,12.650388913489271,22.143952580788138,9.493563667298867,True,,,5,1,8913,25,5,0.04780018329620361,66.77192851810398,65.88096919557356,-0.8909593225304206,30,1,54
executed_action_flow,0.31960810211727536,1.1560842942958118,0.8364761921785364,10.20861112352388,11.528933200872183,1.3203220773483029,True,,,10,2,8913,5,1,0.004450978245586157,43.66534930318182,52.535115877394475,8.869766574212655,15,1,54
executed_action_flow,1.1104730006378993,0.0002052604848167057,-1.1102677401530827,12.01974517069855,17.46815364997328,5.448408479274731,True,,,10,2,8913,10,2,0.009699663147330284,44.43516179923403,61.34634575995864,16.911183960724607,20,1,54
executed_action_flow,0.8651223603672864,0.5518481942760489,-0.3132741660912375,13.43279397972172,22.620872896322116,9.188078916600395,True,,,10,2,8913,15,3,0.031002329662442207,66.49614674653071,70.02457299060306,3.5284262440723495,25,1,54
executed_action_flow,0.9634395183750349,1.52199460360632,0.5585550852312852,12.650388913489271,22.280215480787344,9.629826567298073,True,,,10,2,8913,20,4,0.038907863199710846,66.77192851810398,70.37255921749203,3.6006306993880486,30,1,54
executed_action_flow,0.8157366775735092,1.670271180298127,0.8545345027246177,11.3666237229713,15.407608398787662,4.040984675816363,True,,,10,2,8913,25,5,0.044278521090745926,40.98252524316654,57.884759923282324,16.902234680115782,35,1,54
executed_action_flow,1.1104730006378993,0.9149861564029644,-0.1954868442349349,12.01974517069855,14.590955238774455,2.5712100680759047,True,,,15,3,8913,5,1,0.006584262941032648,44.43516179923403,58.102160191732274,13.666998392498243,20,1,54
executed_action_flow,0.8651223603672864,0.2524270710604626,-0.6126952893068238,13.43279397972172,20.126887177343015,6.694093197621294,True,,,15,3,8913,10,2,0.022836660966277122,66.49614674653071,67.76369830923825,1.2675515627075384,25,1,54
executed_action_flow,0.9634395183750349,0.7322573959181807,-0.2311821224568542,12.650388913489271,19.797205874072326,7.146816960583054,True,,,15,3,8913,15,3,0.029633456841111183,66.77192851810398,68.12917356044291,1.3572450423389313,30,1,54
executed_action_flow,0.8157366775735092,0.8699027831668626,0.05416610559335344,11.3666237229713,12.474563356812356,1.107939633841056,True,,,15,3,8913,20,4,0.03829767927527428,40.98252524316654,56.00198209603787,15.019456852871329,35,1,54
executed_action_flow,0.6154038141224502,0.8844954823285949,0.2690916682061447,13.61428197833805,22.067438650944464,8.453156672606413,True,,,15,3,8913,25,5,0.06151437759399414,88.78787411386199,80.91867539703638,-7.869198716825608,40,1,54
executed_action_flow,0.8651223603672864,0.3853493824980807,-0.4797729778692057,13.43279397972172,18.711092612743048,5.278298633021327,True,,,20,4,8913,5,1,0.016004936769604683,66.49614674653071,58.44727448970766,-8.048872256823053,25,1,54
executed_action_flow,0.9634395183750349,0.8185363455137817,-0.1449031728612532,12.650388913489271,19.858753536025787,7.208364622536516,True,,,20,4,8913,10,2,0.02617952786386013,66.77192851810398,59.1154476106163,-7.656480907487676,30,1,54
executed_action_flow,0.8157366775735092,0.8644078959795874,0.04867121840607824,11.3666237229713,13.703886082684836,2.3372623597135362,True,,,20,4,8913,15,3,0.030379226431250572,40.98252524316654,48.570573423267945,7.588048180101403,35,1,54
executed_action_flow,0.6154038141224502,0.7100900169669043,0.09468620284445417,13.61428197833805,22.990164066658576,9.375882088320525,True,,,20,4,8913,20,4,0.05736905336380005,88.78787411386199,74.04346187306876,-14.744412240793224,40,1,54
executed_action_flow,0.9959648792026357,0.6998344879281302,-0.29613039127450547,11.76229991447824,29.29822312957063,17.53592321509239,True,,,20,4,8913,25,5,0.1666727066040039,156.15455396322974,85.89291626971055,-70.26163769351919,45,1,54
executed_action_flow,0.9634395183750349,0.5293529662446119,-0.434086552130423,12.650388913489271,14.927669111936254,2.2772801984469826,True,,,25,5,8913,5,1,0.0054470268078148365,66.77192851810398,69.30710786773535,2.5351793496313775,30,1,54
executed_action_flow,0.8157366775735092,0.9009220872824756,0.08518540970896638,11.3666237229713,9.145725047811636,-2.2208986751596633,True,,,25,5,8913,10,2,0.016982927918434143,40.98252524316654,58.99171049291998,18.009185249753436,35,1,54
executed_action_flow,0.6154038141224502,0.8742297080060657,0.25882589388361554,13.61428197833805,18.11609619112069,4.501814212782639,True,,,25,5,8913,15,3,0.0321844182908535,88.78787411386199,83.50561307185619,-5.2822610420058,40,1,54
executed_action_flow,0.9959648792026357,0.9004849551755948,-0.09547992402704086,11.76229991447824,24.009843786048023,12.247543871569784,True,,,25,5,8913,20,4,0.12050139158964157,156.15455396322974,93.99508338433273,-62.159470578897015,45,1,54
executed_action_flow,0.9959648792026357,1.415327539338231,0.4193626601355953,11.76229991447824,27.622682534339358,15.860382619861118,True,,,25,5,8913,25,5,0.1446308046579361,173.79325225595682,108.54661229627851,-65.2466399596783,50,1,54
executed_action_flow,0.24637001749880236,2.2826235789034386,2.0362535614046364,0.8710332467924194,7.631814227036585,6.760780980244166,True,,,0,0,10817,5,1,0.007616931106895208,7.02251511528084,15.194255085482428,8.171739970201589,5,1,98
executed_action_flow,0.10356163826591161,4.321133943811313,4.217572305545402,1.5250581769581,8.59061390666121,7.065555729703109,True,,,0,0,10817,10,2,0.07624581456184387,2.120927225690343,13.005906289377654,10.884979063687311,10,1,98
executed_action_flow,0.144488131772628,5.165881495074736,5.021393363302107,1.6854221474146476,6.143158816492735,4.457736669078088,True,,,0,0,10817,15,3,0.11624160408973694,3.0496314953232186,4.980743832786667,1.931112337463448,15,1,98
executed_action_flow,0.48919070371024653,5.347578187375415,4.858387483665169,2.004592550679256,4.132860377996612,2.1282678273173556,True,,,0,0,10817,20,4,0.1438068300485611,5.547029079375441,0.4703186798519413,-5.076710399523499,20,1,98
executed_action_flow,0.03339510492237062,5.402612436612793,5.369217331690422,1.0538166571751952,8.00982418734445,6.956007530169254,True,,,0,0,10817,25,5,0.16382329165935516,0.40822998058335547,5.875030158211904,5.466800177628548,25,1,98
executed_action_flow,0.10356163826591161,0.9912459687008472,0.8876843304349357,1.5250581769581,7.472118641238895,5.947060464280795,True,,,5,1,10817,5,1,0.02575809322297573,2.120927225690343,9.362909528759516,7.2419823030691735,10,1,98
executed_action_flow,0.144488131772628,2.366241595799869,2.221753464027241,1.6854221474146476,4.0404589332642304,2.355036785849583,True,,,5,1,10817,10,2,0.054813116788864136,3.0496314953232186,3.7989332728623233,0.7493017775391047,15,1,98
executed_action_flow,0.48919070371024653,3.2021303917097845,2.7129396879995378,2.004592550679256,3.2377360316935575,1.2331434810143014,True,,,5,1,10817,15,3,0.0813140943646431,5.547029079375441,2.8282632746329566,-2.718765804742484,20,1,98
executed_action_flow,0.03339510492237062,3.798703019480793,3.7653079145584227,1.0538166571751952,4.253757534224687,3.1999408770494915,True,,,5,1,10817,20,4,0.10756364464759827,0.40822998058335547,1.8663390808379081,1.4581091002545525,25,1,98
executed_action_flow,0.017513710056319423,4.24672927808778,4.22921556803146,0.5803245822986116,5.1318827854413005,4.551558203142688,True,,,5,1,10817,25,5,0.164570152759552,5.042844945027059,14.932923124451422,9.890078179424364,30,1,98
executed_action_flow,0.144488131772628,1.901768241671492,1.757280109898864,1.6854221474146476,0.1676633279962788,-1.5177588194183689,True,,,10,2,10817,5,1,0.020534956827759743,3.0496314953232186,6.471332785363592,3.4217012900403736,15,1,98
executed_action_flow,0.48919070371024653,2.8148484204863067,2.3256577167760604,2.004592550679256,0.8037396211622146,-1.2008529295170414,True,,,10,2,10817,10,2,0.04296834394335747,5.547029079375441,5.57805444686083,0.03102536748538931,20,1,98
executed_action_flow,0.03339510492237062,3.2822450955794493,3.248849990657079,1.0538166571751952,2.349525916426433,1.2957092592512376,True,,,10,2,10817,15,3,0.07029473781585693,0.40822998058335547,2.522627942518576,2.1143979619352207,25,1,98
executed_action_flow,0.017513710056319423,3.784513301480092,3.7669995914237724,0.5803245822986116,3.9020884906955215,3.32176390839691,True,,,10,2,10817,20,4,0.12747882306575775,5.042844945027059,15.313145172535819,10.27030022750876,30,1,98
executed_action_flow,0.10125303432644729,4.876848379967306,4.775595345640859,1.5122831317431993,4.258023038512697,2.745739906769497,True,,,10,2,10817,25,5,0.2297690510749817,6.948363528449063,18.38487958071323,11.436516052264166,35,1,98
executed_action_flow,0.48919070371024653,0.6537116802971571,0.16452097658691056,2.004592550679256,0.7190659947455663,-1.2855265559336897,True,,,15,3,10817,5,1,0.012193095870316029,5.547029079375441,6.733293733361514,1.1862646539860737,20,1,98
executed_action_flow,0.03339510492237062,1.4267627358429553,1.3933676309205847,1.0538166571751952,3.287589543439407,2.2337728862642114,True,,,15,3,10817,10,2,0.027059243991971016,0.40822998058335547,9.475709549867343,9.067479569283988,25,1,98
executed_action_flow,0.017513710056319423,2.285723910769174,2.268210200712854,0.5803245822986116,2.704367922912242,2.1240433406136305,True,,,15,3,10817,15,3,0.07133645564317703,5.042844945027059,13.733482298608788,8.690637353581728,30,1,98
executed_action_flow,0.10125303432644729,3.4435844090589054,3.342331374732458,1.5122831317431993,2.3697237851349526,0.8574406533917533,True,,,15,3,10817,20,4,0.14910222589969635,6.948363528449063,13.420208924412092,6.4718453959630295,35,1,98
executed_action_flow,0.15392745320558562,6.129505073747644,5.975577620542059,0.9659887583239546,4.648357297586335,3.6823685392623804,True,,,15,3,10817,25,5,0.18777243793010712,3.1373122182222297,22.715313387984935,19.578001169762704,40,1,98
executed_action_flow,0.03339510492237062,0.7276279874950351,0.6942328825726645,1.0538166571751952,4.167100413907333,3.1132837567321374,True,,,20,4,10817,5,1,0.009924405254423618,0.40822998058335547,14.665032271866389,14.256802291283034,25,1,98
executed_action_flow,0.017513710056319423,2.026658250645175,2.0091445405888555,0.5803245822986116,3.886288772435765,3.3059641901371535,True,,,20,4,10817,10,2,0.036831680685281754,5.042844945027059,14.758038144622212,9.715193199595152,30,1,98
executed_action_flow,0.10125303432644729,3.0155740198146415,2.914320985488194,1.5122831317431993,2.415810864919867,0.9035277331766676,True,,,20,4,10817,15,3,0.09290792793035507,6.948363528449063,10.028705285853256,3.0803417574041934,35,1,98
executed_action_flow,0.15392745320558562,5.199889006952229,5.045961553746643,0.9659887583239546,3.086525600782315,2.1205368424583604,True,,,20,4,10817,20,4,0.1314888447523117,3.1373122182222297,19.977264253900522,16.83995203567829,40,1,98
executed_action_flow,0.14654060361821683,8.357697196113394,8.211156592495177,1.6069396615782725,7.365896157783569,5.758956496205296,True,,,20,4,10817,25,5,0.2802269756793976,3.207148996271835,28.185571218303824,24.978422222031988,45,1,98
executed_action_flow,0.017513710056319423,1.027063480708394,1.0095497706520746,0.5803245822986116,3.152859748933529,2.572535166634917,True,,,25,5,10817,5,1,0.029751406982541084,5.042844945027059,13.161184085182786,8.118339140155726,30,1,98
executed_action_flow,0.10125303432644729,2.72816990482426,2.6269168704978125,1.5122831317431993,3.0936094794075935,1.5813263476643942,True,,,25,5,10817,10,2,0.08849227428436279,6.948363528449063,14.069983023134395,7.121619494685332,35,1,98
executed_action_flow,0.15392745320558562,5.645333454052951,5.491406000847365,0.9659887583239546,3.7270377639612446,2.76104900563729,True,,,25,5,10817,15,3,0.15340612828731537,3.1373122182222297,22.33197754192716,19.19466532370493,40,1,98
executed_action_flow,0.14654060361821683,9.093387116899223,8.946846513281006,1.6069396615782725,7.5195590472240825,5.91261938564581,True,,,25,5,10817,20,4,0.3453199863433838,3.207148996271835,31.9988915828455,28.791742586573662,45,1,98
executed_action_flow,0.3827503256061155,17.040976869731786,16.65822654412567,1.4806154055072585,18.358016701037283,16.877401295530024,True,,,25,5,10817,25,5,0.9082143902778625,1.0312090017610784,22.344441734221874,21.313232732460797,50,1,98
executed_action_flow,0.06455894803496053,0.558163058973442,0.49360411093848144,6.93415261140289,7.3095447946598675,0.3753921832569773,True,,,0,0,17449,5,1,0.006704939994961023,13.236156825158265,22.13101281690565,8.894855991747384,5,1,30
executed_action_flow,0.18102733376201796,0.4259852381553553,0.2449579043933373,6.793684082775383,6.581334194693705,-0.2123498880816781,True,,,0,0,17449,10,2,0.010020733810961246,14.256131868650884,22.889455768120666,8.633323899469781,10,1,30
executed_action_flow,0.0022403020477641824,0.8326273805812344,0.8303870785334703,10.65167994341473,8.6769282921845,-1.9747516512302283,True,,,0,0,17449,15,3,0.026518821716308594,12.584792529637733,30.760518588160522,18.17572605852279,15,1,30
executed_action_flow,0.20739186395826717,0.8923505546838258,0.6849586907255587,8.983649969959657,10.939397010121251,1.9557470401615937,True,,,0,0,17449,20,4,0.03843636438250542,6.954804972193005,27.386515579573945,20.43171060738094,20,1,30
executed_action_flow,0.7648135671409152,1.3359813062940615,0.5711677391531463,12.698494307851185,7.8850764237489575,-4.813417884102227,True,,,0,0,17449,25,5,0.12792366743087769,2.2723420523111217,24.63471535267788,22.36237330036676,25,1,30
executed_action_flow,0.18102733376201796,0.1347732927026916,-0.04625404105932637,6.793684082775383,7.355785978973312,0.5621018961979294,True,,,5,1,17449,5,1,0.004238059278577566,14.256131868650884,15.877470731982685,1.6213388633318004,10,1,30
executed_action_flow,0.0022403020477641824,0.03751139892171003,0.03527109687394585,10.65167994341473,9.774939810861946,-0.8767401325527828,True,,,5,1,17449,10,2,0.0203600712120533,12.584792529637733,27.5852897125612,15.000497182923466,15,1,30
executed_action_flow,0.20739186395826717,0.16575503077786943,-0.041636833180397737,8.983649969959657,10.665674759275616,1.6820247893159586,True,,,5,1,17449,15,3,0.028943447396159172,6.954804972193005,26.727964449544235,19.77315947735123,20,1,30
executed_action_flow,0.7648135671409152,2.3821750418432543,1.617361474702339,12.698494307851185,7.590676035054094,-5.107818272797091,True,,,5,1,17449,20,4,0.09891042113304138,2.2723420523111217,23.070622073454555,20.798280021143434,25,1,30
executed_action_flow,2.7851714940193193,9.048232962741055,6.263061468721736,9.74389777581006,14.54707055689598,4.8031727810859195,True,,,5,1,17449,25,5,0.23535747826099396,9.077013689453333,21.702372965931833,12.6253592764785,30,1,30
executed_action_flow,0.0022403020477641824,0.4477598812293559,0.4455195791815917,10.65167994341473,10.118168847772145,-0.5335110956425844,True,,,10,2,17449,5,1,0.013595002703368664,12.584792529637733,27.23471357320311,14.649921043565376,15,1,30
executed_action_flow,0.20739186395826717,0.33487051462738515,0.12747865066911798,8.983649969959657,10.899136123442895,1.9154861534832381,True,,,10,2,17449,10,2,0.02133997529745102,6.954804972193005,24.656775971500114,17.701970999307107,20,1,30
executed_action_flow,0.7648135671409152,1.3825358756768684,0.6177223085359532,12.698494307851185,8.401793501158233,-4.296700806692952,True,,,10,2,17449,15,3,0.07327910512685776,2.2723420523111217,20.039127934948013,17.766785882636892,25,1,30
executed_action_flow,2.7851714940193193,7.98430805610651,5.19913656208719,9.74389777581006,11.549974763199105,1.8060769873890443,True,,,10,2,17449,20,4,0.18357639014720917,9.077013689453333,18.940229349359893,9.86321565990656,30,1,30
executed_action_flow,3.8399653962495366,21.512046608029827,17.67208121178029,2.9239798098343845,41.715756915748365,38.79177710591398,True,,,10,2,17449,25,5,0.6163644194602966,7.914383764035405,28.298626429825426,20.38424266579002,35,1,30
executed_action_flow,0.20739186395826717,0.30765904097405433,0.10026717701578716,8.983649969959657,10.371937216612421,1.388287246652764,True,,,15,3,17449,5,1,0.0035557064693421125,6.954804972193005,10.518916011007581,3.564111038814576,20,1,30
executed_action_flow,0.7648135671409152,0.364981683849234,-0.3998318832916812,12.698494307851185,9.974933426478067,-2.7235608813731176,True,,,15,3,17449,10,2,0.014941810630261898,2.2723420523111217,6.744182819730386,4.471840767419264,25,1,30
executed_action_flow,2.7851714940193193,2.7364278299755926,-0.04874366404372665,9.74389777581006,3.982784924106696,-5.7611128517033645,True,,,15,3,17449,15,3,0.03815716877579689,9.077013689453333,7.007368084384616,-2.0696456050687164,30,1,30
executed_action_flow,3.8399653962495366,14.299503448279763,10.459538052030226,2.9239798098343845,16.56492932937974,13.640949519545355,True,,,15,3,17449,20,4,0.18735603988170624,7.914383764035405,17.560351622779294,9.645967858743889,35,1,30
executed_action_flow,4.802048980708019,14.35116699916174,9.54911801845372,7.317695626054985,18.73246567421396,11.414770048158974,True,,,15,3,17449,25,5,0.2268422394990921,3.5752346292688464,8.355029084743556,4.779794455474709,40,1,30
executed_action_flow,0.7648135671409152,0.5118034302478282,-0.25301013689308705,12.698494307851185,8.648535285980113,-4.0499590218710715,True,,,20,4,17449,5,1,0.009348630905151367,2.2723420523111217,3.4526967709366967,1.180354718625575,25,1,30
executed_action_flow,2.7851714940193193,1.224934287408451,-1.5602372066108683,9.74389777581006,6.143806338082359,-3.600091437727701,True,,,20,4,17449,10,2,0.020451465621590614,9.077013689453333,5.55335652798287,-3.523657161470463,30,1,30
executed_action_flow,3.8399653962495366,11.795064324932849,7.955098928683312,2.9239798098343845,11.859999474649777,8.936019664815394,True,,,20,4,17449,15,3,0.11431411653757095,7.914383764035405,17.5654322676815,9.651048503646097,35,1,30
executed_action_flow,4.802048980708019,12.134497405925801,7.332448425217782,7.317695626054985,14.040490451139577,6.722794825084592,True,,,20,4,17449,20,4,0.15022949874401093,3.5752346292688464,10.265720409963299,6.690485780694452,40,1,30
executed_action_flow,4.8734816603689515,12.194630391378594,7.321148731009642,12.634715403634418,13.096860563207096,0.4621451595726782,True,,,20,4,17449,25,5,0.18297666311264038,15.010247280869159,19.241017201270722,4.230769920401563,45,1,30
executed_action_flow,2.7851714940193193,0.680650172828475,-2.1045213211908442,9.74389777581006,14.958733465007292,5.214835689197232,True,,,25,5,17449,5,1,0.02227245271205902,9.077013689453333,1.2672224428085186,-7.809791246644814,30,1,30
executed_action_flow,3.8399653962495366,9.96451898585607,6.124553589606534,2.9239798098343845,5.801443518290184,2.8774637084557995,True,,,25,5,17449,10,2,0.048544418066740036,7.914383764035405,16.965663268499164,9.051279504463759,35,1,30
executed_action_flow,4.802048980708019,10.407661659206498,5.605612678498479,7.317695626054985,6.973807129600263,-0.3438884964547224,True,,,25,5,17449,15,3,0.07285037636756897,3.5752346292688464,13.26030594152227,9.685071312253424,40,1,30
executed_action_flow,4.8734816603689515,10.775836176226866,5.9023545158579145,12.634715403634418,6.85660302389076,-5.778112379743658,True,,,25,5,17449,20,4,0.0996001735329628,15.010247280869159,20.553974019075095,5.543726738205937,45,1,30
executed_action_flow,4.479760314862032,11.630893898042421,7.151133583180389,9.222854523517132,13.605151625426712,4.382297101909581,True,,,25,5,17449,25,5,0.134014293551445,3.289052273281328,7.6910479156380385,4.40199564235671,50,1,30
decision_forecast,2.1761496209848095,2.6276524458793324,0.451502824894523,7.014074097322269,8.825878560843284,1.8118044635210149,True,42,,0,0,2012,5,1,0.008683525957167149,2.5052718988832465,8.394932708543415,5.889660809660168,5,1,11
decision_forecast,,,,,,,False,42,counterfactual branch intentionally excluded from error aggregates,0,0,2012,10,2,,,,,10,1,11
decision_forecast,,,,,,,False,42,counterfactual branch intentionally excluded from error aggregates,0,0,2012,15,3,,,,,15,1,11
decision_forecast,,,,,,,False,42,counterfactual branch intentionally excluded from error aggregates,0,0,2012,20,4,,,,,20,1,11
decision_forecast,,,,,,,False,42,counterfactual branch intentionally excluded from error aggregates,0,0,2012,25,5,,,,,25,1,11
decision_forecast,3.2484418640522015,3.694909880129321,0.4464680160771195,4.339272745256575,15.160691187119935,10.821418441863361,True,42,,5,1,2012,5,1,0.02213560976088047,5.891281307419784,10.641817220880801,4.750535913461017,10,1,11
decision_forecast,,,,,,,False,42,counterfactual branch intentionally excluded from error aggregates,5,1,2012,10,2,,,,,15,1,11
decision_forecast,,,,,,,False,42,counterfactual branch intentionally excluded from error aggregates,5,1,2012,15,3,,,,,20,1,11
decision_forecast,,,,,,,False,42,counterfactual branch intentionally excluded from error aggregates,5,1,2012,20,4,,,,,25,1,11
decision_forecast,,,,,,,False,42,counterfactual branch intentionally excluded from error aggregates,5,1,2012,25,5,,,,,30,1,11
decision_forecast,0.2930110968907434,1.387671854790347,1.0946607578996037,7.013062871667191,5.923936599858194,-1.089126271808997,True,42,,10,2,2012,5,1,0.012409386225044727,12.452937854707427,11.523336597133051,-0.929601257574376,15,1,11
decision_forecast,,,,,,,False,42,counterfactual branch intentionally excluded from error aggregates,10,2,2012,10,2,,,,,20,1,11
decision_forecast,,,,,,,False,42,counterfactual branch intentionally excluded from error aggregates,10,2,2012,15,3,,,,,25,1,11
decision_forecast,,,,,,,False,42,counterfactual branch intentionally excluded from error aggregates,10,2,2012,20,4,,,,,30,1,11
decision_forecast,,,,,,,False,42,counterfactual branch intentionally excluded from error aggregates,10,2,2012,25,5,,,,,35,1,11
decision_forecast,1.3780799140857949,4.211324344077124,2.8332444299913293,8.001041660078817,11.963361709663372,3.962320049584555,True,42,,15,3,2012,5,1,0.015800250694155693,6.366577817603156,2.4177343515695684,-3.948843466033588,20,1,11
decision_forecast,,,,,,,False,42,counterfactual branch intentionally excluded from error aggregates,15,3,2012,10,2,,,,,25,1,11
decision_forecast,,,,,,,False,42,counterfactual branch intentionally excluded from error aggregates,15,3,2012,15,3,,,,,30,1,11
decision_forecast,,,,,,,False,42,counterfactual branch intentionally excluded from error aggregates,15,3,2012,20,4,,,,,35,1,11
decision_forecast,,,,,,,False,42,counterfactual branch intentionally excluded from error aggregates,15,3,2012,25,5,,,,,40,1,11
decision_forecast,4.226487364034552,4.330552126228866,0.10406476219431404,15.38162443891341,16.623679774844096,1.2420553359306865,True,42,,20,4,2012,5,1,0.007060765754431486,4.210267030435831,5.40805419591167,1.1977871654758392,25,1,11
decision_forecast,,,,,,,False,42,counterfactual branch intentionally excluded from error aggregates,20,4,2012,10,2,,,,,30,1,11
decision_forecast,,,,,,,False,42,counterfactual branch intentionally excluded from error aggregates,20,4,2012,15,3,,,,,35,1,11
decision_forecast,,,,,,,False,42,counterfactual branch intentionally excluded from error aggregates,20,4,2012,20,4,,,,,40,1,11
decision_forecast,,,,,,,False,42,counterfactual branch intentionally excluded from error aggregates,20,4,2012,25,5,,,,,45,1,11
decision_forecast,4.6902845294350985,4.719681663622834,0.02939713418773504,14.910056710285893,19.233229082364645,4.323172372078751,True,42,,25,5,2012,5,1,0.0065023940987885,7.925614665543333,12.11762261271391,4.192007947170578,30,1,11
decision_forecast,,,,,,,False,42,counterfactual branch intentionally excluded from error aggregates,25,5,2012,10,2,,,,,35,1,11
decision_forecast,,,,,,,False,42,counterfactual branch intentionally excluded from error aggregates,25,5,2012,15,3,,,,,40,1,11
decision_forecast,,,,,,,False,42,counterfactual branch intentionally excluded from error aggregates,25,5,2012,20,4,,,,,45,1,11
decision_forecast,,,,,,,False,42,counterfactual branch intentionally excluded from error aggregates,25,5,2012,25,5,,,,,50,1,11
decision_forecast,5.433709639455966,6.024357078121989,0.5906474386660232,14.813698701297682,19.935167565680537,5.121468864382855,True,42,,30,6,2012,5,1,0.0051202899776399136,17.95705560776439,10.43686045290684,-7.520195154857548,35,1,11
decision_forecast,,,,,,,False,42,counterfactual branch intentionally excluded from error aggregates,30,6,2012,10,2,,,,,40,1,11
decision_forecast,,,,,,,False,42,counterfactual branch intentionally excluded from error aggregates,30,6,2012,15,3,,,,,45,1,11
decision_forecast,,,,,,,False,42,counterfactual branch intentionally excluded from error aggregates,30,6,2012,20,4,,,,,50,1,11
decision_forecast,3.412683984805873,3.898966132954101,0.486282148148228,14.105538624150563,17.926396697062003,3.82085807291144,True,42,,35,7,2012,5,1,0.016566598787903786,2.8045448647846425,12.216813007101422,9.41226814231678,40,1,11
decision_forecast,,,,,,,False,42,counterfactual branch intentionally excluded from error aggregates,35,7,2012,10,2,,,,,45,1,11
decision_forecast,,,,,,,False,42,counterfactual branch intentionally excluded from error aggregates,35,7,2012,15,3,,,,,50,1,11
decision_forecast,5.638997805149869,4.045487351029214,-1.593510454120655,14.494204900540124,15.936034762261412,1.4418298617212884,True,42,,40,8,2012,5,1,0.007801384199410677,19.02312316382315,10.893749491099852,-8.129373672723299,45,1,11
decision_forecast,,,,,,,False,42,counterfactual branch intentionally excluded from error aggregates,40,8,2012,10,2,,,,,50,1,11
decision_forecast,3.8152006929730646,4.794649819952893,0.9794491269798282,14.036865652101644,20.0444669304336,6.007601278331956,True,42,,45,9,2012,5,1,0.019696494564414024,8.58250859931234,20.61354411570067,12.03103551638833,50,1,11
decision_forecast,0.6519177593570628,0.7246046325043384,0.07268687314727562,3.9253887193212704,3.733694334406599,-0.19169438491467128,True,42,,0,0,11734,5,1,0.010965131223201752,1.3296763111354104,3.0026838962617903,1.67300758512638,5,1,63
decision_forecast,,,,,,,False,42,counterfactual branch intentionally excluded from error aggregates,0,0,11734,10,2,,,,,10,1,63
decision_forecast,,,,,,,False,42,counterfactual branch intentionally excluded from error aggregates,0,0,11734,15,3,,,,,15,1,63
decision_forecast,,,,,,,False,42,counterfactual branch intentionally excluded from error aggregates,0,0,11734,20,4,,,,,20,1,63
decision_forecast,,,,,,,False,42,counterfactual branch intentionally excluded from error aggregates,0,0,11734,25,5,,,,,25,1,63
decision_forecast,1.5181599159385148,1.6298335088682234,0.11167359292970858,8.400821749036112,13.652507513749182,5.25168576471307,True,42,,5,1,11734,5,1,0.003246965818107128,2.8207252700445355,5.87346210046749,3.0527368304229547,10,1,63
decision_forecast,,,,,,,False,42,counterfactual branch intentionally excluded from error aggregates,5,1,11734,10,2,,,,,15,1,63
decision_forecast,,,,,,,False,42,counterfactual branch intentionally excluded from error aggregates,5,1,11734,15,3,,,,,20,1,63
decision_forecast,,,,,,,False,42,counterfactual branch intentionally excluded from error aggregates,5,1,11734,20,4,,,,,25,1,63
decision_forecast,,,,,,,False,42,counterfactual branch intentionally excluded from error aggregates,5,1,11734,25,5,,,,,30,1,63
decision_forecast,2.4842252872397035,2.891096241002778,0.40687095376307436,12.72155479368162,18.48939750360135,5.76784270991973,True,42,,10,2,11734,5,1,0.0027443410363048315,15.199938835809654,24.532068773575467,9.332129937765814,15,1,63
decision_forecast,,,,,,,False,42,counterfactual branch intentionally excluded from error aggregates,10,2,11734,10,2,,,,,20,1,63
decision_forecast,,,,,,,False,42,counterfactual branch intentionally excluded from error aggregates,10,2,11734,15,3,,,,,25,1,63
decision_forecast,,,,,,,False,42,counterfactual branch intentionally excluded from error aggregates,10,2,11734,20,4,,,,,30,1,63
decision_forecast,,,,,,,False,42,counterfactual branch intentionally excluded from error aggregates,10,2,11734,25,5,,,,,35,1,63
decision_forecast,2.7178177568541395,3.3306154989985135,0.612797742144374,15.947931834381441,22.719316658802487,6.771384824421046,True,42,,15,3,11734,5,1,0.005785266403108835,16.9226278834958,33.83462475327048,16.911996869774683,20,1,63
decision_forecast,,,,,,,False,42,counterfactual branch intentionally excluded from error aggregates,15,3,11734,10,2,,,,,25,1,63
decision_forecast,,,,,,,False,42,counterfactual branch intentionally excluded from error aggregates,15,3,11734,15,3,,,,,30,1,63
decision_forecast,,,,,,,False,42,counterfactual branch intentionally excluded from error aggregates,15,3,11734,20,4,,,,,35,1,63
decision_forecast,,,,,,,False,42,counterfactual branch intentionally excluded from error aggregates,15,3,11734,25,5,,,,,40,1,63
decision_forecast,1.8117282766548328,2.0493027465553864,0.23757446990055353,18.231199501254753,21.39431163117691,3.1631121299221583,True,42,,20,4,11734,5,1,0.004455899354070425,18.6286484442062,15.095772837241318,-3.532875606964881,25,1,63
decision_forecast,,,,,,,False,42,counterfactual branch intentionally excluded from error aggregates,20,4,11734,10,2,,,,,30,1,63
decision_forecast,,,,,,,False,42,counterfactual branch intentionally excluded from error aggregates,20,4,11734,15,3,,,,,35,1,63
decision_forecast,,,,,,,False,42,counterfactual branch intentionally excluded from error aggregates,20,4,11734,20,4,,,,,40,1,63
decision_forecast,,,,,,,False,42,counterfactual branch intentionally excluded from error aggregates,20,4,11734,25,5,,,,,45,1,63
decision_forecast,2.3353271633334254,2.7433319284987223,0.40800476516529693,18.47708450038027,21.91504976535778,3.4379652649775103,True,42,,25,5,11734,5,1,0.006898911204189062,26.25691047790201,31.34901123886922,5.0921007609672095,30,1,63
decision_forecast,,,,,,,False,42,counterfactual branch intentionally excluded from error aggregates,25,5,11734,10,2,,,,,35,1,63
decision_forecast,,,,,,,False,42,counterfactual branch intentionally excluded from error aggregates,25,5,11734,15,3,,,,,40,1,63
decision_forecast,,,,,,,False,42,counterfactual branch intentionally excluded from error aggregates,25,5,11734,20,4,,,,,45,1,63
decision_forecast,,,,,,,False,42,counterfactual branch intentionally excluded from error aggregates,25,5,11734,25,5,,,,,50,1,63
decision_forecast,2.0558938791044485,1.8961255091340954,-0.15976836997035315,18.31768795180405,20.872753535886684,2.5550655840826337,True,42,,30,6,11734,5,1,0.004575125873088837,18.079083062704324,24.018504199584832,5.939421136880508,35,1,63
decision_forecast,,,,,,,False,42,counterfactual branch intentionally excluded from error aggregates,30,6,11734,10,2,,,,,40,1,63
decision_forecast,,,,,,,False,42,counterfactual branch intentionally excluded from error aggregates,30,6,11734,15,3,,,,,45,1,63
decision_forecast,,,,,,,False,42,counterfactual branch intentionally excluded from error aggregates,30,6,11734,20,4,,,,,50,1,63
decision_forecast,2.1516667916463676,4.835511078827423,2.6838442871810555,17.142390229999723,30.60873072923157,13.466340499231848,True,42,,35,7,11734,5,1,0.012498964555561543,55.092705386408994,66.2298186242802,11.137113237871205,40,1,63
decision_forecast,,,,,,,False,42,counterfactual branch intentionally excluded from error aggregates,35,7,11734,10,2,,,,,45,1,63
decision_forecast,,,,,,,False,42,counterfactual branch intentionally excluded from error aggregates,35,7,11734,15,3,,,,,50,1,63
decision_forecast,2.660054847043342,2.7943022151799424,0.13424736813660054,16.772888209024366,22.309645758249086,5.5367575492247205,True,42,,40,8,11734,5,1,0.006796152796596289,54.21659636262784,57.04100802300318,2.8244116603753397,45,1,63
decision_forecast,,,,,,,False,42,counterfactual branch intentionally excluded from error aggregates,40,8,11734,10,2,,,,,50,1,63
decision_forecast,2.009947196557773,1.6382756226823592,-0.37167157387541394,18.75877874460516,22.49607221602551,3.737293471420351,True,42,,45,9,11734,5,1,0.007953166030347347,29.178049453633726,29.48500379895135,0.30695434531762444,50,1,63
decision_forecast,0.32590482525469217,2.529759700687204,2.203854875432512,4.408190354056997,1.3350247088772056,-3.0731656451797917,True,42,,0,0,12678,5,1,0.014084936119616032,3.2034137848810915,2.380168117089714,-0.8232456677913773,5,1,14
decision_forecast,,,,,,,False,42,counterfactual branch intentionally excluded from error aggregates,0,0,12678,10,2,,,,,10,1,14
decision_forecast,,,,,,,False,42,counterfactual branch intentionally excluded from error aggregates,0,0,12678,15,3,,,,,15,1,14
decision_forecast,,,,,,,False,42,counterfactual branch intentionally excluded from error aggregates,0,0,12678,20,4,,,,,20,1,14
decision_forecast,,,,,,,False,42,counterfactual branch intentionally excluded from error aggregates,0,0,12678,25,5,,,,,25,1,14
decision_forecast,0.05558767683900979,1.4091023589983416,1.3535146821593318,5.131068032337441,1.2856576271737923,-3.8454104051636486,True,42,,5,1,12678,5,1,0.02304445393383503,20.462605329423443,21.286358758827948,0.8237534294045048,10,1,14
decision_forecast,,,,,,,False,42,counterfactual branch intentionally excluded from error aggregates,5,1,12678,10,2,,,,,15,1,14
decision_forecast,,,,,,,False,42,counterfactual branch intentionally excluded from error aggregates,5,1,12678,15,3,,,,,20,1,14
decision_forecast,,,,,,,False,42,counterfactual branch intentionally excluded from error aggregates,5,1,12678,20,4,,,,,25,1,14
decision_forecast,,,,,,,False,42,counterfactual branch intentionally excluded from error aggregates,5,1,12678,25,5,,,,,30,1,14
decision_forecast,0.5929084135601579,0.823830279209119,0.2309218656489611,0.2523117793197636,4.945169379766704,4.69285760044694,True,42,,10,2,12678,5,1,0.0021681813523173332,33.500270708018405,35.80627373036,2.306003022341592,15,1,14
decision_forecast,,,,,,,False,42,counterfactual branch intentionally excluded from error aggregates,10,2,12678,10,2,,,,,20,1,14
decision_forecast,,,,,,,False,42,counterfactual branch intentionally excluded from error aggregates,10,2,12678,15,3,,,,,25,1,14
decision_forecast,,,,,,,False,42,counterfactual branch intentionally excluded from error aggregates,10,2,12678,20,4,,,,,30,1,14
decision_forecast,,,,,,,False,42,counterfactual branch intentionally excluded from error aggregates,10,2,12678,25,5,,,,,35,1,14
decision_forecast,1.3618716008877034,1.2750974625772764,-0.08677413831042702,4.164272602925095,8.030782204129894,3.8665096012047986,True,42,,15,3,12678,5,1,0.0030157517176121473,22.006054113255495,23.618627324361288,1.6125732111057935,20,1,14
decision_forecast,,,,,,,False,42,counterfactual branch intentionally excluded from error aggregates,15,3,12678,10,2,,,,,25,1,14
decision_forecast,,,,,,,False,42,counterfactual branch intentionally excluded from error aggregates,15,3,12678,15,3,,,,,30,1,14
decision_forecast,,,,,,,False,42,counterfactual branch intentionally excluded from error aggregates,15,3,12678,20,4,,,,,35,1,14
decision_forecast,,,,,,,False,42,counterfactual branch intentionally excluded from error aggregates,15,3,12678,25,5,,,,,40,1,14
decision_forecast,0.12095222263830978,2.0928999175649983,1.9719476949266885,0.823535226012594,5.052921770992497,4.229386544979903,True,42,,20,4,12678,5,1,0.01317670475691557,10.131133072311691,10.693470759473488,0.5623376871617971,25,1,14
decision_forecast,,,,,,,False,42,counterfactual branch intentionally excluded from error aggregates,20,4,12678,10,2,,,,,30,1,14
decision_forecast,,,,,,,False,42,counterfactual branch intentionally excluded from error aggregates,20,4,12678,15,3,,,,,35,1,14
decision_forecast,,,,,,,False,42,counterfactual branch intentionally excluded from error aggregates,20,4,12678,20,4,,,,,40,1,14
decision_forecast,,,,,,,False,42,counterfactual branch intentionally excluded from error aggregates,20,4,12678,25,5,,,,,45,1,14
decision_forecast,0.47257414076287324,3.8580359500551484,3.3854618092922752,4.879446674967123,4.270069333341911,-0.609377341625212,True,42,,25,5,12678,5,1,0.02611234225332737,9.397671836470936,3.7160136335168326,-5.681658202954104,30,1,14
decision_forecast,,,,,,,False,42,counterfactual branch intentionally excluded from error aggregates,25,5,12678,10,2,,,,,35,1,14
decision_forecast,,,,,,,False,42,counterfactual branch intentionally excluded from error aggregates,25,5,12678,15,3,,,,,40,1,14
decision_forecast,,,,,,,False,42,counterfactual branch intentionally excluded from error aggregates,25,5,12678,20,4,,,,,45,1,14
decision_forecast,,,,,,,False,42,counterfactual branch intentionally excluded from error aggregates,25,5,12678,25,5,,,,,50,1,14
decision_forecast,0.9499599675171595,3.3614060653143514,2.411446097797192,9.063327444499153,14.841560462709163,5.77823301821001,True,42,,30,6,12678,5,1,0.034456465393304825,65.55023109562741,52.13536811656883,-13.414862979058583,35,1,14
decision_forecast,,,,,,,False,42,counterfactual branch intentionally excluded from error aggregates,30,6,12678,10,2,,,,,40,1,14
decision_forecast,,,,,,,False,42,counterfactual branch intentionally excluded from error aggregates,30,6,12678,15,3,,,,,45,1,14
decision_forecast,,,,,,,False,42,counterfactual branch intentionally excluded from error aggregates,30,6,12678,20,4,,,,,50,1,14
decision_forecast,0.9307329850035736,1.0646354285870885,0.13390244358351489,8.147348282492636,8.450223549646594,0.30287526715395785,True,42,,35,7,12678,5,1,0.01352835725992918,22.585522094986135,42.98991525121231,20.404393156226174,40,1,14
decision_forecast,,,,,,,False,42,counterfactual branch intentionally excluded from error aggregates,35,7,12678,10,2,,,,,45,1,14
decision_forecast,,,,,,,False,42,counterfactual branch intentionally excluded from error aggregates,35,7,12678,15,3,,,,,50,1,14
decision_forecast,0.03580025425576082,0.7203153472429907,0.6845150929872299,2.2892512473742355,2.98344877935963,0.6941975319853944,True,42,,40,8,12678,5,1,0.02184887044131756,2.8897125394823844,23.91502030033589,21.025307760853504,45,1,14
decision_forecast,,,,,,,False,42,counterfactual branch intentionally excluded from error aggregates,40,8,12678,10,2,,,,,50,1,14
decision_forecast,0.1197675493750346,3.8651291015082068,3.745361552133172,4.879716535367109,7.998458479152422,3.118741943785313,True,42,,45,9,12678,5,1,0.040863215923309326,7.656821107129547,7.540583345761419,-0.11623776136812758,50,1,14
decision_forecast,6.555369678568118,7.371659246654682,0.8162895680865638,4.374239787002658,4.679436926634061,0.30519713963140305,True,42,,0,0,16653,5,1,0.0030429773032665253,16.607890891466017,21.302266047165467,4.694375155699451,5,1,3
decision_forecast,,,,,,,False,42,counterfactual branch intentionally excluded from error aggregates,0,0,16653,10,2,,,,,10,1,3
decision_forecast,,,,,,,False,42,counterfactual branch intentionally excluded from error aggregates,0,0,16653,15,3,,,,,15,1,3
decision_forecast,,,,,,,False,42,counterfactual branch intentionally excluded from error aggregates,0,0,16653,20,4,,,,,20,1,3
decision_forecast,,,,,,,False,42,counterfactual branch intentionally excluded from error aggregates,0,0,16653,25,5,,,,,25,1,3
decision_forecast,6.681291046106473,9.12802873134512,2.446737685238647,3.681579633765354,1.3608763648457978,-2.3207032689195564,True,42,,5,1,16653,5,1,0.0036402351688593626,11.232873865370646,18.684501289127482,7.451627423756836,10,1,3
decision_forecast,,,,,,,False,42,counterfactual branch intentionally excluded from error aggregates,5,1,16653,10,2,,,,,15,1,3
decision_forecast,,,,,,,False,42,counterfactual branch intentionally excluded from error aggregates,5,1,16653,15,3,,,,,20,1,3
decision_forecast,,,,,,,False,42,counterfactual branch intentionally excluded from error aggregates,5,1,16653,20,4,,,,,25,1,3
decision_forecast,,,,,,,False,42,counterfactual branch intentionally excluded from error aggregates,5,1,16653,25,5,,,,,30,1,3
decision_forecast,8.27083999050852,7.513781822904307,-0.757058167604213,14.61226644567871,5.376683265549349,-9.23558318012936,True,42,,10,2,16653,5,1,0.03607705980539322,97.5327153322316,63.714793769710774,-33.81792156252083,15,1,3
decision_forecast,,,,,,,False,42,counterfactual branch intentionally excluded from error aggregates,10,2,16653,10,2,,,,,20,1,3
decision_forecast,,,,,,,False,42,counterfactual branch intentionally excluded from error aggregates,10,2,16653,15,3,,,,,25,1,3
decision_forecast,,,,,,,False,42,counterfactual branch intentionally excluded from error aggregates,10,2,16653,20,4,,,,,30,1,3
decision_forecast,,,,,,,False,42,counterfactual branch intentionally excluded from error aggregates,10,2,16653,25,5,,,,,35,1,3
decision_forecast,7.485477518983775,7.825347732083609,0.3398702130998341,34.62858346908938,13.616797824639313,-21.011785644450065,True,42,,15,3,16653,5,1,0.32839712500572205,342.5725080153349,120.17960454385074,-222.39290347148415,20,1,3
decision_forecast,,,,,,,False,42,counterfactual branch intentionally excluded from error aggregates,15,3,16653,10,2,,,,,25,1,3
decision_forecast,,,,,,,False,42,counterfactual branch intentionally excluded from error aggregates,15,3,16653,15,3,,,,,30,1,3
decision_forecast,,,,,,,False,42,counterfactual branch intentionally excluded from error aggregates,15,3,16653,20,4,,,,,35,1,3
decision_forecast,,,,,,,False,42,counterfactual branch intentionally excluded from error aggregates,15,3,16653,25,5,,,,,40,1,3
decision_forecast,7.485477518983775,2.343000772124494,-5.1424767468592805,34.62858346908938,41.66804612397926,7.039462654889881,True,42,,20,4,16653,5,1,0.02939322032034397,371.8105064003142,343.8779870516793,-27.932519348634855,25,1,3
decision_forecast,,,,,,,False,42,counterfactual branch intentionally excluded from error aggregates,20,4,16653,10,2,,,,,30,1,3
decision_forecast,,,,,,,False,42,counterfactual branch intentionally excluded from error aggregates,20,4,16653,15,3,,,,,35,1,3
decision_forecast,,,,,,,False,42,counterfactual branch intentionally excluded from error aggregates,20,4,16653,20,4,,,,,40,1,3
decision_forecast,,,,,,,False,42,counterfactual branch intentionally excluded from error aggregates,20,4,16653,25,5,,,,,45,1,3
decision_forecast,7.485477518983775,7.6749742873166085,0.1894967683328339,34.62858346908938,34.538566701055956,-0.09001676803342207,True,42,,25,5,16653,5,1,0.012560260482132435,420.8304096876415,385.3237670301389,-35.506642657502596,30,1,3
decision_forecast,,,,,,,False,42,counterfactual branch intentionally excluded from error aggregates,25,5,16653,10,2,,,,,35,1,3
decision_forecast,,,,,,,False,42,counterfactual branch intentionally excluded from error aggregates,25,5,16653,15,3,,,,,40,1,3
decision_forecast,,,,,,,False,42,counterfactual branch intentionally excluded from error aggregates,25,5,16653,20,4,,,,,45,1,3
decision_forecast,,,,,,,False,42,counterfactual branch intentionally excluded from error aggregates,25,5,16653,25,5,,,,,50,1,3
decision_forecast,7.485477518983775,11.77989065773759,4.294413138753816,34.62858346908938,9.372692616563482,-25.255890852525894,True,42,,30,6,16653,5,1,0.14229798316955566,492.0132033924328,431.2409417046509,-60.772261687781906,35,1,3
decision_forecast,,,,,,,False,42,counterfactual branch intentionally excluded from error aggregates,30,6,16653,10,2,,,,,40,1,3
decision_forecast,,,,,,,False,42,counterfactual branch intentionally excluded from error aggregates,30,6,16653,15,3,,,,,45,1,3
decision_forecast,,,,,,,False,42,counterfactual branch intentionally excluded from error aggregates,30,6,16653,20,4,,,,,50,1,3
decision_forecast,7.485477518983775,20.770933115088937,13.285455596105162,34.62858346908938,8.705205745846902,-25.923377723242474,True,42,,35,7,16653,5,1,0.18954043090343475,767.9854173611166,579.2783201169981,-188.70709724411847,40,1,3
decision_forecast,,,,,,,False,42,counterfactual branch intentionally excluded from error aggregates,35,7,16653,10,2,,,,,45,1,3
decision_forecast,,,,,,,False,42,counterfactual branch intentionally excluded from error aggregates,35,7,16653,15,3,,,,,50,1,3
decision_forecast,7.485477518983775,11.973512860329112,4.488035341345338,34.62858346908938,26.615803812889446,-8.012779656199932,True,42,,40,8,16653,5,1,0.14697547256946564,960.9588940041629,801.9775867701377,-158.98130723402517,45,1,3
decision_forecast,,,,,,,False,42,counterfactual branch intentionally excluded from error aggregates,40,8,16653,10,2,,,,,50,1,3
decision_forecast,7.485477518983775,12.64142339888632,5.155945879902545,34.62858346908938,13.104998921290356,-21.52358454779902,True,42,,45,9,16653,5,1,0.1747116595506668,1182.1796706240186,995.3984380945436,-186.781232529475,50,1,3
executed_action_flow,2.1761496209848095,2.6276524458793324,0.451502824894523,7.014074097322269,8.825878560843284,1.8118044635210149,True,,,0,0,2012,5,1,0.008683528751134872,2.5052718988832465,8.394932708543415,5.889660809660168,5,1,11
executed_action_flow,3.2484418640522015,2.6993415067082625,-0.549100357343939,4.339272745256575,13.860689052286826,9.52141630703025,True,,,0,0,2012,10,2,0.02295616827905178,5.891281307419784,14.09593902556616,8.204657718146375,10,1,11
executed_action_flow,0.2930110968907434,0.5532766620305165,0.2602655651397731,7.013062871667191,1.6819112829761949,-5.331151588690996,True,,,0,0,2012,15,3,0.03492553159594536,12.452937854707427,17.83225630165973,5.379318446952302,15,1,11
executed_action_flow,1.3780799140857949,4.720665210863315,3.3425852967775196,8.001041660078817,7.054801156975611,-0.9462405031032066,True,,,0,0,2012,20,4,0.028530731797218323,6.366577817603156,6.895674783416674,0.5290969658135181,20,1,11
executed_action_flow,4.226487364034552,6.451517108814587,2.2250297447800342,15.38162443891341,14.683104427486322,-0.6985200114270871,True,,,0,0,2012,25,5,0.03082084096968174,4.210267030435831,19.76250603721424,15.55223900677841,25,1,11
executed_action_flow,3.2484418640522015,3.694909880129321,0.4464680160771195,4.339272745256575,15.160691187119935,10.821418441863361,True,,,5,1,2012,5,1,0.02213560976088047,5.891281307419784,10.641817220880801,4.750535913461017,10,1,11
executed_action_flow,0.2930110968907434,1.1781023673032829,0.8850912704125395,7.013062871667191,4.949471846514063,-2.0635910251531273,True,,,5,1,2012,10,2,0.027893029153347015,12.452937854707427,16.243871345497222,3.7909334907897954,15,1,11
executed_action_flow,1.3780799140857949,3.022543579414745,1.64446366532895,8.001041660078817,7.159067018071869,-0.8419746420069485,True,,,5,1,2012,15,3,0.017213448882102966,6.366577817603156,15.174391063255728,8.807813245652572,20,1,11
executed_action_flow,4.226487364034552,5.002642740558121,0.7761553765235689,15.38162443891341,15.278567354615044,-0.10305708429836535,True,,,5,1,2012,20,4,0.017452193424105644,4.210267030435831,11.382023594379527,7.171756563943696,25,1,11
executed_action_flow,4.6902845294350985,6.842094646312596,2.1518101168774972,14.910056710285893,18.79721182572764,3.8871551154417467,True,,,5,1,2012,25,5,0.02262420393526554,7.925614665543333,13.742167689253032,5.816553023709699,30,1,11
executed_action_flow,0.2930110968907434,1.387671854790347,1.0946607578996037,7.013062871667191,5.923936599858194,-1.089126271808997,True,,,10,2,2012,5,1,0.012409386225044727,12.452937854707427,11.523336597133051,-0.929601257574376,15,1,11
executed_action_flow,1.3780799140857949,5.692245959919289,4.314166045833494,8.001041660078817,11.724784612650334,3.7237429525715164,True,,,10,2,2012,10,2,0.018240464851260185,6.366577817603156,1.0170412664798094,-5.349536551123347,20,1,11
executed_action_flow,4.226487364034552,7.286357470686905,3.059870106652353,15.38162443891341,18.59941048972611,3.217786050812702,True,,,10,2,2012,15,3,0.021696895360946655,4.210267030435831,11.524338473151607,7.314071442715776,25,1,11
executed_action_flow,4.6902845294350985,8.081118282509589,3.3908337530744905,14.910056710285893,21.234103915392954,6.32404720510706,True,,,10,2,2012,20,4,0.02389969490468502,7.925614665543333,18.48431514496845,10.558700479425116,30,1,11
executed_action_flow,5.433709639455966,8.463226385436782,3.029516745980816,14.813698701297682,20.944625609094878,6.130926907797196,True,,,10,2,2012,25,5,0.027132397517561913,17.95705560776439,13.120310937581532,-4.836744670182856,35,1,11
executed_action_flow,1.3780799140857949,4.211324344077124,2.8332444299913293,8.001041660078817,11.963361709663372,3.962320049584555,True,,,15,3,2012,5,1,0.015800245106220245,6.366577817603156,2.4177038924678955,-3.9488739251352607,20,1,11
executed_action_flow,4.226487364034552,6.1282579157762225,1.90177055174167,15.38162443891341,19.257471990641314,3.8758475517279045,True,,,15,3,2012,10,2,0.018799914047122,4.210267030435831,9.442815353170804,5.232548322734973,25,1,11
executed_action_flow,4.6902845294350985,6.779284226705158,2.0889996972700597,14.910056710285893,21.270894496702994,6.3608377864171,True,,,15,3,2012,15,3,0.021952733397483826,7.925614665543333,15.379292418689078,7.453677753145745,30,1,11
executed_action_flow,5.433709639455966,7.102270212176721,1.6685605727207555,14.813698701297682,20.641049431269195,5.8273507299715135,True,,,15,3,2012,20,4,0.0262033399194479,17.95705560776439,9.100259491965916,-8.856796115798472,35,1,11
executed_action_flow,3.412683984805873,5.448708734873314,2.036024750067441,14.105538624150563,22.52525658874818,8.419717964597618,True,,,15,3,2012,25,5,0.024098163470625877,2.8045448647846425,34.836226555584716,32.03168169080007,40,1,11
executed_action_flow,4.226487364034552,4.330552126228866,0.10406476219431404,15.38162443891341,16.623679774844096,1.2420553359306865,True,,,20,4,2012,5,1,0.007060765754431486,4.210267030435831,5.40805419591167,1.1977871654758392,25,1,11
executed_action_flow,4.6902845294350985,5.88573155872741,1.1954470292923114,14.910056710285893,19.837161504609387,4.927104794323494,True,,,20,4,2012,10,2,0.012087778188288212,7.925614665543333,13.477343283791628,5.551728618248295,30,1,11
executed_action_flow,5.433709639455966,6.580798929424588,1.1470892899686218,14.813698701297682,19.836157782158892,5.022459080861211,True,,,20,4,2012,15,3,0.01784554123878479,17.95705560776439,7.292545866606196,-10.664509741158192,35,1,11
executed_action_flow,3.412683984805873,5.075261311813697,1.6625773270078237,14.105538624150563,21.98126335888154,7.875724734730978,True,,,20,4,2012,20,4,0.0226359311491251,2.8045448647846425,35.554738936445645,32.750194071661,40,1,11
executed_action_flow,5.638997805149869,4.23574910054909,-1.403248704600779,14.494204900540124,19.13447993945746,4.640275038917336,True,,,20,4,2012,25,5,0.02360723353922367,19.02312316382315,11.034096880618998,-7.9890262832041525,45,1,11
executed_action_flow,4.6902845294350985,4.719681663622834,0.02939713418773504,14.910056710285893,19.233244318479315,4.323187608193422,True,,,25,5,2012,5,1,0.006502391770482063,7.925614665543333,12.11762261271391,4.192007947170578,30,1,11
executed_action_flow,5.433709639455966,5.661947240761112,0.22823760130514614,14.813698701297682,20.479149775312884,5.665451074015202,True,,,25,5,2012,10,2,0.012907342053949833,17.95705560776439,11.54784441778849,-6.409211189975899,35,1,11
executed_action_flow,3.412683984805873,4.229301401972598,0.8166174171667246,14.105538624150563,22.031003291378003,7.925464667227439,True,,,25,5,2012,15,3,0.017713474109768867,2.8045448647846425,24.436206355194617,21.631661490409975,40,1,11
executed_action_flow,5.638997805149869,3.738948461079042,-1.900049344070827,14.494204900540124,19.79269088372795,5.298485983187826,True,,,25,5,2012,20,4,0.017220042645931244,19.02312316382315,7.810705391254672,-11.212417772568479,45,1,11
executed_action_flow,3.8152006929730646,3.396947228958164,-0.4182534640149007,14.036865652101644,23.149069704470552,9.112204052368908,True,,,25,5,2012,25,5,0.031600404530763626,8.58250859931234,31.138478418899133,22.555969819586792,50,1,11
executed_action_flow,0.6519177593570628,0.7246012174097535,0.07268345805269072,3.9253887193212704,3.733694334406599,-0.19169438491467128,True,,,0,0,11734,5,1,0.010965130291879177,1.3296763111354104,3.0026569439468718,1.6729806328114614,5,1,63
executed_action_flow,1.5181599159385148,1.6712825118464458,0.15312259590793098,8.400821749036112,12.194345757867394,3.793524008831282,True,,,0,0,11734,10,2,0.006374838296324015,2.8207252700445355,3.2457095497400275,0.4249842796954919,10,1,63
executed_action_flow,2.4842252872397035,3.0209108163680405,0.536685529128337,12.72155479368162,19.838279419851112,7.116724626169493,True,,,0,0,11734,15,3,0.006014810875058174,15.199938835809654,23.828394745814737,8.628455910005083,15,1,63
executed_action_flow,2.7178177568541395,3.4560826589570626,0.7382649021029231,15.947931834381441,25.84269046265862,9.89475862827718,True,,,0,0,11734,20,4,0.00822723563760519,16.9226278834958,32.25642279978217,15.333794916286372,20,1,63
executed_action_flow,1.8117282766548328,2.076900125896823,0.2651718492419901,18.231199501254753,25.410098584040025,7.1788990827852714,True,,,0,0,11734,25,5,0.011555696837604046,18.6286484442062,23.914812039889103,5.286163595682904,25,1,63
executed_action_flow,1.5181599159385148,1.6298335088682234,0.11167359292970858,8.400821749036112,13.652507513749182,5.25168576471307,True,,,5,1,11734,5,1,0.0032469655852764845,2.8207252700445355,5.873492579205242,3.052767309160706,10,1,63
executed_action_flow,2.4842252872397035,2.5924906157735754,0.10826532853387194,12.72155479368162,21.949943550952707,9.228388757271087,True,,,5,1,11734,10,2,0.0058063180185854435,15.199938835809654,30.142730780355272,14.942791944545618,15,1,63
executed_action_flow,2.7178177568541395,3.1100379548475368,0.39222019799339725,15.947931834381441,27.62289652933337,11.67496469495193,True,,,5,1,11734,15,3,0.008626483380794525,16.9226278834958,38.45055421861346,21.527926335117662,20,1,63
executed_action_flow,1.8117282766548328,1.6078402997407824,-0.20388797691405047,18.231199501254753,26.71361061659845,8.482411115343698,True,,,5,1,11734,20,4,0.010392383672297001,18.6286484442062,26.744124577462188,8.115476133255989,25,1,63
executed_action_flow,2.3353271633334254,2.643242336401355,0.3079151730679297,18.47708450038027,27.719408527448536,9.242324027068268,True,,,5,1,11734,25,5,0.019422516226768494,26.25691047790201,47.16344071453864,20.906530236636627,30,1,63
executed_action_flow,2.4842252872397035,2.891096241002778,0.40687095376307436,12.72155479368162,18.48939750360135,5.76784270991973,True,,,10,2,11734,5,1,0.0027443410363048315,15.199938835809654,24.532068773575467,9.332129937765814,15,1,63
executed_action_flow,2.7178177568541395,3.2459587193307904,0.5281409624766509,15.947931834381441,26.056114350945574,10.108182516564133,True,,,10,2,11734,10,2,0.00623876228928566,16.9226278834958,33.75549124783489,16.83286336433909,20,1,63
executed_action_flow,1.8117282766548328,1.9813867605433646,0.16965848388853177,18.231199501254753,26.001780707430857,7.770581206176104,True,,,10,2,11734,15,3,0.008808344602584839,18.6286484442062,23.211097779213386,4.582449335007187,25,1,63
executed_action_flow,2.3353271633334254,3.0686538386664295,0.7333266753330041,18.47708450038027,27.352094584012736,8.875010083632468,True,,,10,2,11734,20,4,0.017956731840968132,26.25691047790201,44.51995941019768,18.263048932295668,30,1,63
executed_action_flow,2.0558938791044485,2.1570660561852626,0.10117217708081405,18.31768795180405,23.104814410976605,4.787126459172555,True,,,10,2,11734,25,5,0.025282451882958412,18.079083062704324,32.73342299364552,14.654339930941195,35,1,63
executed_action_flow,2.7178177568541395,3.3306154989985135,0.612797742144374,15.947931834381441,22.719316658802487,6.771384824421046,True,,,15,3,11734,5,1,0.005785266403108835,16.9226278834958,33.83462475327048,16.911996869774683,20,1,63
executed_action_flow,1.8117282766548328,1.7723385757113694,-0.03938970094346339,18.231199501254753,24.758691372728954,6.527491871474201,True,,,15,3,11734,10,2,0.008680082857608795,18.6286484442062,27.022372788821706,8.393724344615507,25,1,63
executed_action_flow,2.3353271633334254,2.917313922131872,0.5819867587984464,18.47708450038027,26.330649416523634,7.853564916143366,True,,,15,3,11734,15,3,0.01750587858259678,26.25691047790201,46.387196042516166,20.130285564614155,30,1,63
executed_action_flow,2.0558938791044485,1.9781014395525884,-0.0777924395518601,18.31768795180405,22.151496264915277,3.833808313111227,True,,,15,3,11734,20,4,0.026234790682792664,18.079083062704324,34.82474336696131,16.745660304256983,35,1,63
executed_action_flow,2.1516667916463676,4.4284044835379825,2.276737691891615,17.142390229999723,31.448435836594935,14.306045606595212,True,,,15,3,11734,25,5,0.03098728321492672,55.092705386408994,79.11041136310924,24.017705976700242,40,1,63
executed_action_flow,1.8117282766548328,2.0493061616499713,0.23757788499513843,18.231199501254753,21.39431163117691,3.1631121299221583,True,,,20,4,11734,5,1,0.004455899819731712,18.6286484442062,15.095772837241318,-3.532875606964881,25,1,63
executed_action_flow,2.3353271633334254,2.975753020670501,0.6404258573370756,18.47708450038027,25.061928541090133,6.584844040709864,True,,,20,4,11734,10,2,0.01307590026408434,26.25691047790201,35.92170286135268,9.664792383450667,30,1,63
executed_action_flow,2.0558938791044485,2.14237090418598,0.08647702508153143,18.31768795180405,21.820040530262833,3.5023525784587832,True,,,20,4,11734,15,3,0.01827862299978733,18.079083062704324,25.606429245287526,7.5273461825832015,35,1,63
executed_action_flow,2.1516667916463676,4.549930624345435,2.398263832699067,17.142390229999723,31.114154902247407,13.971764672247684,True,,,20,4,11734,20,4,0.027708565816283226,55.092705386408994,73.85782961224186,18.765124225832864,40,1,63
executed_action_flow,2.660054847043342,4.708169031941705,2.0481141848983633,16.772888209024366,30.861954169074732,14.089065960050366,True,,,20,4,11734,25,5,0.035896215587854385,54.21659636262784,65.2608700363457,11.044273673717854,45,1,63
executed_action_flow,2.3353271633334254,2.743325098309552,0.4079979349761267,18.47708450038027,21.9150195807314,3.4379350803511315,True,,,25,5,11734,5,1,0.0068989102728664875,26.25691047790201,31.349021620667482,5.0921111427654715,30,1,63
executed_action_flow,2.0558938791044485,1.481263234042106,-0.5746306450623426,18.31768795180405,21.071831056962147,2.7541431051580965,True,,,25,5,11734,10,2,0.009460574947297573,18.079083062704324,22.297236188601847,4.218153125897523,35,1,63
executed_action_flow,2.1516667916463676,3.9103824463167056,1.758715654670338,17.142390229999723,30.375660200075526,13.233269970075803,True,,,25,5,11734,15,3,0.022840559482574463,55.092705386408994,71.86425250386634,16.771547117457345,40,1,63
executed_action_flow,2.660054847043342,4.184645277343983,1.5245904303006412,16.772888209024366,30.316869680555225,13.54398147153086,True,,,25,5,11734,20,4,0.030786922201514244,54.21659636262784,64.5145107577042,10.297914395076361,45,1,63
executed_action_flow,2.009947196557773,1.7709008208910817,-0.2390463756666914,18.75877874460516,25.40026066958341,6.641481924978251,True,,,25,5,11734,25,5,0.0375804603099823,29.178049453633726,33.3683325143314,4.1902830606976735,50,1,63
executed_action_flow,0.32590482525469217,2.529759700687204,2.203854875432512,4.408190354056997,1.3349943181218713,-3.0731960359351262,True,,,0,0,12678,5,1,0.014084938913583755,3.2034137848810915,2.380168117089714,-0.8232456677913773,5,1,14
executed_action_flow,0.05558767683900979,3.6155642345196957,3.559976557680686,5.131068032337441,1.2982851302388683,-3.8327829020985726,True,,,0,0,12678,10,2,0.029819756746292114,20.462605329423443,7.5680450116178655,-12.894560317805578,10,1,14
executed_action_flow,0.5929084135601579,4.303613585844685,3.710705172284527,0.2523117793197636,4.029405074952484,3.7770932956327203,True,,,0,0,12678,15,3,0.027163401246070862,33.500270708018405,27.34741638132806,-6.1528543266903455,15,1,14
executed_action_flow,1.3618716008877034,4.8889061562014176,3.527034555313714,4.164272602925095,9.565897840984164,5.401625238059069,True,,,0,0,12678,20,4,0.030140632763504982,22.006054113255495,14.877445643377834,-7.12860846987766,20,1,14
executed_action_flow,0.12095222263830978,4.182490426198264,4.061538203559954,0.823535226012594,4.215134673661026,3.3915994476484315,True,,,0,0,12678,25,5,0.04254366084933281,10.131133072311691,4.156432705934034,-5.9747003663776574,25,1,14
executed_action_flow,0.05558767683900979,1.4091023589983416,1.3535146821593318,5.131068032337441,1.2856576271737923,-3.8454104051636486,True,,,5,1,12678,5,1,0.02304445393383503,20.462605329423443,21.286358758827948,0.8237534294045048,10,1,14
executed_action_flow,0.5929084135601579,1.641769337980241,1.048860924420083,0.2523117793197636,4.144806225075234,3.8924944457554704,True,,,5,1,12678,10,2,0.02791440300643444,33.500270708018405,36.76052876706267,3.2602580590442614,15,1,14
executed_action_flow,1.3618716008877034,2.34026887873535,0.9783972778476464,4.164272602925095,9.072907109384861,4.908634506459766,True,,,5,1,12678,15,3,0.03191661089658737,22.006054113255495,23.105810665068073,1.099756551812579,20,1,14
executed_action_flow,0.12095222263830978,2.425072507470228,2.304120284831918,0.823535226012594,4.4650677711819675,3.6415325451693734,True,,,5,1,12678,20,4,0.04825558140873909,10.131133072311691,8.77273630855753,-1.3583967637541612,25,1,14
executed_action_flow,0.47257414076287324,5.773507861271864,5.300933720508991,4.879446674967123,6.3177063603138315,1.4382596853467087,True,,,5,1,12678,25,5,0.11014147847890854,9.397671836470936,12.631904038219108,3.2342322017481724,30,1,14
executed_action_flow,0.5929084135601579,0.823830279209119,0.2309218656489611,0.2523117793197636,4.945169379766704,4.69285760044694,True,,,10,2,12678,5,1,0.002168181585147977,33.500270708018405,35.80631648699293,2.3060457789745215,15,1,14
executed_action_flow,1.3618716008877034,1.2257254401618394,-0.13614616072586405,4.164272602925095,10.757386532784903,6.593113929859808,True,,,10,2,12678,10,2,0.005497074220329523,22.006054113255495,19.455528988752157,-2.550525124503338,20,1,14
executed_action_flow,0.12095222263830978,1.5060807999287678,1.385128577290458,0.823535226012594,6.741158283189064,5.91762305717647,True,,,10,2,12678,15,3,0.011056731455028057,10.131133072311691,7.0900739302071125,-3.0410591421045785,25,1,14
executed_action_flow,0.47257414076287324,5.427073836379647,4.954499695616774,4.879446674967123,8.54259932718064,3.663152652213518,True,,,10,2,12678,20,4,0.036293111741542816,9.397671836470936,10.690429715906868,1.292757879435932,30,1,14
executed_action_flow,0.9499599675171595,8.077672177775666,7.127712210258506,9.063327444499153,16.097835234135413,7.03450778963626,True,,,10,2,12678,25,5,0.09043950587511063,65.55023109562741,49.48781162210659,-16.06241947352082,35,1,14
executed_action_flow,1.3618716008877034,1.2750974625772764,-0.08677413831042702,4.164272602925095,8.030782204129894,3.8665096012047986,True,,,15,3,12678,5,1,0.0030157510191202164,22.006054113255495,23.618627324361288,1.6125732111057935,20,1,14
executed_action_flow,0.12095222263830978,1.0376800870276333,0.9167278643893235,0.823535226012594,4.448572957480919,3.625037731468325,True,,,15,3,12678,10,2,0.010123908519744873,10.131133072311691,6.973742632706555,-3.1573904396051358,25,1,14
executed_action_flow,0.47257414076287324,5.2759524858985305,4.803378345135657,4.879446674967123,5.914717419028483,1.0352707440613598,True,,,15,3,12678,15,3,0.04296867176890373,9.397671836470936,8.976555642239912,-0.42111619423102375,30,1,14
executed_action_flow,0.9499599675171595,8.131733125056316,7.181773157539157,9.063327444499153,14.259880625336375,5.196553180837222,True,,,15,3,12678,20,4,0.09915902465581894,65.55023109562741,47.78422436435051,-17.766006731276903,35,1,14
executed_action_flow,0.9307329850035736,5.727212839077518,4.796479854073945,8.147348282492636,6.07192966043841,-2.075418622054227,True,,,15,3,12678,25,5,0.11747121810913086,22.585522094986135,30.938198368699812,8.352676273713676,40,1,14
executed_action_flow,0.12095222263830978,2.092903332659583,1.9719511100212734,0.823535226012594,5.0529517365559595,4.229416510543365,True,,,20,4,12678,5,1,0.013176694512367249,10.131133072311691,10.693470759473488,0.5623376871617971,25,1,14
executed_action_flow,0.47257414076287324,4.926123856988817,4.453549716225944,4.879446674967123,6.153764781351888,1.274318106384765,True,,,20,4,12678,10,2,0.03584269806742668,9.397671836470936,17.17219846313593,7.774526626664995,30,1,14
executed_action_flow,0.9499599675171595,7.794943327272158,6.844983359754998,9.063327444499153,14.6152411128454,5.551913668346247,True,,,20,4,12678,15,3,0.09021516889333725,65.55023109562741,52.302499206094915,-13.247731889532496,35,1,14
executed_action_flow,0.9307329850035736,5.487285369007895,4.556552384004322,8.147348282492636,6.12444126417513,-2.0229070183175066,True,,,20,4,12678,20,4,0.1111011803150177,22.585522094986135,33.0836801776837,10.498158082697568,40,1,14
executed_action_flow,0.03580025425576082,1.4504250034769188,1.414624749221158,2.2892512473742355,9.753584606798839,7.464333359424604,True,,,20,4,12678,25,5,0.48588958382606506,2.8897125394823844,49.27452768206684,46.38481514258446,45,1,14
executed_action_flow,0.47257414076287324,3.8580359500551484,3.3854618092922752,4.879446674967123,4.270069333341911,-0.609377341625212,True,,,25,5,12678,5,1,0.02611234039068222,9.397671836470936,3.7159919607958205,-5.6816798756751155,30,1,14
executed_action_flow,0.9499599675171595,6.073926901725705,5.123966934208545,9.063327444499153,14.551269739861938,5.487942295362785,True,,,25,5,12678,10,2,0.07193540781736374,65.55023109562741,44.805734186584885,-20.744496909042525,35,1,14
executed_action_flow,0.9307329850035736,4.258575318457621,3.327842333454047,8.147348282492636,6.501542295915011,-1.6458059865776251,True,,,25,5,12678,15,3,0.0847427025437355,22.585522094986135,31.411939307035503,8.826417212049368,40,1,14
executed_action_flow,0.03580025425576082,2.451068207451297,2.415267953195536,2.2892512473742355,8.74551320756496,6.456261960190725,True,,,25,5,12678,20,4,0.41095730662345886,2.8897125394823844,45.65931490939297,42.76960236991059,45,1,14
executed_action_flow,0.1197675493750346,6.885964677053936,6.766197127678901,4.879716535367109,14.263323339583104,9.383606804215995,True,,,25,5,12678,25,5,0.7148225903511047,7.656821107129547,50.960649246372896,43.30382813924335,50,1,14
executed_action_flow,6.555369678568118,7.371659246654682,0.8162895680865638,4.374239787002658,4.679436926634061,0.30519713963140305,True,,,0,0,16653,5,1,0.0030429773032665253,16.607890891466017,21.302266047165467,4.694375155699451,5,1,3
executed_action_flow,6.681291046106473,10.09690472548977,3.4156136793832967,3.681579633765354,2.316594188787157,-1.3649854449781973,True,,,0,0,16653,10,2,0.00955638661980629,11.232873865370646,7.9369010397169895,-3.2959728256536565,10,1,3
executed_action_flow,8.27083999050852,10.229574319928098,1.9587343294195776,14.61226644567871,0.9863648191793114,-13.625901626499399,True,,,0,0,16653,15,3,0.05931491777300835,97.5327153322316,52.15094067651825,-45.38177465571335,15,1,3
executed_action_flow,7.485477518983775,9.712091867651251,2.2266143486674768,34.62858346908938,7.382696424135003,-27.245887044954376,True,,,0,0,16653,20,4,0.4880104064941406,342.5725080153349,84.00574273874695,-258.56676527658794,20,1,3
executed_action_flow,7.485477518983775,8.533856915067371,1.0483793960835968,34.62858346908938,19.126445477634032,-15.502137991455346,True,,,0,0,16653,25,5,0.4035501182079315,371.8105064003142,153.5757369154924,-218.23476948482178,25,1,3
executed_action_flow,6.681291046106473,9.12802873134512,2.446737685238647,3.681579633765354,1.3608582649038092,-2.3207213688615447,True,,,5,1,16653,5,1,0.0036402333062142134,11.232873865370646,18.684471862155885,7.451597996785239,10,1,3
executed_action_flow,8.27083999050852,8.801573009775192,0.5307330192666715,14.61226644567871,2.6302082237679945,-11.982058221910716,True,,,5,1,16653,10,2,0.05051014944911003,97.5327153322316,57.70758217052923,-39.825133161702375,15,1,3
executed_action_flow,7.485477518983775,8.9129050932464,1.4274275742626248,34.62858346908938,6.318823270262082,-28.309760198827295,True,,,5,1,16653,15,3,0.48692452907562256,342.5725080153349,85.69947044444555,-256.8730375708893,20,1,3
executed_action_flow,7.485477518983775,8.227017496793719,0.7415399778099445,34.62858346908938,17.99039528427622,-16.638188184813156,True,,,5,1,16653,20,4,0.4058769941329956,371.8105064003142,152.88726704511257,-218.92323935520162,25,1,3
executed_action_flow,7.485477518983775,9.366948748512167,1.8814712295283922,34.62858346908938,20.38300967964698,-14.245573789442396,True,,,5,1,16653,25,5,0.34054532647132874,420.8304096876415,202.82475460068932,-218.0056550869522,30,1,3
executed_action_flow,8.27083999050852,7.513781822904307,-0.757058167604213,14.61226644567871,5.376683265549349,-9.23558318012936,True,,,10,2,16653,5,1,0.03607705980539322,97.5327153322316,63.714793769710774,-33.81792156252083,15,1,3
executed_action_flow,7.485477518983775,6.64763187387665,-0.8378456451071248,34.62858346908938,8.139247025181222,-26.489336443908158,True,,,10,2,16653,10,2,0.4573805332183838,342.5725080153349,90.20256084577476,-252.36994716956013,20,1,3
executed_action_flow,7.485477518983775,6.673176781372498,-0.8123007376112765,34.62858346908938,20.214634807285446,-14.413948661803932,True,,,10,2,16653,15,3,0.38181519508361816,371.8105064003142,156.1707249624341,-215.6397814378801,25,1,3
executed_action_flow,7.485477518983775,8.250212819215083,0.7647353002313082,34.62858346908938,22.85718399750235,-11.771399471587028,True,,,10,2,16653,20,4,0.32718372344970703,420.8304096876415,205.98126760945647,-214.84914207818505,30,1,3
executed_action_flow,7.485477518983775,8.764006969340121,1.2785294503563467,34.62858346908938,13.339738396611507,-21.28884507247787,True,,,10,2,16653,25,5,0.3699236214160919,492.0132033924328,248.36638277876273,-243.64682061367006,35,1,3
executed_action_flow,7.485477518983775,7.825347732083609,0.3398702130998341,34.62858346908938,13.616797824639313,-21.011785644450065,True,,,15,3,16653,5,1,0.32839715480804443,342.5725080153349,120.17962817477901,-222.3928798405559,20,1,3
executed_action_flow,7.485477518983775,3.519815045361011,-3.9656624736227637,34.62858346908938,18.07338438366788,-16.5551990854215,True,,,15,3,16653,10,2,0.3526367247104645,371.8105064003142,172.0152082377302,-199.79529816258398,25,1,3
executed_action_flow,7.485477518983775,7.368872529473316,-0.11660498951045817,34.62858346908938,20.94272995209928,-13.685853516990097,True,,,15,3,16653,15,3,0.3208201229572296,420.8304096876415,213.16622718571253,-207.664182501929,30,1,3
executed_action_flow,7.485477518983775,9.001151137322964,1.5156736183391892,34.62858346908938,12.281060540407218,-22.34752292868216,True,,,15,3,16653,20,4,0.362172394990921,492.0132033924328,254.12417239668338,-237.8890309957494,35,1,3
executed_action_flow,7.485477518983775,16.912723177488814,9.42724565850504,34.62858346908938,18.969200692423968,-15.65938277666541,True,,,15,3,16653,25,5,0.35324668884277344,767.9854173611166,560.3752616963249,-207.6101556647917,40,1,3
executed_action_flow,7.485477518983775,2.343000772124494,-5.1424767468592805,34.62858346908938,41.6680416751546,7.03945820606522,True,,,20,4,16653,5,1,0.029393216595053673,371.8105064003142,343.8779870516793,-27.932519348634855,25,1,3
executed_action_flow,7.485477518983775,2.8219882782391483,-4.663489240744626,34.62858346908938,40.21028709557569,5.581703626486309,True,,,20,4,16653,10,2,0.0645178034901619,420.8304096876415,356.2486159142037,-64.58179377343782,30,1,3
executed_action_flow,7.485477518983775,81.7838381782756,74.29836065929183,34.62858346908938,27.43014146525458,-7.198442003834799,True,,,20,4,16653,15,3,0.7040190696716309,492.0132033924328,354.8820061032775,-137.1311972891553,35,1,3
executed_action_flow,7.485477518983775,68.98862624003728,61.503148721053506,34.62858346908938,9.98690694919129,-24.641676519898088,True,,,20,4,16653,20,4,0.8432849049568176,767.9854173611166,490.2251199234877,-277.7602974376289,40,1,3
executed_action_flow,7.485477518983775,54.79579367307426,47.310316154090486,34.62858346908938,12.639480679599853,-21.989102789489525,True,,,20,4,16653,25,5,0.7541511654853821,960.9588940041629,712.877232492659,-248.08166151150385,45,1,3
executed_action_flow,7.485477518983775,7.6749742873166085,0.1894967683328339,34.62858346908938,34.53856789291315,-0.0900155761762278,True,,,25,5,16653,5,1,0.012560264207422733,420.8304096876415,385.3237670301389,-35.506642657502596,30,1,3
executed_action_flow,7.485477518983775,16.820925435043844,9.335447916060069,34.62858346908938,12.000859263286424,-22.627724205802956,True,,,25,5,16653,10,2,0.20488159358501434,492.0132033924328,364.16267116955544,-127.85053222287735,35,1,3
executed_action_flow,7.485477518983775,25.007808740274566,17.52233122129079,34.62858346908938,3.306735263428897,-31.32184820566048,True,,,25,5,16653,15,3,0.3927198648452759,767.9854173611166,550.0553639857822,-217.9300533753344,40,1,3
executed_action_flow,7.485477518983775,24.60930818333934,17.123830664355566,34.62858346908938,4.367021827293479,-30.2615616417959,True,,,25,5,16653,20,4,0.41339564323425293,960.9588940041629,742.5028327294102,-218.45606127475264,45,1,3
executed_action_flow,7.485477518983775,27.06686488822329,19.581387369239515,34.62858346908938,7.893508363663575,-26.735075105425803,True,,,25,5,16653,25,5,0.4003649652004242,1182.1796706240186,959.3116352838475,-222.8680353401711,50,1,3
